Species	RefSeq ID	Name
Staphylococcus aureus	GCF_000969225.1	ASM96922v1
Escherichia coli	GCF_029536615.1	ASM2953661v1
Escherichia coli	GCF_030708035.1	ASM3070803v1
Salmonella enterica	GCF_028893175.1	ASM2889317v1
Pseudomonas aeruginosa	GCF_023066845.1	ASM2306684v1
Escherichia coli	GCF_024918035.1	ASM2491803v1
Escherichia coli	GCF_002764015.1	ASM276401v1
Escherichia coli	GCF_016903855.1	ASM1690385v1
Enterococcus faecalis	GCF_036542485.1	ASM3654248v1
Escherichia coli	GCF_963575795.1	GENOMIC21-004
Pseudomonas aeruginosa	GCF_033223225.1	ASM3322322v1
Listeria monocytogenes	GCF_013177375.1	ASM1317737v1
Salmonella enterica	GCF_009664795.1	ASM966479v1
Salmonella enterica	GCF_001185245.1	ASM118524v1
Escherichia coli	GCF_001890325.1	ASM189032v1
Bacillus subtilis	GCF_022701095.1	ASM2270109v1
Staphylococcus aureus	GCF_001298325.2	ASM129832v2
Staphylococcus aureus	GCF_032808505.1	ASM3280850v1
Escherichia coli	GCF_030296095.1	ASM3029609v1
Escherichia coli	GCF_014168835.1	ASM1416883v1
Staphylococcus aureus	GCF_022532145.1	ASM2253214v1
Escherichia coli	GCF_002116715.2	ASM211671v2
Escherichia coli	GCF_024918015.1	ASM2491801v1
Pseudomonas aeruginosa	GCF_033219075.1	ASM3321907v1
Staphylococcus aureus	GCF_030533625.1	ASM3053362v1
Escherichia coli	GCF_005222365.1	ASM522236v1
Staphylococcus aureus	GCF_900324255.1	2_LA_86
Escherichia coli	GCF_003031815.1	ASM303181v1
Escherichia coli	GCF_017165055.1	ASM1716505v1
Escherichia coli	GCF_003019115.1	ASM301911v1
Listeria monocytogenes	GCF_021391455.1	ASM2139145v1
Staphylococcus aureus	GCF_900474735.1	40871_F01
Salmonella enterica	GCF_032938035.1	ASM3293803v1
Escherichia coli	GCF_037539565.1	ASM3753956v1
Escherichia coli	GCF_027570235.2	ASM2757023v2
Salmonella enterica	GCF_037823755.1	ASM3782375v1
Pseudomonas aeruginosa	GCF_013260445.1	ASM1326044v1
Escherichia coli	GCF_003018795.1	ASM301879v1
Enterococcus faecalis	GCF_029000425.1	ASM2900042v1
Escherichia coli	GCF_030389925.1	ASM3038992v1
Staphylococcus aureus	GCF_009912295.1	ASM991229v1
Salmonella enterica	GCF_001652385.2	ASM165238v2
Staphylococcus aureus	GCF_007826355.1	ASM782635v1
Salmonella enterica	GCF_009729975.1	ASM972997v1
Escherichia coli	GCF_000988465.1	ASM98846v1
Escherichia coli	GCF_022493375.1	ASM2249337v1
Pseudomonas aeruginosa	GCF_021497325.1	ASM2149732v1
Salmonella enterica	GCF_019426245.1	ASM1942624v1
Salmonella enterica	GCF_012051625.1	ASM1205162v1
Escherichia coli	GCF_004022505.2	ASM402250v2
Salmonella enterica	GCF_000732045.2	ASM73204v2
Escherichia coli	GCF_021534925.1	ASM2153492v1
Listeria monocytogenes	GCF_026976295.1	ASM2697629v1
Listeria monocytogenes	GCF_018336755.1	ASM1833675v1
Escherichia coli	GCF_011045295.1	ASM1104529v1
Pseudomonas aeruginosa	GCF_032231085.1	ASM3223108v1
Salmonella enterica	GCF_023612355.1	ASM2361235v1
Salmonella enterica	GCF_009497855.1	ASM949785v1
Escherichia coli	GCF_955652485.1	ARM42.1
Escherichia coli	GCF_025946545.1	ASM2594654v1
Staphylococcus aureus	GCF_013187685.1	ASM1318768v1
Escherichia coli	GCF_029988835.1	ASM2998883v1
Salmonella enterica	GCF_005160385.1	ASM516038v1
Escherichia coli	GCF_025369735.1	ASM2536973v1
Pseudomonas aeruginosa	GCF_021513375.1	ASM2151337v1
Escherichia coli	GCF_037525705.1	ASM3752570v1
Listeria monocytogenes	GCF_029872235.2	ASM2987223v2
Listeria monocytogenes	GCF_029872415.2	ASM2987241v2
Escherichia coli	GCF_029625135.1	ASM2962513v1
Pseudomonas aeruginosa	GCF_039622815.1	ASM3962281v1
Escherichia coli	GCF_003308975.1	ASM330897v1
Listeria monocytogenes	GCF_000307065.1	ASM30706v1
Salmonella enterica	GCF_026153595.1	ASM2615359v1
Escherichia coli	GCF_002285755.1	ASM228575v1
Escherichia coli	GCF_900622635.1	B36
Enterococcus faecalis	GCF_022213025.1	ASM2221302v1
Escherichia coli	GCF_025369695.1	ASM2536969v1
Escherichia coli	GCF_030996645.1	ASM3099664v1
Salmonella enterica	GCF_024364825.1	ASM2436482v1
Escherichia coli	GCF_014863645.1	ASM1486364v1
Escherichia coli	GCF_037561805.1	ASM3756180v1
Escherichia coli	GCF_029989965.1	ASM2998996v1
Enterococcus faecalis	GCF_002355755.1	ASM235575v1
Escherichia coli	GCF_022493875.1	ASM2249387v1
Escherichia coli	GCF_030166535.1	ASM3016653v1
Salmonella enterica	GCF_037779835.1	ASM3777983v1
Staphylococcus aureus	GCF_002000685.1	ASM200068v1
Listeria monocytogenes	GCF_002214105.1	ASM221410v1
Salmonella enterica	GCF_014394985.2	ASM1439498v2
Staphylococcus aureus	GCF_007813675.1	ASM781367v1
Staphylococcus aureus	GCF_034033475.1	ASM3403347v1
Escherichia coli	GCF_037101415.1	ASM3710141v1
Escherichia coli	GCF_030013865.1	ASM3001386v1
Escherichia coli	GCF_016903995.1	ASM1690399v1
Escherichia coli	GCF_006537505.2	ASM653750v3
Salmonella enterica	GCF_020736345.1	ASM2073634v1
Escherichia coli	GCF_037275385.1	ASM3727538v1
Escherichia coli	GCF_022559685.1	ASM2255968v1
Staphylococcus aureus	GCF_024723375.2	ASM2472337v2
Staphylococcus aureus	GCF_001986135.1	ASM198613v1
Enterococcus faecalis	GCF_000550745.1	ASM55074v1
Salmonella enterica	GCF_037774005.1	ASM3777400v1
Staphylococcus aureus	GCF_009912555.1	ASM991255v1
Escherichia coli	GCF_020423225.1	ASM2042322v1
Bacillus subtilis	GCF_035658515.1	ASM3565851v1
Staphylococcus aureus	GCF_003193705.1	ASM319370v1
Escherichia coli	GCF_008124205.1	ASM812420v1
Escherichia coli	GCF_005484365.1	ASM548436v1
Salmonella enterica	GCF_037784635.1	ASM3778463v1
Escherichia coli	GCF_008761495.2	ASM876149v2
Escherichia coli	GCF_002741435.1	ASM274143v1
Bacillus subtilis	GCF_905312035.2	NRS6120B
Salmonella enterica	GCF_000430105.1	ASM43010v1
Listeria monocytogenes	GCF_001999085.1	ASM199908v1
Bacillus subtilis	GCF_033403035.1	ASM3340303v1
Pseudomonas aeruginosa	GCF_040571335.1	MRSN100690
Salmonella enterica	GCF_037844905.1	ASM3784490v1
Escherichia coli	GCF_000493595.2	EcoPMV1
Staphylococcus aureus	GCF_001611345.1	ASM161134v1
Staphylococcus aureus	GCF_000815245.1	ASM81524v1
Staphylococcus aureus	GCF_030533915.1	ASM3053391v1
Escherichia coli	GCF_000023365.1	ASM2336v1
Bacillus subtilis	GCF_024508195.1	ASM2450819v1
Staphylococcus aureus	GCF_040702945.1	ASM4070294v1
Salmonella enterica	GCF_016454345.1	ASM1645434v1
Pseudomonas aeruginosa	GCF_900497025.1	ASM90049702v1
Staphylococcus aureus	GCF_013307025.1	ASM1330702v1
Escherichia coli	GCF_025369715.1	ASM2536971v1
Bacillus subtilis	GCF_003665335.1	ASM366533v1
Staphylococcus aureus	GCF_009912255.1	ASM991225v1
Escherichia coli	GCF_036501905.1	ASM3650190v1
Escherichia coli	GCF_024584945.1	ASM2458494v1
Bacillus subtilis	GCF_027923485.1	ASM2792348v1
Salmonella enterica	GCF_001975605.1	ASM197560v1
Escherichia coli	GCF_038396705.1	ASM3839670v1
Pseudomonas aeruginosa	GCF_001687285.1	ASM168728v1
Escherichia coli	GCF_008642415.1	ASM864241v1
Salmonella enterica	GCF_003718055.1	ASM371805v1
Pseudomonas aeruginosa	GCF_038397815.1	ASM3839781v1
Escherichia coli	GCF_025995895.1	ASM2599589v1
Staphylococcus aureus	GCF_002355355.1	ASM235535v1
Escherichia coli	GCF_013167875.1	ASM1316787v1
Escherichia coli	GCF_001721125.1	ASM172112v1
Bacillus subtilis	GCF_037997165.1	ASM3799716v1
Enterococcus faecalis	GCF_012594215.1	ASM1259421v1
Escherichia coli	GCF_030295525.1	ASM3029552v1
Escherichia coli	GCF_022494785.1	ASM2249478v1
Escherichia coli	GCF_019614825.1	ASM1961482v1
Staphylococcus aureus	GCF_001717645.1	ASM171764v3
Staphylococcus aureus	GCF_038024695.1	WGS_using_MinION_R10.4.1_of_Staphylococcus_aureus_TUM22750
Escherichia coli	GCF_021378315.1	ASM2137831v1
Escherichia coli	GCF_029536675.1	ASM2953667v1
Listeria monocytogenes	GCF_900637785.1	52592_C02
Escherichia coli	GCF_001932515.1	ASM193251v1
Pseudomonas aeruginosa	GCF_036233255.1	ASM3623325v1
Escherichia coli	GCF_001558995.2	ASM155899v2
Pseudomonas aeruginosa	GCF_001516265.1	ASM151626v1
Pseudomonas aeruginosa	GCF_007559065.1	ASM755906v1
Escherichia coli	GCF_036496145.1	ASM3649614v1
Escherichia coli	GCF_008462425.1	ASM846242v1
Staphylococcus aureus	GCF_007726565.1	ASM772656v1
Salmonella enterica	GCF_030122395.1	ASM3012239v1
Salmonella enterica	GCF_037888865.1	ASM3788886v1
Staphylococcus aureus	GCF_000815125.1	ASM81512v1
Escherichia coli	GCF_016756455.1	ASM1675645v1
Salmonella enterica	GCF_020715045.1	ASM2071504v1
Pseudomonas aeruginosa	GCF_007559085.1	ASM755908v1
Salmonella enterica	GCF_009387895.1	ASM938789v1
Pseudomonas aeruginosa	GCF_018598285.3	ASM1859828v3
Enterococcus faecalis	GCF_030020645.1	ASM3002064v1
Escherichia coli	GCF_002848225.1	ASM284822v1
Salmonella enterica	GCF_963575775.1	GENOMIC21-002
Escherichia coli	GCF_008931865.1	ASM893186v1
Pseudomonas aeruginosa	GCF_029962145.1	ASM2996214v1
Salmonella enterica	GCF_037828885.1	ASM3782888v1
Salmonella enterica	GCF_003718095.1	ASM371809v1
Salmonella enterica	GCF_014524585.1	ASM1452458v1
Staphylococcus aureus	GCF_022406795.1	ASM2240679v1
Escherichia coli	GCF_011769865.1	ASM1176986v1
Pseudomonas aeruginosa	GCF_036233215.1	ASM3623321v1
Salmonella enterica	GCF_029580835.1	ASM2958083v1
Salmonella enterica	GCF_028893115.1	ASM2889311v1
Escherichia coli	GCF_024585885.1	ASM2458588v1
Escherichia coli	GCF_002180055.1	ASM218005v1
Pseudomonas aeruginosa	GCF_030444595.1	ASM3044459v1
Escherichia coli	GCF_037094605.1	ASM3709460v1
Escherichia coli	GCF_030998165.1	ASM3099816v1
Salmonella enterica	GCF_004919365.1	ASM491936v1
Salmonella enterica	GCF_026873425.1	ASM2687342v1
Pseudomonas aeruginosa	GCF_033221155.1	ASM3322115v1
Escherichia coli	GCF_009913415.1	ASM991341v1
Staphylococcus aureus	GCF_020150915.1	ASM2015091v1
Escherichia coli	GCF_964046655.1	30224_1_273
Escherichia coli	GCF_030168735.1	ASM3016873v1
Escherichia coli	GCF_008124365.1	ASM812436v1
Escherichia coli	GCF_900088105.1	ASM90008810v2
Staphylococcus aureus	GCF_030644025.1	ASM3064402v1
Pseudomonas aeruginosa	GCF_021513415.1	ASM2151341v1
Escherichia coli	GCF_036507615.1	ASM3650761v1
Salmonella enterica	GCF_030440615.1	ASM3044061v1
Salmonella enterica	GCF_022162985.1	ASM2216298v1
Staphylococcus aureus	GCF_025559605.1	ASM2555960v1
Escherichia coli	GCF_000245515.1	ASM24551v1
Escherichia coli	GCF_021166415.1	ASM2116641v1
Bacillus subtilis	GCF_025732155.1	ASM2573215v1
Escherichia coli	GCF_020540965.1	ASM2054096v1
Pseudomonas aeruginosa	GCF_029961625.1	ASM2996162v1
Staphylococcus aureus	GCF_900635305.1	40961_G01
Escherichia coli	GCF_037573545.1	ASM3757354v1
Salmonella enterica	GCF_037780985.1	ASM3778098v1
Escherichia coli	GCF_002201835.1	ASM220183v1
Salmonella enterica	GCF_024494525.1	ASM2449452v1
Escherichia coli	GCF_026248865.1	ASM2624886v1
Escherichia coli	GCF_022493175.1	ASM2249317v1
Listeria monocytogenes	GCF_900187225.1	51881_G01
Salmonella enterica	GCF_004847565.1	ASM484756v1
Salmonella enterica	GCF_004847345.1	ASM484734v1
Escherichia coli	GCF_030162155.2	ASM3016215v2
Escherichia coli	GCF_036497705.1	ASM3649770v1
Staphylococcus aureus	GCF_020389525.1	ASM2038952v1
Escherichia coli	GCF_017164975.1	ASM1716497v1
Salmonella enterica	GCF_006165145.1	ASM616514v1
Escherichia coli	GCF_037273335.1	ASM3727333v1
Escherichia coli	GCF_032375145.1	ASM3237514v1
Staphylococcus aureus	GCF_000284535.1	ASM28453v1
Enterococcus faecalis	GCF_036352235.1	ASM3635223v1
Staphylococcus aureus	GCF_001019305.2	ASM101930v2
Escherichia coli	GCF_040267595.1	MRSN130119
Salmonella enterica	GCF_009667855.1	ASM966785v1
Enterococcus faecalis	GCF_020616935.1	ASM2061693v1
Escherichia coli	GCF_030996525.1	ASM3099652v1
Salmonella enterica	GCF_000486365.2	ASM48636v2
Staphylococcus aureus	GCF_037343325.1	BSN140
Escherichia coli	GCF_002180215.1	ASM218021v1
Escherichia coli	GCF_029990605.1	ASM2999060v1
Escherichia coli	GCF_030345475.1	ASM3034547v1
Escherichia coli	GCF_018798845.1	ASM1879884v1
Pseudomonas aeruginosa	GCF_027595005.1	ASM2759500v1
Salmonella enterica	GCF_015052805.1	ASM1505280v1
Escherichia coli	GCF_037760445.1	ASM3776044v1
Staphylococcus aureus	GCF_030064025.1	ASM3006402v1
Salmonella enterica	GCF_037838505.1	ASM3783850v1
Escherichia coli	GCF_023653825.1	ASM2365382v1
Salmonella enterica	GCF_003589865.1	ASM358986v1
Pseudomonas aeruginosa	GCF_013467585.1	ASM1346758v1
Escherichia coli	GCF_038396355.1	ASM3839635v1
Escherichia coli	GCF_003018935.1	ASM301893v1
Bacillus subtilis	GCF_021172185.1	ASM2117218v1
Escherichia coli	GCF_900636235.1	39610_B01
Escherichia coli	GCF_963575455.1	F467
Escherichia coli	GCF_031662355.1	ASM3166235v1
Staphylococcus aureus	GCF_009684655.1	ASM968465v1
Staphylococcus aureus	GCF_001019575.2	ASM101957v2
Staphylococcus aureus	GCF_001611325.1	ASM161132v1
Enterococcus faecalis	GCF_023375465.1	ASM2337546v1
Escherichia coli	GCF_039926885.1	ASM3992688v1
Limosilactobacillus fermentum	GCF_022819245.1	ASM2281924v1
Escherichia coli	GCF_023657935.1	ASM2365793v1
Salmonella enterica	GCF_003071545.1	ASM307154v1
Bacillus subtilis	GCF_005160425.1	ASM516042v1
Salmonella enterica	GCF_003718415.1	ASM371841v1
Pseudomonas aeruginosa	GCF_001632245.1	ASM163224v1
Staphylococcus aureus	GCF_025561625.1	ASM2556162v1
Escherichia coli	GCF_026506335.1	ASM2650633v1
Escherichia coli	GCF_024585485.1	ASM2458548v1
Staphylococcus aureus	GCF_009739825.1	ASM973982v1
Escherichia coli	GCF_003956265.1	ASM395626v1
Escherichia coli	GCF_001886535.1	ASM188653v1
Salmonella enterica	GCF_030505835.1	ASM3050583v1
Escherichia coli	GCF_013371745.1	ASM1337174v1
Staphylococcus aureus	GCF_900474675.1	40961_F01
Enterococcus faecalis	GCF_003030425.1	ASM303042v1
Escherichia coli	GCF_003112205.1	ASM311220v1
Escherichia coli	GCF_015571655.1	ASM1557165v1
Staphylococcus aureus	GCF_000245495.1	ASM24549v1
Pseudomonas aeruginosa	GCF_029961445.1	ASM2996144v1
Escherichia coli	GCF_003591595.1	ASM359159v1
Staphylococcus aureus	GCF_022221525.1	ASM2222152v1
Salmonella enterica	GCF_000505365.2	ASM50536v2
Enterococcus faecalis	GCF_031208705.1	ASM3120870v1
Salmonella enterica	GCF_001705365.1	ASM170536v1
Salmonella enterica	GCF_012053905.1	ASM1205390v1
Pseudomonas aeruginosa	GCF_036233175.1	ASM3623317v1
Escherichia coli	GCF_014863825.1	ASM1486382v1
Escherichia coli	GCF_900474495.1	38344_F01
Bacillus subtilis	GCF_008831405.1	ASM883140v1
Escherichia coli	GCF_036495925.1	ASM3649592v1
Pseudomonas aeruginosa	GCF_025985465.1	ASM2598546v1
Escherichia coli	GCF_010668985.1	ASM1066898v1
Pseudomonas aeruginosa	GCF_021497425.1	ASM2149742v1
Escherichia coli	GCF_023653905.1	ASM2365390v1
Salmonella enterica	GCF_000623655.2	ASM62365v2
Escherichia coli	GCF_015534975.1	ASM1553497v1
Escherichia coli	GCF_001307215.1	ASM130721v1
Pseudomonas aeruginosa	GCF_029961325.1	ASM2996132v1
Salmonella enterica	GCF_029166965.1	ASM2916696v1
Escherichia coli	GCF_004368015.1	ASM436801v1
Listeria monocytogenes	GCF_029872215.2	ASM2987221v2
Escherichia coli	GCF_025369775.1	ASM2536977v1
Salmonella enterica	GCF_030122555.1	ASM3012255v1
Escherichia coli	GCF_030996425.1	ASM3099642v1
Escherichia coli	GCF_016776305.1	ASM1677630v1
Salmonella enterica	GCF_001360555.2	2010_7898
Escherichia coli	GCF_013167475.1	ASM1316747v1
Escherichia coli	GCF_005037795.1	ASM503779v2
Escherichia coli	GCF_024918915.1	ASM2491891v1
Staphylococcus aureus	GCF_030252775.1	ASM3025277v1
Escherichia coli	GCF_005221605.1	ASM522160v1
Salmonella enterica	GCF_014524605.1	ASM1452460v1
Escherichia coli	GCF_029227835.1	ASM2922783v1
Salmonella enterica	GCF_024137945.1	ASM2413794v1
Escherichia coli	GCF_028752715.1	ASM2875271v1
Escherichia coli	GCF_030438455.1	ASM3043845v1
Salmonella enterica	GCF_027942115.1	ASM2794211v1
Staphylococcus aureus	GCF_018968725.1	ASM1896872v1
Escherichia coli	GCF_011404355.1	ASM1140435v1
Staphylococcus aureus	GCF_037951045.1	BSN125
Salmonella enterica	GCF_003717435.1	ASM371743v1
Escherichia coli	GCF_026723745.1	ASM2672374v1
Escherichia coli	GCF_012974805.1	ASM1297480v1
Salmonella enterica	GCF_014334235.1	ASM1433423v1
Escherichia coli	GCF_034423795.1	ASM3442379v1
Escherichia coli	GCF_022760215.1	ASM2276021v1
Escherichia coli	GCF_008124285.1	ASM812428v1
Staphylococcus aureus	GCF_001019275.2	ASM101927v2
Escherichia coli	GCF_013282335.1	ASM1328233v1
Listeria monocytogenes	GCF_000168575.2	ASM16857v2
Salmonella enterica	GCF_001620225.1	ASM162022v1
Listeria monocytogenes	GCF_040235205.1	ASM4023520v1
Salmonella enterica	GCF_031036675.1	ASM3103667v1
Salmonella enterica	GCF_008124445.1	ASM812444v1
Salmonella enterica	GCF_018311215.1	ASM1831121v2
Bacillus subtilis	GCF_025426155.1	ASM2542615v1
Pseudomonas aeruginosa	GCF_003193645.1	ASM319364v1
Salmonella enterica	GCF_037776265.1	ASM3777626v1
Salmonella enterica	GCF_004847625.1	ASM484762v1
Escherichia coli	GCF_019969505.1	ASM1996950v1
Escherichia coli	GCF_029855145.1	ASM2985514v1
Escherichia coli	GCF_024467035.1	ASM2446703v1
Escherichia coli	GCF_036884535.1	ASM3688453v1
Escherichia coli	GCF_013167735.1	ASM1316773v1
Escherichia coli	GCF_027944955.1	ASM2794495v1
Staphylococcus aureus	GCF_030644105.1	ASM3064410v1
Escherichia coli	GCF_025853875.1	ASM2585387v1
Escherichia coli	GCF_013167755.1	ASM1316775v1
Escherichia coli	GCF_029625195.1	ASM2962519v1
Escherichia coli	GCF_026506415.1	ASM2650641v1
Escherichia coli	GCF_024331345.2	ASM2433134v2
Escherichia coli	GCF_002164975.2	ASM216497v2
Escherichia coli	GCF_002055605.1	ASM205560v1
Escherichia coli	GCF_023518355.1	ASM2351835v1
Escherichia coli	GCF_027945195.1	ASM2794519v1
Pseudomonas aeruginosa	GCF_019710495.1	ASM1971049v1
Escherichia coli	GCF_016904115.1	ASM1690411v1
Salmonella enterica	GCF_031183715.1	ASM3118371v1
Staphylococcus aureus	GCF_002089075.2	ASM208907v2
Listeria monocytogenes	GCF_000800335.1	ASM80033v1
Escherichia coli	GCF_902810325.1	SC423
Listeria monocytogenes	GCF_000438585.1	ASM43858v1
Salmonella enterica	GCF_003717935.1	ASM371793v1
Escherichia coli	GCF_036884775.1	ASM3688477v1
Staphylococcus aureus	GCF_030544845.1	ASM3054484v1
Pseudomonas aeruginosa	GCF_036232665.1	ASM3623266v1
Escherichia coli	GCF_024585425.1	ASM2458542v1
Escherichia coli	GCF_030996445.1	ASM3099644v1
Staphylococcus aureus	GCF_022693305.1	ASM2269330v1
Escherichia coli	GCF_030012665.1	ASM3001266v1
Staphylococcus aureus	GCF_036492515.1	ASM3649251v1
Escherichia coli	GCF_036884785.1	ASM3688478v1
Salmonella enterica	GCF_003999215.1	ASM399921v1
Escherichia coli	GCF_019971035.1	ASM1997103v1
Staphylococcus aureus	GCF_022405075.1	ASM2240507v1
Escherichia coli	GCF_003018555.1	ASM301855v1
Staphylococcus aureus	GCF_020042725.1	ASM2004272v1
Salmonella enterica	GCF_031039035.1	ASM3103903v1
Escherichia coli	GCF_021513335.1	ASM2151333v1
Escherichia coli	GCF_000017985.1	ASM1798v1
Escherichia coli	GCF_001663075.1	ASM166307v1
Staphylococcus aureus	GCF_026547075.1	ASM2654707v1
Staphylococcus aureus	GCF_027943925.1	ASM2794392v1
Staphylococcus aureus	GCF_900474575.1	40415_F02
Escherichia coli	GCF_020526725.2	ASM2052672v2
Escherichia coli	GCF_030515495.1	ASM3051549v1
Staphylococcus aureus	GCF_037809465.1	BSN76
Pseudomonas aeruginosa	GCF_036236995.1	ASM3623699v1
Salmonella enterica	GCF_020715365.1	ASM2071536v1
Salmonella enterica	GCF_004194615.2	ASM419461v2
Escherichia coli	GCF_037575825.1	ASM3757582v1
Escherichia coli	GCF_036702575.1	ASM3670257v1
Salmonella enterica	GCF_020714825.1	ASM2071482v1
Pseudomonas aeruginosa	GCF_013343435.1	ASM1334343v1
Bacillus subtilis	GCF_000227485.1	ASM22748v1
Escherichia coli	GCF_001559615.2	ASM155961v2
Escherichia coli	GCF_022058205.1	ASM2205820v1
Salmonella enterica	GCF_000272775.4	ASM27277v4
Listeria monocytogenes	GCF_018672415.1	ASM1867241v1
Limosilactobacillus fermentum	GCF_018732245.1	ASM1873224v1
Escherichia coli	GCF_025200675.1	ASM2520067v1
Escherichia coli	GCF_035974135.1	ASM3597413v1
Escherichia coli	GCF_016903815.1	ASM1690381v1
Staphylococcus aureus	GCF_020702585.2	ASM2070258v2
Escherichia coli	GCF_025159115.1	ASM2515911v1
Salmonella enterica	GCF_012530335.1	ASM1253033v1
Pseudomonas aeruginosa	GCF_036233195.1	ASM3623319v1
Salmonella enterica	GCF_016454365.1	ASM1645436v1
Escherichia coli	GCF_029990415.1	ASM2999041v1
Enterococcus faecalis	GCF_028335425.1	ASM2833542v1
Bacillus subtilis	GCF_000338735.1	ASM33873v1
Salmonella enterica	GCF_030913615.1	ASM3091361v1
Escherichia coli	GCF_022759905.1	ASM2275990v1
Escherichia coli	GCF_027944995.1	ASM2794499v1
Salmonella enterica	GCF_037868635.1	ASM3786863v1
Escherichia coli	GCF_016944635.1	ASM1694463v1
Pseudomonas aeruginosa	GCF_038431925.1	ASM3843192v1
Salmonella enterica	GCF_000272895.2	ASM27289v3
Escherichia coli	GCF_035582475.1	ASM3558247v1
Staphylococcus aureus	GCF_030534015.1	ASM3053401v1
Staphylococcus aureus	GCF_025559745.1	ASM2555974v1
Staphylococcus aureus	GCF_002088995.1	ASM208899v1
Escherichia coli	GCF_021498165.1	ASM2149816v1
Staphylococcus aureus	GCF_002000645.1	ASM200064v1
Escherichia coli	GCF_000023665.1	ASM2366v1
Escherichia coli	GCF_033098385.1	ASM3309838v1
Pseudomonas aeruginosa	GCF_033393195.1	ASM3339319v1
Escherichia coli	GCF_016404485.2	ASM1640448v2
Enterococcus faecalis	GCF_030517475.1	ASM3051747v1
Escherichia coli	GCF_016776285.1	ASM1677628v1
Pseudomonas aeruginosa	GCF_015697665.1	ASM1569766v1
Escherichia coli	GCF_013167575.1	ASM1316757v1
Salmonella enterica	GCF_029814235.1	ASM2981423v1
Escherichia coli	GCF_016904335.1	ASM1690433v1
Staphylococcus aureus	GCF_037219465.1	BSN102-2_Contigs
Salmonella enterica	GCF_037888835.1	ASM3788883v1
Escherichia coli	GCF_020526765.2	ASM2052676v2
Escherichia coli	GCF_020149645.1	ASM2014964v1
Pseudomonas aeruginosa	GCF_001594325.2	ASM159432v2
Escherichia coli	GCF_007990655.1	ASM799065v1
Escherichia coli	GCF_020883515.1	ASM2088351v1
Bacillus subtilis	GCF_004119535.1	ASM411953v1
Escherichia coli	GCF_029223605.1	ASM2922360v1
Escherichia coli	GCF_039679135.1	ASM3967913v1
Escherichia coli	GCF_037094585.1	ASM3709458v1
Escherichia coli	GCF_027944935.1	ASM2794493v1
Staphylococcus aureus	GCF_024741675.1	ASM2474167v1
Escherichia coli	GCF_032164495.1	ASM3216449v1
Escherichia coli	GCF_019551835.1	ASM1955183v1
Staphylococcus aureus	GCF_021172945.1	ASM2117294v1
Salmonella enterica	GCF_037844235.1	ASM3784423v1
Pseudomonas aeruginosa	GCF_001547955.1	ASM154795v1
Escherichia coli	GCF_030012765.1	ASM3001276v1
Salmonella enterica	GCF_029692025.1	ASM2969202v1
Salmonella enterica	GCF_013416235.1	ASM1341623v1
Salmonella enterica	GCF_004792455.1	ASM479245v1
Escherichia coli	GCF_013167975.1	ASM1316797v1
Bacillus subtilis	GCF_003665295.1	ASM366529v1
Escherichia coli	GCF_035666355.1	ASM3566635v1
Escherichia coli	GCF_037565025.1	ASM3756502v1
Salmonella enterica	GCF_013376935.1	ASM1337693v1
Bacillus subtilis	GCF_006088795.1	ASM608879v1
Enterococcus faecalis	GCF_030376825.1	ASM3037682v1
Salmonella enterica	GCF_003718135.1	ASM371813v1
Salmonella enterica	GCF_000027025.1	ASM2702v1
Escherichia coli	GCF_030285585.1	ASM3028558v1
Escherichia coli	GCF_002899495.1	ASM289949v1
Escherichia coli	GCF_001735705.1	ASM173570v1
Salmonella enterica	GCF_029592105.1	ASM2959210v1
Escherichia coli	GCF_021496445.1	ASM2149644v1
Salmonella enterica	GCF_031021005.1	ASM3102100v1
Escherichia coli	GCF_001888075.1	ASM188807v1
Pseudomonas aeruginosa	GCF_014490645.1	ASM1449064v1
Escherichia coli	GCF_025426175.1	ASM2542617v1
Staphylococcus aureus	GCF_022226995.1	ASM2222699v1
Escherichia coli	GCF_019426265.1	ASM1942626v1
Salmonella enterica	GCF_015052785.1	ASM1505278v1
Pseudomonas aeruginosa	GCF_026625905.1	ASM2662590v1
Staphylococcus aureus	GCF_003354925.1	ASM335492v1
Salmonella enterica	GCF_000750455.1	ASM75045v1
Escherichia coli	GCF_904866495.1	MSB1_6C
Salmonella enterica	GCF_001409195.1	C2346
Escherichia coli	GCF_004564035.1	ASM456403v1
Escherichia coli	GCF_019428565.1	ASM1942856v1
Salmonella enterica	GCF_000626695.2	ASM62669v2
Escherichia coli	GCF_023612455.1	ASM2361245v1
Salmonella enterica	GCF_004354225.1	ASM435422v1
Staphylococcus aureus	GCF_009739755.1	ASM973975v1
Staphylococcus aureus	GCF_020388925.1	ASM2038892v1
Escherichia coli	GCF_019443605.1	ASM1944360v1
Escherichia coli	GCF_018966845.1	ASM1896684v1
Staphylococcus aureus	GCF_038430115.1	ASM3843011v1
Enterococcus faecalis	GCF_029167565.1	ASM2916756v1
Pseudomonas aeruginosa	GCF_031211485.1	ASM3121148v1
Salmonella enterica	GCF_009648795.1	ASM964879v1
Salmonella enterica	GCF_016454325.1	ASM1645432v1
Escherichia coli	GCF_016889085.1	ASM1688908v1
Pseudomonas aeruginosa	GCF_018279265.1	ASM1827926v1
Escherichia coli	GCF_040571355.1	ASM4057135v1
Escherichia coli	GCF_021399015.1	ASM2139901v1
Escherichia coli	GCF_029990275.1	ASM2999027v1
Escherichia coli	GCF_024584965.1	ASM2458496v1
Staphylococcus aureus	GCF_027920385.1	ASM2792038v1
Escherichia coli	GCF_020091645.1	ASM2009164v1
Staphylococcus aureus	GCF_009912755.1	ASM991275v1
Escherichia coli	GCF_022558745.1	ASM2255874v1
Salmonella enterica	GCF_003717015.1	ASM371701v1
Escherichia coli	GCF_904863255.1	MINF_9A
Escherichia coli	GCF_013389695.1	ASM1338969v1
Escherichia coli	GCF_014607535.1	ASM1460753v1
Salmonella enterica	GCF_002234475.1	ASM223447v1
Listeria monocytogenes	GCF_004142705.1	ASM414270v2
Limosilactobacillus fermentum	GCF_029537335.1	ASM2953733v1
Staphylococcus aureus	GCF_004772175.1	ASM477217v1
Salmonella enterica	GCF_000973645.1	ASM97364v1
Staphylococcus aureus	GCF_003264775.1	ASM326477v1
Escherichia coli	GCF_013167075.1	ASM1316707v1
Listeria monocytogenes	GCF_001188655.1	ASM118865v1
Salmonella enterica	GCF_020410865.1	ASM2041086v1
Salmonella enterica	GCF_002761055.1	ASM276105v1
Escherichia coli	GCF_001566615.1	ASM156661v1
Escherichia coli	GCF_012934555.1	ASM1293455v1
Escherichia coli	GCF_017164755.1	ASM1716475v1
Staphylococcus aureus	GCF_002952015.1	ASM295201v1
Escherichia coli	GCF_037569855.1	ASM3756985v1
Enterococcus faecalis	GCF_035621375.1	ASM3562137v1
Escherichia coli	GCF_036501105.1	ASM3650110v1
Escherichia coli	GCF_949786345.1	EC0026B_R1
Pseudomonas aeruginosa	GCF_023520735.1	ASM2352073v1
Escherichia coli	GCF_001420935.1	ASM142093v1
Salmonella enterica	GCF_034448035.1	ASM3444803v1
Staphylococcus aureus	GCF_001887075.1	ASM188707v1
Escherichia coli	GCF_029991165.1	ASM2999116v1
Pseudomonas aeruginosa	GCF_022810885.1	ASM2281088v1
Salmonella enterica	GCF_020715425.1	ASM2071542v1
Salmonella enterica	GCF_018336435.1	ASM1833643v1
Bacillus subtilis	GCF_004103535.1	ASM410353v1
Staphylococcus aureus	GCF_026167725.1	ASM2616772v1
Escherichia coli	GCF_017161035.1	ASM1716103v1
Pseudomonas aeruginosa	GCF_019857325.1	ASM1985732v1
Listeria monocytogenes	GCF_000306905.1	ASM30690v1
Escherichia coli	GCF_030389715.1	ASM3038971v1
Escherichia coli	GCF_016659085.1	ASM1665908v1
Escherichia coli	GCF_029989825.1	ASM2998982v1
Bacillus subtilis	GCF_003665315.1	ASM366531v1
Escherichia coli	GCF_024125695.1	ASM2412569v1
Enterococcus faecalis	GCF_033813895.1	ASM3381389v1
Escherichia coli	GCF_029991095.1	ASM2999109v1
Salmonella enterica	GCF_037867775.1	ASM3786777v1
Escherichia coli	GCF_030166515.1	ASM3016651v1
Staphylococcus aureus	GCF_026625345.1	ASM2662534v1
Staphylococcus aureus	GCF_000011505.1	ASM1150v1
Bacillus subtilis	GCF_040008285.1	ASM4000828v1
Escherichia coli	GCF_030717665.1	ASM3071766v1
Listeria monocytogenes	GCF_002213845.1	ASM221384v1
Salmonella enterica	GCF_002952975.1	ASM295297v1
Bacillus subtilis	GCF_028541545.1	ASM2854154v1
Escherichia coli	GCF_902810285.1	SC406
Staphylococcus aureus	GCF_034357665.1	ASM3435766v1
Salmonella enterica	GCF_018340585.1	ASM1834058v1
Escherichia coli	GCF_030846015.1	ASM3084601v1
Escherichia coli	GCF_017165355.1	ASM1716535v1
Salmonella enterica	GCF_031038815.1	ASM3103881v1
Escherichia coli	GCF_000618905.3	ASM61890v3
Enterococcus faecalis	GCF_021484825.1	ASM2148482v1
Listeria monocytogenes	GCF_018604325.1	ASM1860432v1
Listeria monocytogenes	GCF_009664775.1	ASM966477v1
Escherichia coli	GCF_900636105.1	38936_F01
Escherichia coli	GCF_031852315.1	ASM3185231v1
Escherichia coli	GCF_024918275.1	ASM2491827v1
Salmonella enterica	GCF_006165165.1	ASM616516v1
Staphylococcus aureus	GCF_009739715.1	ASM973971v1
Enterococcus faecalis	GCF_025958825.1	ASM2595882v1
Escherichia coli	GCF_018771585.1	ASM1877158v1
Escherichia coli	GCF_003122105.1	ASM312210v1
Escherichia coli	GCF_004377995.2	ASM437799v2
Salmonella enterica	GCF_024266125.1	ASM2426612v1
Staphylococcus aureus	GCF_022691325.1	ASM2269132v1
Staphylococcus aureus	GCF_000470865.1	ASM47086v1
Staphylococcus aureus	GCF_000017085.1	ASM1708v1
Pseudomonas aeruginosa	GCF_002085755.1	ASM208575v1
Salmonella enterica	GCF_032681265.1	ASM3268126v1
Escherichia coli	GCF_002105735.1	ASM210573v1
Pseudomonas aeruginosa	GCF_036232385.1	ASM3623238v1
Escherichia coli	GCF_031675475.1	ASM3167547v2
Bacillus subtilis	GCF_025809235.1	ASM2580923v1
Staphylococcus aureus	GCF_002089055.1	ASM208905v1
Salmonella enterica	GCF_014334195.1	ASM1433419v1
Escherichia coli	GCF_964053065.1	30859_5_287
Escherichia coli	GCF_013168175.1	ASM1316817v1
Escherichia coli	GCF_014863725.1	ASM1486372v1
Escherichia coli	GCF_013167035.1	ASM1316703v1
Salmonella enterica	GCF_000748565.2	ASM74856v2
Listeria monocytogenes	GCF_029891435.2	ASM2989143v2
Escherichia coli	GCF_030389945.1	ASM3038994v1
Pseudomonas aeruginosa	GCF_036232625.1	ASM3623262v1
Escherichia coli	GCF_009648495.1	ASM964849v1
Salmonella enterica	GCF_009664635.1	ASM966463v1
Escherichia coli	GCF_036506995.1	ASM3650699v1
Listeria monocytogenes	GCF_018735945.1	ASM1873594v1
Salmonella enterica	GCF_031197025.1	ASM3119702v1
Listeria monocytogenes	GCF_001999165.1	ASM199916v1
Listeria monocytogenes	GCF_001952775.1	ASM195277v1
Escherichia coli	GCF_015571755.1	ASM1557175v1
Staphylococcus aureus	GCF_005707335.1	ASM570733v1
Escherichia coli	GCF_001890225.1	ASM189022v1
Escherichia coli	GCF_026506315.1	ASM2650631v1
Staphylococcus aureus	GCF_038789195.1	19-02247_RKI_Sau
Salmonella enterica	GCF_026873445.1	ASM2687344v1
Escherichia coli	GCF_030389735.1	ASM3038973v1
Bacillus subtilis	GCF_004119635.1	ASM411963v1
Escherichia coli	GCF_024585405.1	ASM2458540v1
Salmonella enterica	GCF_001953675.1	ASM195367v1
Escherichia coli	GCF_008124105.1	ASM812410v1
Pseudomonas aeruginosa	GCF_036233275.1	ASM3623327v1
Pseudomonas aeruginosa	GCF_019434095.1	ASM1943409v1
Salmonella enterica	GCF_009650375.1	ASM965037v1
Escherichia coli	GCF_024499245.1	ASM2449924v1
Escherichia coli	GCF_016772495.1	ASM1677249v1
Escherichia coli	GCF_013694325.1	ASM1369432v1
Enterococcus faecalis	GCF_906464875.1	BX8117
Escherichia coli	GCF_020886435.2	ASM2088643v2
Limosilactobacillus fermentum	GCF_003855655.1	ASM385565v1
Salmonella enterica	GCF_038396425.1	ASM3839642v1
Staphylococcus aureus	GCF_002000805.1	ASM200080v1
Escherichia coli	GCF_002855325.1	ASM285532v1
Escherichia coli	GCF_003017935.1	ASM301793v1
Escherichia coli	GCF_037555585.1	ASM3755558v1
Escherichia coli	GCF_013201215.1	ASM1320121v1
Bacillus subtilis	GCF_009662215.1	ASM966221v1
Pseudomonas aeruginosa	GCF_024126335.1	ASM2412633v1
Salmonella enterica	GCF_019428465.1	ASM1942846v1
Salmonella enterica	GCF_001623665.2	ASM162366v2
Escherichia coli	GCF_019357435.1	ASM1935743v1
Staphylococcus aureus	GCF_040364505.1	ASM4036450v1
Staphylococcus aureus	GCF_019915585.1	ASM1991558v1
Escherichia coli	GCF_022493735.1	ASM2249373v1
Enterococcus faecalis	GCF_028621775.1	ASM2862177v1
Pseudomonas aeruginosa	GCF_022810825.1	ASM2281082v1
Salmonella enterica	GCF_037864505.1	ASM3786450v1
Salmonella enterica	GCF_020714725.1	ASM2071472v1
Salmonella enterica	GCF_002760995.1	ASM276099v1
Salmonella enterica	GCF_006517035.1	ASM651703v1
Escherichia coli	GCF_016904175.1	ASM1690417v1
Escherichia coli	GCF_036507815.1	ASM3650781v1
Salmonella enterica	GCF_016454645.1	ASM1645464v1
Escherichia coli	GCF_014117405.1	ASM1411740v1
Escherichia coli	GCF_025995195.1	ASM2599519v1
Pseudomonas aeruginosa	GCF_038396595.1	ASM3839659v1
Escherichia coli	GCF_027944695.1	ASM2794469v1
Escherichia coli	GCF_025252445.1	ASM2525244v1
Escherichia coli	GCF_030939765.1	ASM3093976v2
Staphylococcus aureus	GCF_008620175.1	ASM862017v1
Listeria monocytogenes	GCF_002213705.1	ASM221370v1
Escherichia coli	GCF_036452055.1	ASM3645205v1
Salmonella enterica	GCF_021713115.1	ASM2171311v1
Escherichia coli	GCF_030285605.1	ASM3028560v1
Enterococcus faecalis	GCF_030020555.1	ASM3002055v1
Staphylococcus aureus	GCF_034043075.1	ASM3404307v1
Escherichia coli	GCF_020535205.1	ASM2053520v1
Bacillus subtilis	GCF_002173695.1	ASM217369v1
Escherichia coli	GCF_001901125.1	ASM190112v1
Escherichia coli	GCF_004771235.1	ASM477123v1
Escherichia coli	GCF_030168715.1	ASM3016871v1
Escherichia coli	GCF_038430275.1	ASM3843027v1
Escherichia coli	GCF_007833255.1	ASM783325v1
Pseudomonas aeruginosa	GCF_001482325.1	ASM148232v1
Escherichia coli	GCF_037540695.1	ASM3754069v1
Pseudomonas aeruginosa	GCF_021184245.1	ASM2118424v1
Staphylococcus aureus	GCF_026625525.1	ASM2662552v1
Escherichia coli	GCF_036884445.1	ASM3688444v1
Escherichia coli	GCF_018986795.1	ASM1898679v1
Staphylococcus aureus	GCF_900324235.1	5_3949
Escherichia coli	GCF_022759885.1	ASM2275988v1
Bacillus subtilis	GCF_030122865.1	ASM3012286v1
Pseudomonas aeruginosa	GCF_009664165.1	ASM966416v1
Escherichia coli	GCF_019355495.1	ASM1935549v1
Escherichia coli	GCF_018884565.1	ASM1888456v1
Escherichia coli	GCF_008727175.1	ASM872717v1
Staphylococcus aureus	GCF_025559005.1	ASM2555900v1
Bacillus subtilis	GCF_024799885.1	ASM2479988v1
Escherichia coli	GCF_011045275.1	ASM1104527v1
Salmonella enterica	GCF_022869965.1	ASM2286996v1
Bacillus subtilis	GCF_013009385.1	ASM1300938v1
Salmonella enterica	GCF_024365025.1	ASM2436502v1
Salmonella enterica	GCF_012050905.1	ASM1205090v1
Bacillus subtilis	GCF_004103555.1	ASM410355v1
Salmonella enterica	GCF_020714745.1	ASM2071474v1
Escherichia coli	GCF_013168035.1	ASM1316803v1
Escherichia coli	GCF_027944595.1	ASM2794459v1
Salmonella enterica	GCF_012050205.1	ASM1205020v1
Enterococcus faecalis	GCF_030020215.1	ASM3002021v1
Pseudomonas aeruginosa	GCF_024397355.1	ASM2439735v1
Pseudomonas aeruginosa	GCF_027570875.1	ASM2757087v1
Escherichia coli	GCF_026967655.1	ASM2696765v1
Enterococcus faecalis	GCF_033815825.1	ASM3381582v1
Salmonella enterica	GCF_001969425.1	ASM196942v1
Pseudomonas aeruginosa	GCF_036232125.1	ASM3623212v1
Escherichia coli	GCF_029854495.1	ASM2985449v1
Listeria monocytogenes	GCF_000438725.2	ASM43872v2
Escherichia coli	GCF_011045875.1	ASM1104587v1
Escherichia coli	GCF_022559305.1	ASM2255930v1
Escherichia coli	GCF_027943565.1	ASM2794356v1
Staphylococcus aureus	GCF_015732455.1	ASM1573245v1
Staphylococcus aureus	GCF_017088305.1	ASM1708830v1
Pseudomonas aeruginosa	GCF_014217315.1	ASM1421731v1
Pseudomonas aeruginosa	GCF_002085605.1	ASM208560v1
Salmonella enterica	GCF_028892665.1	ASM2889266v1
Salmonella enterica	GCF_000280315.2	ASM28031v2
Escherichia coli	GCF_023278245.1	ASM2327824v1
Escherichia coli	GCF_013426075.1	ASM1342607v1
Escherichia coli	GCF_000009565.1	ASM956v1
Salmonella enterica	GCF_000623355.1	ASM62335v1
Staphylococcus aureus	GCF_022691385.1	ASM2269138v1
Escherichia coli	GCF_027944795.1	ASM2794479v1
Escherichia coli	GCF_000813165.1	ASM81316v1
Escherichia coli	GCF_013374275.1	ASM1337427v1
Escherichia coli	GCF_904863305.1	MSB1_3B
Salmonella enterica	GCF_003856755.1	ASM385675v1
Escherichia coli	GCF_013167455.1	ASM1316745v1
Enterococcus faecalis	GCF_021610105.1	ASM2161010v1
Bacillus subtilis	GCF_004119595.1	ASM411959v1
Escherichia coli	GCF_029537195.1	ASM2953719v1
Listeria monocytogenes	GCF_018604305.1	ASM1860430v1
Salmonella enterica	GCF_037888925.1	ASM3788892v1
Escherichia coli	GCF_029318975.1	ASM2931897v1
Staphylococcus aureus	GCF_020887215.1	ASM2088721v1
Escherichia coli	GCF_014075795.1	ASM1407579v1
Salmonella enterica	GCF_015708295.1	ASM1570829v1
Pseudomonas aeruginosa	GCF_036232245.1	ASM3623224v1
Bacillus subtilis	GCF_024972835.1	ASM2497283v1
Enterococcus faecalis	GCF_023299525.1	ASM2329952v1
Staphylococcus aureus	GCF_021172845.1	ASM2117284v1
Escherichia coli	GCF_000988425.1	ASM98842v1
Escherichia coli	GCF_040267635.1	MRSN123636
Escherichia coli	GCF_032375245.1	ASM3237524v1
Escherichia coli	GCF_013393825.1	ASM1339382v1
Escherichia coli	GCF_000662395.1	ASM66239v1
Salmonella enterica	GCF_001690075.1	ASM169007v1
Salmonella enterica	GCF_003325015.1	ASM332501v1
Bacillus subtilis	GCF_034440835.1	ASM3444083v1
Staphylococcus aureus	GCF_009740205.1	ASM974020v1
Escherichia coli	GCF_031167875.1	ASM3116787v1
Escherichia coli	GCF_030285505.1	ASM3028550v1
Enterococcus faecalis	GCF_029866805.1	ASM2986680v1
Pseudomonas aeruginosa	GCF_001542795.2	ASM154279v2
Pseudomonas aeruginosa	GCF_003073895.1	ASM307389v1
Escherichia coli	GCF_028752735.1	ASM2875273v1
Escherichia coli	GCF_019431335.1	ASM1943133v1
Escherichia coli	GCF_964036945.1	30345_1_279
Bacillus subtilis	GCF_000699525.1	ASM69952v1
Pseudomonas aeruginosa	GCF_036233695.1	ASM3623369v1
Escherichia coli	GCF_022439445.1	ASM2243944v1
Escherichia coli	GCF_002741195.1	ASM274119v1
Staphylococcus aureus	GCF_040315025.1	LA52
Staphylococcus aureus	GCF_030717605.1	ASM3071760v1
Enterococcus faecalis	GCF_030020595.1	ASM3002059v1
Limosilactobacillus fermentum	GCF_040267735.1	ASM4026773v1
Pseudomonas aeruginosa	GCF_009676885.1	ASM967688v1
Staphylococcus aureus	GCF_003595485.1	ASM359548v1
Salmonella enterica	GCF_028623125.1	ASM2862312v1
Salmonella enterica	GCF_023330865.1	ASM2333086v1
Escherichia coli	GCF_024298785.1	ASM2429878v1
Escherichia coli	GCF_030389655.1	ASM3038965v1
Escherichia coli	GCF_036504765.1	ASM3650476v1
Salmonella enterica	GCF_015240635.1	ASM1524063v1
Bacillus subtilis	GCF_030122885.1	ASM3012288v1
Salmonella enterica	GCF_000009505.1	ASM950v1
Salmonella enterica	GCF_037841875.1	ASM3784187v1
Salmonella enterica	GCF_016025395.1	ASM1602539v1
Staphylococcus aureus	GCF_024363465.1	ASM2436346v1
Escherichia coli	GCF_001900635.1	ASM190063v1
Escherichia coli	GCF_000725305.1	ASM72530v1
Escherichia coli	GCF_024918335.1	ASM2491833v1
Staphylococcus aureus	GCF_003351925.1	ASM335192v1
Pseudomonas aeruginosa	GCF_030121855.1	ASM3012185v1
Escherichia coli	GCF_900474445.1	39641_B02
Escherichia coli	GCF_019645795.1	ASM1964579v1
Escherichia coli	GCF_022494625.1	ASM2249462v1
Escherichia coli	GCF_020149605.1	ASM2014960v1
Salmonella enterica	GCF_004136055.1	ASM413605v1
Escherichia coli	GCF_015138575.1	ASM1513857v1
Escherichia coli	GCF_016458925.1	ASM1645892v1
Escherichia coli	GCF_003018075.1	ASM301807v1
Listeria monocytogenes	GCF_018966805.1	ASM1896680v1
Limosilactobacillus fermentum	GCF_003860425.1	ASM386042v1
Salmonella enterica	GCF_025259065.1	ASM2525906v1
Escherichia coli	GCF_023278265.1	ASM2327826v1
Staphylococcus aureus	GCF_022870465.1	ASM2287046v1
Escherichia coli	GCF_003180995.1	ASM318099v1
Staphylococcus aureus	GCF_021172825.1	ASM2117282v1
Escherichia coli	GCF_014338505.1	ASM1433850v1
Staphylococcus aureus	GCF_008462245.1	ASM846224v1
Salmonella enterica	GCF_000624395.2	ASM62439v2
Escherichia coli	GCF_003013205.1	ASM301320v1
Escherichia coli	GCF_002803905.1	ASM280390v1
Salmonella enterica	GCF_001975405.1	ASM197540v1
Escherichia coli	GCF_003399945.2	ASM339994v2
Escherichia coli	GCF_031661015.1	ASM3166101v1
Escherichia coli	GCF_024399055.1	ASM2439905v1
Escherichia coli	GCF_024023075.1	ASM2402307v1
Salmonella enterica	GCF_001975325.1	ASM197532v1
Escherichia coli	GCF_011331215.2	ASM1133121v2
Pseudomonas aeruginosa	GCF_002946935.1	ASM294693v1
Escherichia coli	GCF_025399135.1	ASM2539913v1
Escherichia coli	GCF_019334665.1	ASM1933466v1
Escherichia coli	GCF_031787095.1	ASM3178709v1
Escherichia coli	GCF_036705585.1	ASM3670558v1
Salmonella enterica	GCF_003718395.1	ASM371839v1
Staphylococcus aureus	GCF_019669165.1	ASM1966916v1
Staphylococcus aureus	GCF_022405255.1	ASM2240525v1
Escherichia coli	GCF_022493335.1	ASM2249333v1
Pseudomonas aeruginosa	GCF_000168335.1	ASM16833v1
Escherichia coli	GCF_024023055.1	ASM2402305v1
Salmonella enterica	GCF_015052765.1	ASM1505276v1
Enterococcus faecalis	GCF_039791395.1	ASM3979139v1
Escherichia coli	GCF_012934655.2	ASM1293465v2
Escherichia coli	GCF_017165215.1	ASM1716521v1
Escherichia coli	GCF_008949495.1	ASM894949v1
Escherichia coli	GCF_038096105.1	ASM3809610v1
Escherichia coli	GCF_030035565.1	ASM3003556v1
Salmonella enterica	GCF_024364865.1	ASM2436486v1
Salmonella enterica	GCF_034447935.1	ASM3444793v1
Enterococcus faecalis	GCF_036275755.1	ASM3627575v1
Salmonella enterica	GCF_002507875.2	ASM250787v2
Salmonella enterica	GCF_004136135.1	ASM413613v1
Salmonella enterica	GCF_024266145.1	ASM2426614v1
Escherichia coli	GCF_000022665.1	ASM2266v1
Escherichia coli	GCF_018884425.1	ASM1888442v1
Escherichia coli	GCF_030345615.1	ASM3034561v1
Escherichia coli	GCF_040529135.1	ASM4052913v1
Escherichia coli	GCF_009395265.1	ASM939526v1
Escherichia coli	GCF_022493555.1	ASM2249355v1
Escherichia coli	GCF_021534845.1	ASM2153484v1
Staphylococcus aureus	GCF_008370815.1	ASM837081v1
Escherichia coli	GCF_025252345.1	ASM2525234v1
Escherichia coli	GCF_037549885.1	ASM3754988v1
Escherichia coli	GCF_013167795.1	ASM1316779v1
Salmonella enterica	GCF_030440655.1	ASM3044065v1
Staphylococcus aureus	GCF_030644065.1	ASM3064406v1
Escherichia coli	GCF_014263375.1	ASM1426337v1
Salmonella enterica	GCF_003073495.1	ASM307349v1
Staphylococcus aureus	GCF_030168515.1	ASM3016851v1
Pseudomonas aeruginosa	GCF_900149285.1	PcyII-10
Escherichia coli	GCF_018499805.2	ASM1849980v2
Escherichia coli	GCF_019551855.1	ASM1955185v1
Escherichia coli	GCF_025946585.1	ASM2594658v1
Salmonella enterica	GCF_003181155.1	ASM318115v1
Escherichia coli	GCF_014169395.1	ASM1416939v1
Escherichia coli	GCF_003703795.1	ASM370379v1
Bacillus subtilis	GCF_905311385.2	NRS6116B
Salmonella enterica	GCF_030913595.1	ASM3091359v1
Salmonella enterica	GCF_009648715.1	ASM964871v1
Pseudomonas aeruginosa	GCF_008705235.1	ASM870523v1
Escherichia coli	GCF_003112165.1	ASM311216v1
Salmonella enterica	GCF_016454665.1	ASM1645466v1
Salmonella enterica	GCF_026873345.1	ASM2687334v1
Salmonella enterica	GCF_004324245.2	ASM432424v2
Escherichia coli	GCF_017164955.1	ASM1716495v1
Escherichia coli	GCF_001900925.1	ASM190092v1
Salmonella enterica	GCF_016839205.1	ASM1683920v1
Salmonella enterica	GCF_028893435.1	ASM2889343v1
Salmonella enterica	GCF_004324015.2	ASM432401v2
Salmonella enterica	GCF_023746725.1	ASM2374672v1
Salmonella enterica	GCF_005144925.1	ASM514492v1
Salmonella enterica	GCF_030345015.1	ASM3034501v1
Pseudomonas aeruginosa	GCF_034480885.1	ASM3448088v1
Pseudomonas aeruginosa	GCF_029856995.1	ASM2985699v1
Escherichia coli	GCF_003325975.1	ASM332597v1
Pseudomonas aeruginosa	GCF_001721825.1	ASM172182v1
Salmonella enterica	GCF_001647045.1	ASM164704v1
Salmonella enterica	GCF_001692655.1	ASM169265v1
Escherichia coli	GCF_029855165.1	ASM2985516v1
Bacillus subtilis	GCF_905315685.2	NRS6145B
Salmonella enterica	GCF_020714805.1	ASM2071480v1
Escherichia coli	GCF_022453605.1	ASM2245360v1
Salmonella enterica	GCF_000008105.1	ASM810v1
Staphylococcus aureus	GCF_024205325.1	ASM2420532v1
Bacillus subtilis	GCF_905319545.2	NRS6187B
Pseudomonas aeruginosa	GCF_032761935.1	ASM3276193v1
Enterococcus faecalis	GCF_023299545.1	ASM2329954v1
Escherichia coli	GCF_019443365.1	ASM1944336v1
Salmonella enterica	GCF_000626355.1	ASM62635v1
Escherichia coli	GCF_024585985.1	ASM2458598v1
Escherichia coli	GCF_018499845.2	ASM1849984v2
Escherichia coli	GCF_024585565.1	ASM2458556v1
Escherichia coli	GCF_040551675.1	ASM4055167v1
Escherichia coli	GCF_017639105.1	ASM1763910v1
Salmonella enterica	GCF_003429425.1	ASM342942v1
Enterococcus faecalis	GCF_033811895.1	ASM3381189v1
Escherichia coli	GCF_016889725.1	ASM1688972v1
Escherichia coli	GCF_024585765.1	ASM2458576v1
Escherichia coli	GCF_003570765.1	ASM357076v1
Pseudomonas aeruginosa	GCF_035557195.1	ASM3555719v2
Escherichia coli	GCF_904866345.1	MINF_8D
Escherichia coli	GCF_007922655.1	ASM792265v1
Salmonella enterica	GCF_020715285.1	ASM2071528v1
Enterococcus faecalis	GCF_005158025.1	ASM515802v1
Salmonella enterica	GCF_004768585.1	ASM476858v1
Staphylococcus aureus	GCF_001018915.2	ASM101891v2
Escherichia coli	GCF_014622965.1	ASM1462296v1
Salmonella enterica	GCF_030254685.1	ASM3025468v1
Staphylococcus aureus	GCF_022405475.1	ASM2240547v1
Limosilactobacillus fermentum	GCF_900205745.1	Lf_IMDO_130101
Staphylococcus aureus	GCF_009739865.1	ASM973986v1
Staphylococcus aureus	GCF_003203595.1	ASM320359v1
Pseudomonas aeruginosa	GCF_026727755.1	ASM2672775v1
Pseudomonas aeruginosa	GCF_037287585.1	ASM3728758v1
Listeria monocytogenes	GCF_003043895.1	ASM304389v1
Escherichia coli	GCF_030436695.1	ASM3043669v1
Bacillus subtilis	GCF_024220155.1	ASM2422015v1
Salmonella enterica	GCF_003717815.1	ASM371781v1
Escherichia coli	GCF_000974575.1	ASM97457v1
Escherichia coli	GCF_022558845.1	ASM2255884v1
Staphylococcus aureus	GCF_025559045.1	ASM2555904v1
Escherichia coli	GCF_028752695.1	ASM2875269v1
Staphylococcus aureus	GCF_034014575.1	ASM3401457v1
Salmonella enterica	GCF_004324025.2	ASM432402v2
Salmonella enterica	GCF_026801995.1	ASM2680199v1
Salmonella enterica	GCF_020715165.1	ASM2071516v1
Salmonella enterica	GCF_038380095.1	ASM3838009v1
Salmonella enterica	GCF_028892975.1	ASM2889297v1
Escherichia coli	GCF_020423165.1	ASM2042316v1
Escherichia coli	GCF_017348835.2	ASM1734883v2
Enterococcus faecalis	GCF_023375485.1	ASM2337548v1
Escherichia coli	GCF_036500485.1	ASM3650048v1
Salmonella enterica	GCF_022670735.1	ASM2267073v1
Escherichia coli	GCF_005393605.2	ASM539360v2
Salmonella enterica	GCF_000940975.1	ASM94097v1
Escherichia coli	GCF_023516055.1	ASM2351605v1
Pseudomonas aeruginosa	GCF_027570655.1	ASM2757065v1
Salmonella enterica	GCF_900478065.1	50681_B01
Salmonella enterica	GCF_009648835.1	ASM964883v1
Escherichia coli	GCF_040571365.1	ASM4057136v1
Pseudomonas aeruginosa	GCF_036236015.1	ASM3623601v1
Bacillus subtilis	GCF_028541585.1	ASM2854158v1
Escherichia coli	GCF_025996555.1	ASM2599655v1
Salmonella enterica	GCF_000271905.2	ASM27190v2
Listeria monocytogenes	GCF_016775745.1	ASM1677574v1
Enterococcus faecalis	GCF_000742975.1	ASM74297v1
Enterococcus faecalis	GCF_030064715.1	ASM3006471v1
Enterococcus faecalis	GCF_022810805.1	ASM2281080v1
Salmonella enterica	GCF_030644285.1	ASM3064428v1
Escherichia coli	GCF_037528475.1	ASM3752847v1
Escherichia coli	GCF_024917275.1	ASM2491727v1
Staphylococcus aureus	GCF_020702535.2	ASM2070253v2
Escherichia coli	GCF_010365425.1	ASM1036542v1
Escherichia coli	GCF_017165235.1	ASM1716523v1
Staphylococcus aureus	GCF_003030065.1	ASM303006v1
Escherichia coli	GCF_001651945.2	ASM165194v2
Salmonella enterica	GCF_009756605.1	ASM975660v1
Pseudomonas aeruginosa	GCF_036232905.1	ASM3623290v1
Salmonella enterica	GCF_016454605.1	ASM1645460v1
Bacillus subtilis	GCF_017753785.1	ASM1775378v1
Bacillus subtilis	GCF_019704395.1	ASM1970439v1
Staphylococcus aureus	GCF_009912435.1	ASM991243v1
Escherichia coli	GCF_001593565.1	ASM159356v1
Staphylococcus aureus	GCF_020985245.1	ASM2098524v1
Escherichia coli	GCF_022982975.1	ASM2298297v1
Staphylococcus aureus	GCF_020388735.1	ASM2038873v1
Pseudomonas aeruginosa	GCF_900618285.1	paerg005
Escherichia coli	GCF_014930875.1	ASM1493087v1
Salmonella enterica	GCF_003717575.1	ASM371757v1
Enterococcus faecalis	GCF_011193375.1	ASM1119337v1
Pseudomonas aeruginosa	GCF_019084125.3	PAeru_501_Uni_041824
Escherichia coli	GCF_024331525.2	ASM2433152v2
Staphylococcus aureus	GCF_030534075.1	ASM3053407v1
Pseudomonas aeruginosa	GCF_003812905.1	ASM381290v1
Escherichia coli	GCF_012934765.1	ASM1293476v1
Pseudomonas aeruginosa	GCF_013201115.1	ASM1320111v1
Bacillus subtilis	GCF_001541905.1	ASM154190v1
Salmonella enterica	GCF_016454305.1	ASM1645430v1
Salmonella enterica	GCF_003581245.2	ASM358124v2
Salmonella enterica	GCF_000748245.2	ASM74824v2
Escherichia coli	GCF_000008865.2	ASM886v2
Escherichia coli	GCF_016903275.1	ASM1690327v1
Salmonella enterica	GCF_028892995.1	ASM2889299v1
Escherichia coli	GCF_030036775.1	ASM3003677v1
Salmonella enterica	GCF_033613815.1	ASM3361381v1
Escherichia coli	GCF_015571615.1	ASM1557161v1
Salmonella enterica	GCF_025808335.1	ASM2580833v1
Escherichia coli	GCF_964039395.1	30348_1_195
Escherichia coli	GCF_038396485.1	ASM3839648v1
Staphylococcus aureus	GCF_021491715.1	ASM2149171v1
Escherichia coli	GCF_002812545.1	ASM281254v1
Escherichia coli	GCF_023653865.1	ASM2365386v1
Escherichia coli	GCF_003399775.2	ASM339977v2
Staphylococcus aureus	GCF_000024585.1	ASM2458v1
Escherichia coli	GCF_024971815.1	ASM2497181v1
Escherichia coli	GCF_036494765.1	ASM3649476v1
Bacillus subtilis	GCF_032598945.1	ASM3259894v1
Escherichia coli	GCF_024585905.1	ASM2458590v1
Escherichia coli	GCF_030036925.1	ASM3003692v1
Escherichia coli	GCF_000017765.1	ASM1776v1
Pseudomonas aeruginosa	GCF_002215345.1	ASM221534v1
Salmonella enterica	GCF_025311295.1	ASM2531129v1
Escherichia coli	GCF_019915545.1	ASM1991554v1
Pseudomonas aeruginosa	GCF_031224255.1	ASM3122425v1
Escherichia coli	GCF_022493615.1	ASM2249361v1
Pseudomonas aeruginosa	GCF_036233295.1	ASM3623329v1
Pseudomonas aeruginosa	GCF_001792835.1	ASM179283v1
Salmonella enterica	GCF_023848645.1	ASM2384864v1
Escherichia coli	GCF_900520325.1	ASM90052032v1
Escherichia coli	GCF_030708135.1	ASM3070813v1
Pseudomonas aeruginosa	GCF_036232145.1	ASM3623214v1
Pseudomonas aeruginosa	GCF_036232185.1	ASM3623218v1
Salmonella enterica	GCF_003717395.1	ASM371739v1
Escherichia coli	GCF_000299455.1	ASM29945v1
Salmonella enterica	GCF_030505755.1	ASM3050575v1
Staphylococcus aureus	GCF_030533835.1	ASM3053383v1
Escherichia coli	GCF_016779865.1	ASM1677986v1
Salmonella enterica	GCF_003177235.1	ASM317723v1
Escherichia coli	GCF_000270105.1	ASM27010v1
Escherichia coli	GCF_016904535.1	ASM1690453v1
Escherichia coli	GCF_031432795.1	ASM3143279v1
Staphylococcus aureus	GCF_003342735.1	ASM334273v1
Salmonella enterica	GCF_012052805.1	ASM1205280v1
Listeria monocytogenes	GCF_040543175.1	ASM4054317v1
Staphylococcus aureus	GCF_000737615.1	ASM73761v1
Salmonella enterica	GCF_016864495.1	ASM1686449v1
Escherichia coli	GCF_016775945.1	ASM1677594v1
Escherichia coli	GCF_900174625.1	WI1-reUpload
Salmonella enterica	GCF_003717875.1	ASM371787v1
Escherichia coli	GCF_963575635.1	F95
Escherichia coli	GCF_009671085.1	ASM967108v1
Escherichia coli	GCF_009948655.1	ASM994865v1
Escherichia coli	GCF_003966775.1	ASM396677v1
Staphylococcus aureus	GCF_900635505.1	3012STDY6191362
Salmonella enterica	GCF_003710165.1	ASM371016v1
Escherichia coli	GCF_028551235.1	ASM2855123v1
Escherichia coli	GCF_001890305.1	ASM189030v1
Salmonella enterica	GCF_037871955.1	ASM3787195v1
Staphylococcus aureus	GCF_009912655.1	ASM991265v1
Salmonella enterica	GCF_009650355.1	ASM965035v1
Salmonella enterica	GCF_012050525.1	ASM1205052v1
Bacillus subtilis	GCF_003665255.1	ASM366525v1
Escherichia coli	GCF_028596225.1	ASM2859622v1
Salmonella enterica	GCF_004847605.1	ASM484760v1
Salmonella enterica	GCF_031198825.1	ASM3119882v1
Staphylococcus aureus	GCF_009912835.1	ASM991283v1
Escherichia coli	GCF_017310055.1	ASM1731005v1
Pseudomonas aeruginosa	GCF_003813025.1	ASM381302v1
Escherichia coli	GCF_002393465.1	ASM239346v1
Salmonella enterica	GCF_900086565.1	39641_H02
Escherichia coli	GCF_003956405.1	ASM395640v1
Escherichia coli	GCF_003571785.1	ASM357178v1
Staphylococcus aureus	GCF_036689715.2	BSN57_Closure
Bacillus subtilis	GCF_030297075.1	ASM3029707v1
Staphylococcus aureus	GCF_026625245.1	ASM2662524v1
Bacillus subtilis	GCF_002269195.1	ASM226919v1
Salmonella enterica	GCF_009730015.1	ASM973001v1
Salmonella enterica	GCF_003717135.1	ASM371713v1
Staphylococcus aureus	GCF_009912695.1	ASM991269v1
Salmonella enterica	GCF_003718515.1	ASM371851v1
Escherichia coli	GCF_002844165.1	ASM284416v1
Escherichia coli	GCF_024585705.1	ASM2458570v1
Escherichia coli	GCF_017164775.1	ASM1716477v1
Escherichia coli	GCF_001308165.1	ASM130816v1
Escherichia coli	GCF_022493155.1	ASM2249315v1
Escherichia coli	GCF_027925785.1	ASM2792578v1
Salmonella enterica	GCF_037834495.1	ASM3783449v1
Staphylococcus aureus	GCF_900323905.1	24117-WT
Escherichia coli	GCF_028488865.1	ASM2848886v1
Escherichia coli	GCF_001901025.1	ASM190102v1
Listeria monocytogenes	GCF_030730725.2	ASM3073072v2
Bacillus subtilis	GCF_013388335.1	ASM1338833v1
Enterococcus faecalis	GCF_030517385.1	ASM3051738v1
Salmonella enterica	GCF_005889955.1	ASM588995v1
Escherichia coli	GCF_032345195.1	ASM3234519v1
Escherichia coli	GCF_036501705.1	ASM3650170v1
Listeria monocytogenes	GCF_026976255.1	ASM2697625v1
Escherichia coli	GCF_002310555.1	ASM231055v1
Escherichia coli	GCF_013372425.1	ASM1337242v1
Salmonella enterica	GCF_025398995.1	ASM2539899v1
Pseudomonas aeruginosa	GCF_000223945.1	ASM22394v2
Salmonella enterica	GCF_002741905.1	ASM274190v1
Escherichia coli	GCF_001660585.1	ASM166058v1
Pseudomonas aeruginosa	GCF_036237055.1	ASM3623705v1
Escherichia coli	GCF_000801205.1	ASM80120v1
Escherichia coli	GCF_032375205.1	ASM3237520v1
Escherichia coli	GCF_036494955.1	ASM3649495v1
Bacillus subtilis	GCF_009884005.1	ASM988400v1
Salmonella enterica	GCF_023848535.1	ASM2384853v1
Pseudomonas aeruginosa	GCF_020771675.1	ASM2077167v1
Staphylococcus aureus	GCF_001019535.2	ASM101953v2
Escherichia coli	GCF_014863845.1	ASM1486384v1
Escherichia coli	GCF_002934025.1	ASM293402v1
Escherichia coli	GCF_963575395.1	F1140
Escherichia coli	GCF_001900495.1	ASM190049v1
Staphylococcus aureus	GCF_001717665.1	ASM171766v2
Salmonella enterica	GCF_021266305.1	ASM2126630v1
Salmonella enterica	GCF_006165105.1	ASM616510v1
Escherichia coli	GCF_030708335.1	ASM3070833v1
Salmonella enterica	GCF_003325255.1	ASM332525v1
Escherichia coli	GCF_031554795.1	ASM3155479v1
Enterococcus faecalis	GCF_004332015.1	ASM433201v1
Staphylococcus aureus	GCF_026547055.1	ASM2654705v1
Escherichia coli	GCF_015136715.1	ASM1513671v1
Salmonella enterica	GCF_037778605.1	ASM3777860v1
Escherichia coli	GCF_001900945.1	ASM190094v1
Escherichia coli	GCF_035621815.1	ASM3562181v1
Salmonella enterica	GCF_000623675.2	ASM62367v2
Pseudomonas aeruginosa	GCF_009720425.1	ASM972042v1
Escherichia coli	GCF_039725815.1	ASM3972581v1
Staphylococcus aureus	GCF_037482255.1	BSN155_contigs
Pseudomonas aeruginosa	GCF_032231105.1	ASM3223110v1
Staphylococcus aureus	GCF_004797195.1	ASM479719v1
Escherichia coli	GCF_002951715.1	ASM295171v1
Escherichia coli	GCF_003586045.1	E.coli_isolate
Enterococcus faecalis	GCF_023182775.2	ASM2318277v2
Bacillus subtilis	GCF_040008305.1	ASM4000830v1
Staphylococcus aureus	GCF_003991015.1	ASM399101v1
Escherichia coli	GCF_018884065.1	ASM1888406v1
Staphylococcus aureus	GCF_003354985.1	ASM335498v1
Staphylococcus aureus	GCF_009913175.1	ASM991317v1
Salmonella enterica	GCF_005930995.1	ASM593099v1
Staphylococcus aureus	GCF_024741555.1	ASM2474155v1
Escherichia coli	GCF_005037715.1	ASM503771v2
Escherichia coli	GCF_026016785.1	ASM2601678v1
Escherichia coli	GCF_030438435.1	ASM3043843v1
Pseudomonas aeruginosa	GCF_019857265.1	ASM1985726v1
Pseudomonas aeruginosa	GCF_036232265.1	ASM3623226v1
Salmonella enterica	GCF_001305235.1	ASM130523v1
Staphylococcus aureus	GCF_900324405.1	21_LA_436
Salmonella enterica	GCF_009884375.1	ASM988437v1
Escherichia coli	GCF_904864555.1	MSB1_7C
Escherichia coli	GCF_024918815.1	ASM2491881v1
Salmonella enterica	GCF_003325095.1	ASM332509v1
Escherichia coli	GCF_014854635.1	ASM1485463v1
Salmonella enterica	GCF_003641265.1	ASM364126v1
Salmonella enterica	GCF_037888855.1	ASM3788885v1
Bacillus subtilis	GCF_026639155.1	ASM2663915v1
Salmonella enterica	GCF_000271885.2	ASM27188v2
Listeria monocytogenes	GCF_002969195.1	ASM296919v1
Escherichia coli	GCF_013376895.1	ASM1337689v1
Escherichia coli	GCF_002853715.1	ASM285371v1
Bacillus subtilis	GCF_905311435.2	NRS6118B
Salmonella enterica	GCF_005222465.1	ASM522246v1
Escherichia coli	GCF_032386295.1	ASM3238629v1
Escherichia coli	GCF_015571835.1	ASM1557183v1
Escherichia coli	GCF_024918395.1	ASM2491839v1
Escherichia coli	GCF_038627065.1	ASM3862706v2
Escherichia coli	GCF_033114265.2	ASM3311426v2
Escherichia coli	GCF_900497415.1	ASM90049741v1
Salmonella enterica	GCF_029692065.1	ASM2969206v1
Staphylococcus aureus	GCF_034043275.1	ASM3404327v1
Escherichia coli	GCF_019890855.1	ASM1989085v1
Escherichia coli	GCF_029849135.1	ASM2984913v1
Escherichia coli	GCF_022368815.1	ASM2236881v1
Staphylococcus aureus	GCF_008330045.1	ASM833004v1
Escherichia coli	GCF_900520345.1	ASM90052034v1
Salmonella enterica	GCF_001831715.2	ASM183171v2
Pseudomonas aeruginosa	GCF_027570835.1	ASM2757083v1
Bacillus subtilis	GCF_001808235.1	ASM180823v1
Pseudomonas aeruginosa	GCF_024803805.1	ASM2480380v1
Staphylococcus aureus	GCF_001717705.1	ASM171770v2
Escherichia coli	GCF_038627295.1	ASM3862729v2
Salmonella enterica	GCF_024364905.1	ASM2436490v1
Escherichia coli	GCF_030036755.1	ASM3003675v1
Pseudomonas aeruginosa	GCF_004355125.1	ASM435512v1
Salmonella enterica	GCF_028747905.1	ASM2874790v1
Escherichia coli	GCF_030063885.1	ASM3006388v1
Escherichia coli	GCF_002163955.1	ASM216395v1
Escherichia coli	GCF_031357065.1	ASM3135706v1
Bacillus subtilis	GCF_023702085.1	ASM2370208v1
Enterococcus faecalis	GCF_036772935.1	ASM3677293v1
Salmonella enterica	GCF_016454385.1	ASM1645438v1
Escherichia coli	GCF_034421795.1	ASM3442179v1
Escherichia coli	GCF_000299255.1	ASM29925v1
Staphylococcus aureus	GCF_900474715.1	41004_D01
Salmonella enterica	GCF_003710205.1	ASM371020v1
Escherichia coli	GCF_002741495.1	ASM274149v1
Escherichia coli	GCF_002952955.1	ASM295295v1
Escherichia coli	GCF_036511735.1	ASM3651173v1
Pseudomonas aeruginosa	GCF_013393685.1	ASM1339368v1
Limosilactobacillus fermentum	GCF_001742205.1	ASM174220v1
Escherichia coli	GCF_024585945.1	ASM2458594v1
Salmonella enterica	GCF_002238275.1	ASM223827v1
Escherichia coli	GCF_030036695.1	ASM3003669v1
Escherichia coli	GCF_034335725.2	ASM3433572v2
Staphylococcus aureus	GCF_022405375.1	ASM2240537v1
Escherichia coli	GCF_012934715.1	ASM1293471v1
Escherichia coli	GCF_028201615.1	ASM2820161v1
Salmonella enterica	GCF_037873485.1	ASM3787348v1
Escherichia coli	GCF_032354275.1	ASM3235427v1
Staphylococcus aureus	GCF_002633785.1	ASM263378v1
Salmonella enterica	GCF_015475615.1	ASM1547561v1
Listeria monocytogenes	GCF_009648635.1	ASM964863v1
Staphylococcus aureus	GCF_001880265.1	ASM188026v1
Escherichia coli	GCF_018075285.1	ASM1807528v1
Escherichia coli	GCF_030296155.1	ASM3029615v1
Escherichia coli	GCF_039909425.1	ASM3990942v1
Escherichia coli	GCF_030013755.1	ASM3001375v1
Staphylococcus aureus	GCF_022406075.1	ASM2240607v1
Limosilactobacillus fermentum	GCF_017134335.1	ASM1713433v1
Salmonella enterica	GCF_006461325.2	ASM646132v2
Salmonella enterica	GCF_019670245.1	ASM1967024v1
Staphylococcus aureus	GCF_009769095.1	ASM976909v1
Escherichia coli	GCF_024584645.1	ASM2458464v1
Escherichia coli	GCF_001485455.1	ASM148545v1
Salmonella enterica	GCF_003073595.1	ASM307359v1
Escherichia coli	GCF_040438625.1	ASM4043862v1
Escherichia coli	GCF_030296275.1	ASM3029627v1
Salmonella enterica	GCF_004798745.1	ASM479874v1
Escherichia coli	GCF_040803525.1	ASM4080352v1
Escherichia coli	GCF_036506815.1	ASM3650681v1
Pseudomonas aeruginosa	GCF_012276675.1	ASM1227667v1
Escherichia coli	GCF_040500465.1	ASM4050046v1
Staphylococcus aureus	GCF_000145595.1	ASM14559v1
Salmonella enterica	GCF_027943865.1	ASM2794386v1
Staphylococcus aureus	GCF_034043255.1	ASM3404325v1
Escherichia coli	GCF_003019155.1	ASM301915v1
Escherichia coli	GCF_900093485.1	NRZ14408_genome
Salmonella enterica	GCF_000623315.1	ASM62331v1
Escherichia coli	GCF_008329665.1	ASM832966v1
Escherichia coli	GCF_000017745.1	ASM1774v1
Staphylococcus aureus	GCF_022406015.1	ASM2240601v1
Staphylococcus aureus	GCF_030533555.1	ASM3053355v1
Escherichia coli	GCF_013167695.1	ASM1316769v1
Salmonella enterica	GCF_009756585.1	ASM975658v1
Bacillus subtilis	GCF_040819575.1	ASM4081957v1
Staphylococcus aureus	GCF_038115185.1	BSN170
Escherichia coli	GCF_029635575.1	ASM2963557v1
Staphylococcus aureus	GCF_003432345.1	ASM343234v1
Listeria monocytogenes	GCF_002213785.1	ASM221378v1
Staphylococcus aureus	GCF_037046385.2	BSN68_Closure
Escherichia coli	GCF_011404755.1	ASM1140475v1
Staphylococcus aureus	GCF_003264815.1	ASM326481v1
Pseudomonas aeruginosa	GCF_030436095.1	ASM3043609v1
Pseudomonas aeruginosa	GCF_019857505.1	ASM1985750v1
Escherichia coli	GCF_009905135.1	ASM990513v1
Salmonella enterica	GCF_006351805.1	ASM635180v1
Pseudomonas aeruginosa	GCF_028404005.1	ASM2840400v1
Pseudomonas aeruginosa	GCF_001045685.1	ASM104568v1
Bacillus subtilis	GCF_025502505.1	ASM2550250v1
Escherichia coli	GCF_029987755.1	ASM2998775v1
Staphylococcus aureus	GCF_003073395.1	ASM307339v1
Salmonella enterica	GCF_030486485.1	ASM3048648v2
Pseudomonas aeruginosa	GCF_002104615.1	ASM210461v1
Escherichia coli	GCF_013282275.1	ASM1328227v1
Escherichia coli	GCF_040267555.1	MRSN146
Escherichia coli	GCF_016776205.1	ASM1677620v1
Escherichia coli	GCF_024918135.1	ASM2491813v1
Escherichia coli	GCF_003018775.1	ASM301877v1
Escherichia coli	GCF_015353135.1	ASM1535313v1
Escherichia coli	GCF_023658405.1	ASM2365840v1
Staphylococcus aureus	GCF_025559685.1	ASM2555968v1
Staphylococcus aureus	GCF_011035105.1	ASM1103510v1
Pseudomonas aeruginosa	GCF_013305765.1	ASM1330576v1
Salmonella enterica	GCF_021266365.1	ASM2126636v1
Pseudomonas aeruginosa	GCF_001722025.1	ASM172202v1
Escherichia coli	GCF_022493355.1	ASM2249335v1
Listeria monocytogenes	GCF_000681515.2	ASM68151v2
Escherichia coli	GCF_023546845.1	ASM2354684v1
Salmonella enterica	GCF_003031835.1	ASM303183v1
Salmonella enterica	GCF_003325195.1	ASM332519v1
Pseudomonas aeruginosa	GCF_004355145.1	ASM435514v1
Escherichia coli	GCF_021441985.1	ASM2144198v1
Staphylococcus aureus	GCF_034032775.1	ASM3403277v1
Staphylococcus aureus	GCF_001046095.2	ASM104609v2
Listeria monocytogenes	GCF_000318055.1	ASM31805v1
Escherichia coli	GCF_030995185.1	ASM3099518v1
Pseudomonas aeruginosa	GCF_013343355.1	ASM1334335v1
Listeria monocytogenes	GCF_000438705.2	ASM43870v2
Staphylococcus aureus	GCF_034036855.1	ASM3403685v1
Escherichia coli	GCF_029278625.2	ASM2927862v2
Escherichia coli	GCF_002796585.1	ASM279658v1
Listeria monocytogenes	GCF_001454905.1	ASM145490v1
Staphylococcus aureus	GCF_009912675.1	ASM991267v1
Salmonella enterica	GCF_002234775.1	ASM223477v1
Escherichia coli	GCF_005222325.1	ASM522232v1
Staphylococcus aureus	GCF_003595425.1	ASM359542v1
Pseudomonas aeruginosa	GCF_039555165.1	ASM3955516v1
Salmonella enterica	GCF_021266445.1	ASM2126644v1
Staphylococcus aureus	GCF_001717725.1	ASM171772v2
Bacillus subtilis	GCF_025914075.1	ASM2591407v1
Escherichia coli	GCF_030996485.1	ASM3099648v1
Escherichia coli	GCF_036884805.1	ASM3688480v1
Salmonella enterica	GCF_037840705.1	ASM3784070v1
Pseudomonas aeruginosa	GCF_017378395.1	ASM1737839v1
Escherichia coli	GCF_024700875.2	ASM2470087v2
Staphylococcus aureus	GCF_003945425.1	ASM394542v1
Escherichia coli	GCF_005221665.1	ASM522166v1
Staphylococcus aureus	GCF_015220695.1	ASM1522069v1
Enterococcus faecalis	GCF_025958905.1	ASM2595890v1
Escherichia coli	GCF_011492925.1	ASM1149292v1
Salmonella enterica	GCF_963575755.1	GENOMIC21-001
Salmonella enterica	GCF_039777535.1	ASM3977753v1
Staphylococcus aureus	GCF_013389715.1	ASM1338971v1
Pseudomonas aeruginosa	GCF_019915465.1	ASM1991546v1
Pseudomonas aeruginosa	GCF_036237075.1	ASM3623707v1
Staphylococcus aureus	GCF_030014085.1	ASM3001408v1
Staphylococcus aureus	GCF_030219445.1	ASM3021944v1
Salmonella enterica	GCF_002984285.1	ASM298428v1
Staphylococcus aureus	GCF_030533585.1	ASM3053358v1
Escherichia coli	GCF_003711045.1	ASM371104v1
Listeria monocytogenes	GCF_003030165.1	ASM303016v1
Salmonella enterica	GCF_021266285.1	ASM2126628v1
Limosilactobacillus fermentum	GCF_002242615.1	ASM224261v1
Staphylococcus aureus	GCF_020388695.1	ASM2038869v1
Escherichia coli	GCF_003111785.1	ASM311178v1
Salmonella enterica	GCF_030517155.1	ASM3051715v1
Escherichia coli	GCF_002951855.1	ASM295185v1
Escherichia coli	GCF_037546845.1	ASM3754684v1
Staphylococcus aureus	GCF_022405355.1	ASM2240535v1
Escherichia coli	GCF_005221825.1	ASM522182v1
Escherichia coli	GCF_022493315.1	ASM2249331v1
Escherichia coli	GCF_024499305.1	ASM2449930v1
Escherichia coli	GCF_015571815.1	ASM1557181v1
Escherichia coli	GCF_012974565.1	ASM1297456v1
Escherichia coli	GCF_029094485.1	ASM2909448v1
Salmonella enterica	GCF_027942155.1	ASM2794215v1
Escherichia coli	GCF_022368895.1	ASM2236889v1
Escherichia coli	GCF_015571595.1	ASM1557159v1
Escherichia coli	GCF_016864175.1	ASM1686417v1
Salmonella enterica	GCF_020714765.1	ASM2071476v1
Salmonella enterica	GCF_003718635.1	ASM371863v1
Escherichia coli	GCF_002056145.1	ASM205614v1
Escherichia coli	GCF_016775825.1	ASM1677582v1
Listeria monocytogenes	GCF_022220765.1	ASM2222076v1
Escherichia coli	GCF_030344975.1	ASM3034497v1
Escherichia coli	GCF_002192295.1	ASM219229v1
Pseudomonas aeruginosa	GCF_004010895.1	ASM401089v1
Escherichia coli	GCF_949786275.1	EC0880B_R4
Escherichia coli	GCF_036884355.1	ASM3688435v1
Listeria monocytogenes	GCF_027504105.1	ASM2750410v1
Listeria monocytogenes	GCF_002220325.1	ASM222032v1
Escherichia coli	GCF_900635145.1	38490_G02
Pseudomonas aeruginosa	GCF_032252935.1	ASM3225293v1
Staphylococcus aureus	GCF_000967405.1	ASM96740v1
Pseudomonas aeruginosa	GCF_028404085.1	ASM2840408v1
Escherichia coli	GCF_001723505.1	ASM172350v1
Staphylococcus aureus	GCF_034016595.1	ASM3401659v1
Staphylococcus aureus	GCF_020386595.1	ASM2038659v1
Escherichia coli	GCF_002012085.1	ASM201208v1
Enterococcus faecalis	GCF_036279155.1	ASM3627915v1
Escherichia coli	GCF_030389235.1	ASM3038923v1
Bacillus subtilis	GCF_034054115.1	ASM3405411v1
Escherichia coli	GCF_040555885.1	ASM4055588v1
Listeria monocytogenes	GCF_001999005.1	ASM199900v1
Escherichia coli	GCF_021498025.2	ASM2149802v2
Listeria monocytogenes	GCF_000008285.1	ASM828v1
Escherichia coli	GCF_027945015.1	ASM2794501v1
Escherichia coli	GCF_009728565.1	ASM972856v1
Staphylococcus aureus	GCF_004785995.1	ASM478599v1
Staphylococcus aureus	GCF_037045965.2	BSN84_Closure
Bacillus subtilis	GCF_005849145.1	ASM584914v1
Escherichia coli	GCF_008124405.1	ASM812440v1
Escherichia coli	GCF_964040665.1	30224_1_201
Pseudomonas aeruginosa	GCF_025398095.1	ASM2539809v1
Staphylococcus aureus	GCF_900324275.1	6_LA_232
Listeria monocytogenes	GCF_018336675.1	ASM1833667v1
Salmonella enterica	GCF_009857075.1	ASM985707v1
Pseudomonas aeruginosa	GCF_021184265.1	ASM2118426v1
Staphylococcus aureus	GCF_022699285.1	ASM2269928v1
Staphylococcus aureus	GCF_022405935.1	ASM2240593v1
Escherichia coli	GCF_005221525.1	ASM522152v1
Enterococcus faecalis	GCF_023299605.1	ASM2329960v1
Salmonella enterica	GCF_021228955.1	ASM2122895v1
Pseudomonas aeruginosa	GCF_019857345.1	ASM1985734v1
Escherichia coli	GCF_019754155.1	ASM1975415v1
Pseudomonas aeruginosa	GCF_900618335.1	paerg012
Listeria monocytogenes	GCF_028743575.1	ASM2874357v1
Pseudomonas aeruginosa	GCF_022649245.1	ASM2264924v1
Salmonella enterica	GCF_002761155.1	ASM276115v1
Escherichia coli	GCF_024585465.1	ASM2458546v1
Staphylococcus aureus	GCF_002633765.1	ASM263376v1
Escherichia coli	GCF_001900715.1	ASM190071v1
Pseudomonas aeruginosa	GCF_006364735.1	ASM636473v1
Staphylococcus aureus	GCF_009912455.1	ASM991245v1
Salmonella enterica	GCF_024266505.1	ASM2426650v1
Escherichia coli	GCF_012934515.1	ASM1293451v1
Pseudomonas aeruginosa	GCF_021497445.1	ASM2149744v1
Salmonella enterica	GCF_003068025.2	ASM306802v2
Escherichia coli	GCF_013376515.1	ASM1337651v1
Escherichia coli	GCF_003956205.1	ASM395620v1
Salmonella enterica	GCF_002761355.1	ASM276135v1
Salmonella enterica	GCF_000487215.2	ASM48721v2
Escherichia coli	GCF_000974825.1	ASM97482v1
Staphylococcus aureus	GCF_002000745.1	ASM200074v1
Escherichia coli	GCF_029989065.1	ASM2998906v1
Escherichia coli	GCF_027925685.1	ASM2792568v1
Escherichia coli	GCF_012516455.1	ASM1251645v1
Escherichia coli	GCF_030037445.1	ASM3003744v1
Escherichia coli	GCF_003351385.1	ASM335138v1
Enterococcus faecalis	GCF_024927865.1	ASM2492786v1
Escherichia coli	GCF_013166855.1	ASM1316685v1
Salmonella enterica	GCF_013377335.1	ASM1337733v1
Escherichia coli	GCF_010092965.1	ASM1009296v1
Escherichia coli	GCF_025563435.1	ASM2556343v1
Escherichia coli	GCF_015697215.1	ASM1569721v1
Salmonella enterica	GCF_000009525.1	ASM952v1
Salmonella enterica	GCF_037777435.1	ASM3777743v1
Staphylococcus aureus	GCF_023373745.1	ASM2337374v1
Enterococcus faecalis	GCF_017357805.1	ASM1735780v1
Pseudomonas aeruginosa	GCF_030758435.1	ASM3075843v1
Escherichia coli	GCF_002993265.1	ASM299326v1
Salmonella enterica	GCF_002266205.2	ASM226620v2
Escherichia coli	GCF_034424725.1	ASM3442472v1
Escherichia coli	GCF_024331425.2	ASM2433142v2
Escherichia coli	GCF_025369795.1	ASM2536979v1
Escherichia coli	GCF_022558985.1	ASM2255898v1
Escherichia coli	GCF_013426115.1	ASM1342611v1
Pseudomonas aeruginosa	GCF_022700635.2	ASM2270063v2
Listeria monocytogenes	GCF_002105615.1	ASM210561v1
Bacillus subtilis	GCF_009662355.1	ASM966235v1
Listeria monocytogenes	GCF_029891455.2	ASM2989145v2
Salmonella enterica	GCF_030534275.1	ASM3053427v1
Bacillus subtilis	GCF_030643845.1	ASM3064384v1
Escherichia coli	GCF_003017915.1	ASM301791v1
Escherichia coli	GCF_030413785.1	ASM3041378v1
Staphylococcus aureus	GCF_009912715.1	ASM991271v1
Bacillus subtilis	GCF_001037985.1	ASM103798v1
Salmonella enterica	GCF_026801975.1	ASM2680197v1
Salmonella enterica	GCF_040822495.1	ASM4082249v1
Staphylococcus aureus	GCF_001640905.1	ASM164090v1
Salmonella enterica	GCF_015565735.1	ASM1556573v1
Escherichia coli	GCF_001900395.1	ASM190039v1
Bacillus subtilis	GCF_000349795.1	ASM34979v1
Enterococcus faecalis	GCF_005979285.1	ASM597928v1
Staphylococcus aureus	GCF_020388095.1	ASM2038809v1
Limosilactobacillus fermentum	GCF_017134355.1	ASM1713435v1
Bacillus subtilis	GCF_009665145.1	ASM966514v2
Staphylococcus aureus	GCF_030534115.1	ASM3053411v1
Escherichia coli	GCF_002951755.1	ASM295175v1
Escherichia coli	GCF_011045215.1	ASM1104521v1
Escherichia coli	GCF_002269325.1	ASM226932v1
Escherichia coli	GCF_001675145.1	ASM167514v1
Staphylococcus aureus	GCF_000009585.1	ASM958v1
Escherichia coli	GCF_038396545.1	ASM3839654v1
Escherichia coli	GCF_015534935.1	ASM1553493v1
Staphylococcus aureus	GCF_039622745.1	ASM3962274v1
Pseudomonas aeruginosa	GCF_003369735.1	ASM336973v1
Escherichia coli	GCF_008642395.1	ASM864239v1
Pseudomonas aeruginosa	GCF_030369835.1	ASM3036983v1
Escherichia coli	GCF_014171015.1	ASM1417101v1
Escherichia coli	GCF_016889125.1	ASM1688912v1
Escherichia coli	GCF_017164835.1	ASM1716483v1
Salmonella enterica	GCF_037834145.1	ASM3783414v1
Escherichia coli	GCF_002011945.1	ASM201194v1
Escherichia coli	GCF_038096125.1	ASM3809612v1
Escherichia coli	GCF_029636805.1	ASM2963680v1
Escherichia coli	GCF_013372365.1	ASM1337236v1
Pseudomonas aeruginosa	GCF_036232645.1	ASM3623264v1
Escherichia coli	GCF_030515435.1	ASM3051543v1
Listeria monocytogenes	GCF_000746625.1	ASM74662v1
Staphylococcus aureus	GCF_020388675.1	ASM2038867v1
Pseudomonas aeruginosa	GCF_030122135.1	ASM3012213v1
Salmonella enterica	GCF_001692515.1	ASM169251v1
Enterococcus faecalis	GCF_002163735.1	ASM216373v1
Salmonella enterica	GCF_006165265.1	ASM616526v1
Escherichia coli	GCF_013201175.1	ASM1320117v1
Staphylococcus aureus	GCF_009913055.1	ASM991305v1
Salmonella enterica	GCF_037881315.1	s-10827
Staphylococcus aureus	GCF_034042835.1	ASM3404283v1
Salmonella enterica	GCF_000188955.2	ASM18895v5
Escherichia coli	GCF_020423185.1	ASM2042318v1
Staphylococcus aureus	GCF_903932595.1	P3.1
Pseudomonas aeruginosa	GCF_027570515.1	ASM2757051v1
Pseudomonas aeruginosa	GCF_035621255.1	ASM3562125v1
Listeria monocytogenes	GCF_000513675.1	ASM51367v1
Salmonella enterica	GCF_030122415.1	ASM3012241v1
Escherichia coli	GCF_023658305.1	ASM2365830v1
Salmonella enterica	GCF_022117515.1	ASM2211751v1
Escherichia coli	GCF_040436815.1	ASM4043681v1
Enterococcus faecalis	GCF_002814115.1	ASM281411v1
Escherichia coli	GCF_008824125.1	ASM882412v1
Escherichia coli	GCF_003112145.1	ASM311214v1
Salmonella enterica	GCF_000486855.2	ASM48685v2
Bacillus subtilis	GCF_030847885.1	ASM3084788v1
Escherichia coli	GCF_037094555.1	ASM3709455v1
Escherichia coli	GCF_037231045.1	ASM3723104v1
Escherichia coli	GCF_032229265.1	ASM3222926v1
Salmonella enterica	GCF_004324145.2	ASM432414v2
Escherichia coli	GCF_001901065.1	ASM190106v1
Escherichia coli	GCF_024298725.1	ASM2429872v1
Pseudomonas aeruginosa	GCF_021513575.1	ASM2151357v1
Escherichia coli	GCF_003017615.1	ASM301761v1
Salmonella enterica	GCF_003718295.1	ASM371829v1
Escherichia coli	GCF_024331475.2	ASM2433147v2
Escherichia coli	GCF_026074235.1	ASM2607423v1
Escherichia coli	GCF_011330935.2	ASM1133093v2
Escherichia coli	GCF_030169335.1	ASM3016933v1
Escherichia coli	GCF_964051065.1	30602_1_64
Escherichia coli	GCF_036884645.1	ASM3688464v1
Escherichia coli	GCF_022493595.1	ASM2249359v1
Escherichia coli	GCF_029989405.1	ASM2998940v1
Escherichia coli	GCF_030384805.1	ASM3038480v1
Bacillus subtilis	GCF_030028395.1	ASM3002839v1
Enterococcus faecalis	GCF_029024925.1	ASM2902492v1
Escherichia coli	GCF_001865295.1	ASM186529v1
Escherichia coli	GCF_026247865.1	ASM2624786v1
Salmonella enterica	GCF_019670205.1	ASM1967020v1
Escherichia coli	GCF_022493635.1	ASM2249363v1
Escherichia coli	GCF_025402935.1	ASM2540293v1
Pseudomonas aeruginosa	GCF_017900915.1	ASM1790091v1
Salmonella enterica	GCF_031038275.1	ASM3103827v1
Staphylococcus aureus	GCF_004771335.1	ASM477133v1
Staphylococcus aureus	GCF_001640885.1	ASM164088v1
Escherichia coli	GCF_024662075.1	ASM2466207v1
Pseudomonas aeruginosa	GCF_900618265.1	paerg004
Enterococcus faecalis	GCF_010103655.1	ASM1010365v1
Bacillus subtilis	GCF_004119815.1	ASM411981v1
Listeria monocytogenes	GCF_002214005.1	ASM221400v1
Escherichia coli	GCF_008926085.1	ASM892608v1
Escherichia coli	GCF_003018315.1	ASM301831v1
Listeria monocytogenes	GCF_029872195.2	ASM2987219v2
Staphylococcus aureus	GCF_040362785.1	ASM4036278v1
Escherichia coli	GCF_038396525.1	ASM3839652v1
Escherichia coli	GCF_017638965.1	ASM1763896v1
Staphylococcus aureus	GCF_004153365.1	ASM415336v1
Escherichia coli	GCF_033802525.1	ASM3380252v1
Listeria monocytogenes	GCF_000438645.1	ASM43864v1
Staphylococcus aureus	GCF_003354685.1	ASM335468v1
Escherichia coli	GCF_014160155.1	ASM1416015v1
Enterococcus faecalis	GCF_023299465.1	ASM2329946v1
Pseudomonas aeruginosa	GCF_039830125.1	ASM3983012v1
Salmonella enterica	GCF_037882525.1	ASM3788252v1
Salmonella enterica	GCF_002761395.1	ASM276139v1
Pseudomonas aeruginosa	GCF_002223805.1	ASM222380v1
Staphylococcus aureus	GCF_002000725.1	ASM200072v1
Salmonella enterica	GCF_026802015.1	ASM2680201v1
Escherichia coli	GCF_017900955.1	ASM1790095v1
Pseudomonas aeruginosa	GCF_022569935.1	ASM2256993v1
Salmonella enterica	GCF_004848545.1	ASM484854v1
Escherichia coli	GCF_002763515.2	ASM276351v3
Salmonella enterica	GCF_006874805.1	ASM687480v1
Escherichia coli	GCF_026247845.1	ASM2624784v1
Escherichia coli	GCF_015534955.1	ASM1553495v1
Listeria monocytogenes	GCF_028768565.1	ASM2876856v1
Bacillus subtilis	GCF_000699465.1	ASM69946v1
Escherichia coli	GCF_003018195.1	ASM301819v1
Salmonella enterica	GCF_001690115.1	ASM169011v1
Pseudomonas aeruginosa	GCF_039622765.1	ASM3962276v1
Escherichia coli	GCF_040267565.1	MRSN23713
Salmonella enterica	GCF_001973785.2	ASM197378v2
Enterococcus faecalis	GCF_030020575.1	ASM3002057v1
Listeria monocytogenes	GCF_014843275.1	ASM1484327v1
Escherichia coli	GCF_016775885.1	ASM1677588v1
Staphylococcus aureus	GCF_900635265.1	40574_H02
Salmonella enterica	GCF_003718615.1	ASM371861v1
Escherichia coli	GCF_009650035.1	ASM965003v1
Escherichia coli	GCF_034059795.1	ASM3405979v1
Escherichia coli	GCF_038396375.1	ASM3839637v1
Escherichia coli	GCF_024399595.1	ASM2439959v1
Staphylococcus aureus	GCF_020389165.1	ASM2038916v1
Salmonella enterica	GCF_030506155.1	ASM3050615v1
Listeria monocytogenes	GCF_002213745.1	ASM221374v1
Salmonella enterica	GCF_002234755.2	ASM223475v2
Escherichia coli	GCF_964051595.1	30859_5_11
Escherichia coli	GCF_030038915.1	ASM3003891v1
Salmonella enterica	GCF_037888905.1	ASM3788890v1
Staphylococcus aureus	GCF_025559725.1	ASM2555972v1
Salmonella enterica	GCF_907163145.1	AUSMDU00027944
Escherichia coli	GCF_014522245.1	ASM1452224v1
Salmonella enterica	GCF_008244825.1	ASM824482v1
Escherichia coli	GCF_016903435.1	ASM1690343v1
Escherichia coli	GCF_013343615.1	ASM1334361v1
Escherichia coli	GCF_022695865.1	ASM2269586v1
Salmonella enterica	GCF_907163245.1	AUSMDU00007171
Escherichia coli	GCF_030908745.1	ASM3090874v1
Pseudomonas aeruginosa	GCF_024507955.1	ASM2450795v1
Salmonella enterica	GCF_037839595.1	ASM3783959v1
Escherichia coli	GCF_019720795.1	ASM1972079v1
Staphylococcus aureus	GCF_000815085.1	ASM81508v1
Escherichia coli	GCF_037287415.1	ASM3728741v1
Salmonella enterica	GCF_031039175.1	ASM3103917v1
Pseudomonas aeruginosa	GCF_019857625.1	ASM1985762v1
Escherichia coli	GCF_003856675.1	ASM385667v1
Escherichia coli	GCF_002164865.2	ASM216486v2
Salmonella enterica	GCF_004847745.1	ASM484774v1
Escherichia coli	GCF_900747785.1	VREC0864_Chromosome
Listeria monocytogenes	GCF_028674095.1	ASM2867409v1
Escherichia coli	GCF_009832885.1	ASM983288v1
Pseudomonas aeruginosa	GCF_022699505.1	ASM2269950v1
Staphylococcus aureus	GCF_019915425.1	ASM1991542v1
Enterococcus faecalis	GCF_030517415.1	ASM3051741v1
Escherichia coli	GCF_001683435.1	ASM168343v1
Escherichia coli	GCF_001874485.1	ASM187448v1
Escherichia coli	GCF_002967975.2	ASM296797v2
Escherichia coli	GCF_030345495.1	ASM3034549v1
Escherichia coli	GCF_037938425.1	ASM3793842v1
Escherichia coli	GCF_030515475.1	ASM3051547v1
Escherichia coli	GCF_002953435.1	ASM295343v1
Bacillus subtilis	GCF_905318255.2	NRS6181B
Staphylococcus aureus	GCF_038024985.1	WGS_using_MinION_R10.4.1_of_Staphylococcus_aureus_TUM22723
Bacillus subtilis	GCF_024733955.1	ASM2473395v1
Listeria monocytogenes	GCF_030168085.1	ASM3016808v1
Escherichia coli	GCF_964038595.1	30348_2_44
Staphylococcus aureus	GCF_040702955.1	ASM4070295v1
Escherichia coli	GCF_032375225.1	ASM3237522v1
Escherichia coli	GCF_030036855.1	ASM3003685v1
Escherichia coli	GCF_024225755.1	ASM2422575v1
Staphylococcus aureus	GCF_020906975.2	ASM2090697v2
Staphylococcus aureus	GCF_009739885.1	ASM973988v1
Staphylococcus aureus	GCF_900323955.1	1549-REV
Salmonella enterica	GCF_002999175.1	ASM299917v1
Salmonella enterica	GCF_028891385.1	ASM2889138v1
Escherichia coli	GCF_033395675.1	ASM3339567v1
Pseudomonas aeruginosa	GCF_013305815.1	ASM1330581v1
Escherichia coli	GCF_006777085.1	ASM677708v1
Bacillus subtilis	GCF_033392095.1	ASM3339209v1
Salmonella enterica	GCF_022936425.1	ASM2293642v1
Escherichia coli	GCF_007632435.1	ASM763243v1
Escherichia coli	GCF_030013125.1	ASM3001312v1
Staphylococcus aureus	GCF_018093065.1	ASM1809306v1
Salmonella enterica	GCF_003710185.1	ASM371018v1
Bacillus subtilis	GCF_021497545.1	ASM2149754v1
Escherichia coli	GCF_030515235.1	ASM3051523v1
Escherichia coli	GCF_002164595.2	ASM216459v2
Staphylococcus aureus	GCF_013307005.2	ASM1330700v2
Salmonella enterica	GCF_000750295.1	ASM75029v1
Salmonella enterica	GCF_000623115.2	ASM62311v2
Salmonella enterica	GCF_900205295.1	E98-3139
Escherichia coli	GCF_022494645.1	ASM2249464v1
Salmonella enterica	GCF_006969245.1	ASM696924v1
Staphylococcus aureus	GCF_022405615.1	ASM2240561v1
Escherichia coli	GCF_005222445.1	ASM522244v1
Salmonella enterica	GCF_021266245.1	ASM2126624v1
Escherichia coli	GCF_009432795.1	ASM943279v1
Escherichia coli	GCF_040790915.1	ASM4079091v1
Salmonella enterica	GCF_014858565.1	ASM1485856v1
Staphylococcus aureus	GCF_028596165.1	ASM2859616v1
Staphylococcus aureus	GCF_000010445.1	ASM1044v1
Listeria monocytogenes	GCF_002213565.1	ASM221356v1
Escherichia coli	GCF_030013455.1	ASM3001345v1
Salmonella enterica	GCF_006517135.1	ASM651713v1
Escherichia coli	GCF_025254465.1	ASM2525446v1
Salmonella enterica	GCF_020715265.1	ASM2071526v1
Pseudomonas aeruginosa	GCF_025021565.1	ASM2502156v1
Pseudomonas aeruginosa	GCF_001722005.2	ASM172200v2
Pseudomonas aeruginosa	GCF_033217895.1	ASM3321789v1
Bacillus subtilis	GCF_022700935.1	ASM2270093v1
Pseudomonas aeruginosa	GCF_036542105.1	ASM3654210v1
Escherichia coli	GCF_001900985.1	ASM190098v1
Enterococcus faecalis	GCF_022648285.1	ASM2264828v1
Escherichia coli	GCF_002012045.1	ASM201204v1
Escherichia coli	GCF_001051135.1	ASM105113v1
Escherichia coli	GCF_020423145.1	ASM2042314v1
Pseudomonas aeruginosa	GCF_021166255.2	ASM2116625v2
Escherichia coli	GCF_016776325.1	ASM1677632v1
Bacillus subtilis	GCF_037201685.1	ASM3720168v1
Pseudomonas aeruginosa	GCF_022870565.1	ASM2287056v1
Salmonella enterica	GCF_024722455.1	ASM2472245v1
Escherichia coli	GCF_003546975.1	ASM354697v1
Escherichia coli	GCF_039911655.1	ASM3991165v1
Escherichia coli	GCF_014771055.1	ASM1477105v1
Staphylococcus aureus	GCF_009912795.1	ASM991279v1
Escherichia coli	GCF_036502125.1	ASM3650212v1
Escherichia coli	GCF_029962445.1	ASM2996244v1
Escherichia coli	GCF_002012245.1	ASM201224v1
Staphylococcus aureus	GCF_034043115.1	ASM3404311v1
Escherichia coli	GCF_030013305.1	ASM3001330v1
Staphylococcus aureus	GCF_032765935.1	ASM3276593v1
Staphylococcus aureus	GCF_029634735.1	ASM2963473v1
Escherichia coli	GCF_000010385.1	ASM1038v1
Staphylococcus aureus	GCF_039622675.1	ASM3962267v1
Salmonella enterica	GCF_012052085.1	ASM1205208v1
Pseudomonas aeruginosa	GCF_029961305.1	ASM2996130v1
Escherichia coli	GCF_016803855.1	ASM1680385v1
Salmonella enterica	GCF_028735955.1	ASM2873595v1
Escherichia coli	GCF_003019215.1	ASM301921v1
Escherichia coli	GCF_022558945.1	ASM2255894v1
Escherichia coli	GCF_013201525.1	ASM1320152v1
Pseudomonas aeruginosa	GCF_013343395.1	ASM1334339v1
Pseudomonas aeruginosa	GCF_026636135.1	ASM2663613v1
Escherichia coli	GCF_028743375.1	ASM2874337v1
Bacillus subtilis	GCF_032878855.1	ASM3287885v1
Escherichia coli	GCF_017164815.1	ASM1716481v1
Escherichia coli	GCF_014805805.1	ASM1480580v1
Staphylococcus aureus	GCF_022406555.1	ASM2240655v1
Escherichia coli	GCF_024585445.1	ASM2458544v1
Staphylococcus aureus	GCF_009912495.1	ASM991249v1
Salmonella enterica	GCF_003324975.1	ASM332497v1
Escherichia coli	GCF_017743075.1	ASM1774307v1
Escherichia coli	GCF_040703075.1	ASM4070307v1
Staphylococcus aureus	GCF_000815045.1	ASM81504v1
Escherichia coli	GCF_002310695.1	ASM231069v1
Salmonella enterica	GCF_901457615.1	ERS3381924
Salmonella enterica	GCF_002386165.1	ASM238616v1
Staphylococcus aureus	GCF_000772025.1	ASM77202v1
Pseudomonas aeruginosa	GCF_035984435.1	ASM3598443v1
Pseudomonas aeruginosa	GCF_029961465.1	ASM2996146v1
Salmonella enterica	GCF_000973685.2	ASM97368v2
Escherichia coli	GCF_037126325.1	ASM3712632v1
Staphylococcus aureus	GCF_009912075.1	ASM991207v1
Staphylococcus aureus	GCF_001515705.1	ASM151570v1
Escherichia coli	GCF_005222065.1	ASM522206v1
Escherichia coli	GCF_029635865.1	ASM2963586v1
Escherichia coli	GCF_905219315.2	AI2721v1_cp
Escherichia coli	GCF_009432635.1	ASM943263v1
Salmonella enterica	GCF_001831985.2	ASM183198v2
Escherichia coli	GCF_027944915.1	ASM2794491v1
Escherichia coli	GCF_031210105.1	ASM3121010v1
Salmonella enterica	GCF_009884355.1	ASM988435v1
Staphylococcus aureus	GCF_003627835.1	ASM362783v1
Limosilactobacillus fermentum	GCF_012273035.1	ASM1227303v1
Escherichia coli	GCF_030166495.1	ASM3016649v1
Salmonella enterica	GCF_030505935.1	ASM3050593v1
Pseudomonas aeruginosa	GCF_036232685.1	ASM3623268v1
Escherichia coli	GCF_029625115.1	ASM2962511v1
Salmonella enterica	GCF_001953035.1	ASM195303v1
Staphylococcus aureus	GCF_030408995.1	ASM3040899v1
Salmonella enterica	GCF_016127435.1	ASM1612743v1
Escherichia coli	GCF_024917455.1	ASM2491745v1
Salmonella enterica	GCF_015240855.1	ASM1524085v1
Salmonella enterica	GCF_000486725.2	ASM48672v2
Staphylococcus aureus	GCF_014696255.1	ASM1469625v2
Escherichia coli	GCF_003925895.1	ASM392589v1
Escherichia coli	GCF_024507875.1	ASM2450787v1
Escherichia coli	GCF_000027125.1	ASM2712v1
Escherichia coli	GCF_003112225.1	ASM311222v1
Escherichia coli	GCF_000988355.1	ASM98835v1
Escherichia coli	GCF_002007705.1	ASM200770v1
Listeria monocytogenes	GCF_000197755.2	ASM19775v2
Escherichia coli	GCF_024499115.1	ASM2449911v1
Pseudomonas aeruginosa	GCF_019434075.1	ASM1943407v1
Staphylococcus aureus	GCF_013836745.1	ASM1383674v1
Escherichia coli	GCF_016888925.1	ASM1688892v1
Staphylococcus aureus	GCF_040361185.1	ASM4036118v1
Salmonella enterica	GCF_031039535.1	ASM3103953v1
Escherichia coli	GCF_022846255.1	ASM2284625v1
Staphylococcus aureus	GCF_004771515.1	ASM477151v1
Salmonella enterica	GCF_000818115.1	ASM81811v1
Salmonella enterica	GCF_012169275.1	ASM1216927v1
Pseudomonas aeruginosa	GCF_036232925.1	ASM3623292v1
Pseudomonas aeruginosa	GCF_027570755.1	ASM2757075v1
Staphylococcus aureus	GCF_003431365.1	ASM343136v1
Salmonella enterica	GCF_008727575.1	ASM872757v1
Escherichia coli	GCF_022353625.1	ASM2235362v1
Escherichia coli	GCF_023370175.1	ASM2337017v1
Escherichia coli	GCF_017639165.1	ASM1763916v1
Staphylococcus aureus	GCF_900324295.1	16_LA_309
Pseudomonas aeruginosa	GCF_002192495.1	ASM219249v1
Pseudomonas aeruginosa	GCF_002812865.1	ASM281286v1
Enterococcus faecalis	GCF_030020535.1	ASM3002053v1
Staphylococcus aureus	GCF_012044475.1	ASM1204447v1
Salmonella enterica	GCF_023518155.1	ASM2351815v1
Escherichia coli	GCF_017165295.1	ASM1716529v1
Salmonella enterica	GCF_003325035.1	ASM332503v1
Escherichia coli	GCF_025244805.1	ASM2524480v1
Escherichia coli	GCF_017164895.1	ASM1716489v1
Salmonella enterica	GCF_024364885.1	ASM2436488v1
Bacillus subtilis	GCF_009913575.1	ASM991357v1
Pseudomonas aeruginosa	GCF_030034635.1	ASM3003463v1
Escherichia coli	GCF_019645995.1	ASM1964599v1
Salmonella enterica	GCF_003719235.1	ASM371923v1
Escherichia coli	GCF_014169775.1	ASM1416977v1
Escherichia coli	GCF_001901315.1	ASM190131v1
Escherichia coli	GCF_024502345.1	ASM2450234v1
Escherichia coli	GCF_036503275.1	ASM3650327v1
Pseudomonas aeruginosa	GCF_019857525.1	ASM1985752v1
Escherichia coli	GCF_016904055.1	ASM1690405v1
Salmonella enterica	GCF_024364945.1	ASM2436494v1
Salmonella enterica	GCF_001441205.1	ASM144120v1
Listeria monocytogenes	GCF_001889585.2	ASM188958v2
Staphylococcus aureus	GCF_003354765.1	ASM335476v1
Staphylococcus aureus	GCF_003111725.1	ASM311172v1
Staphylococcus aureus	GCF_013467405.1	ASM1346740v1
Escherichia coli	GCF_036884795.1	ASM3688479v1
Escherichia coli	GCF_024199045.2	ASM2419904v2
Salmonella enterica	GCF_000487575.2	ASM48757v2
Escherichia coli	GCF_024700835.2	ASM2470083v2
Staphylococcus aureus	GCF_030533535.1	ASM3053353v1
Salmonella enterica	GCF_020714925.1	ASM2071492v1
Bacillus subtilis	GCF_005234095.1	ASM523409v1
Staphylococcus aureus	GCF_004772215.1	ASM477221v1
Salmonella enterica	GCF_024266565.1	ASM2426656v1
Escherichia coli	GCF_003018395.1	ASM301839v1
Staphylococcus aureus	GCF_008330585.1	ASM833058v1
Pseudomonas aeruginosa	GCF_951802375.2	Paer3541.1
Salmonella enterica	GCF_030980015.1	ASM3098001v1
Escherichia coli	GCF_003254065.1	ASM325406v1
Escherichia coli	GCF_013166875.1	ASM1316687v1
Escherichia coli	GCF_024734835.1	ASM2473483v1
Pseudomonas aeruginosa	GCF_019857645.1	ASM1985764v1
Escherichia coli	GCF_036884375.1	ASM3688437v1
Escherichia coli	GCF_032463745.1	ASM3246374v1
Staphylococcus aureus	GCF_020389445.1	ASM2038944v1
Pseudomonas aeruginosa	GCF_003073735.1	ASM307373v1
Salmonella enterica	GCF_000623735.2	ASM62373v2
Salmonella enterica	GCF_000258365.1	ASM25836v1
Escherichia coli	GCF_022558645.1	ASM2255864v1
Escherichia coli	GCF_030346995.2	ASM3034699v2
Escherichia coli	GCF_004328685.1	ASM432868v1
Listeria monocytogenes	GCF_029891465.2	ASM2989146v2
Listeria monocytogenes	GCF_018336715.1	ASM1833671v1
Escherichia coli	GCF_964045445.1	30224_1_355
Escherichia coli	GCF_024760205.1	ASM2476020v1
Pseudomonas aeruginosa	GCF_036232105.1	ASM3623210v1
Salmonella enterica	GCF_030254665.1	ASM3025466v1
Salmonella enterica	GCF_004847545.1	ASM484754v1
Escherichia coli	GCF_916098175.1	CNR85I8gen
Pseudomonas aeruginosa	GCF_030264075.1	ASM3026407v1
Staphylococcus aureus	GCF_022405675.1	ASM2240567v1
Staphylococcus aureus	GCF_022693245.1	ASM2269324v1
Escherichia coli	GCF_027944875.1	ASM2794487v1
Pseudomonas aeruginosa	GCF_036232945.1	ASM3623294v1
Escherichia coli	GCF_005014055.1	ASM501405v1
Salmonella enterica	GCF_004136335.1	ASM413633v1
Pseudomonas aeruginosa	GCF_027571345.1	ASM2757134v1
Staphylococcus aureus	GCF_015774855.1	ASM1577485v1
Escherichia coli	GCF_040551085.1	ASM4055108v1
Staphylococcus aureus	GCF_030534095.1	ASM3053409v1
Bacillus subtilis	GCF_002201955.1	ASM220195v1
Escherichia coli	GCF_029990495.1	ASM2999049v1
Pseudomonas aeruginosa	GCF_025398135.1	ASM2539813v1
Salmonella enterica	GCF_003429465.1	ASM342946v1
Escherichia coli	GCF_003966795.1	ASM396679v1
Pseudomonas aeruginosa	GCF_015832055.1	ASM1583205v1
Escherichia coli	GCF_031547025.1	ASM3154702v1
Escherichia coli	GCF_005954605.1	ASM595460v1
Bacillus subtilis	GCF_003184225.1	ASM318422v1
Staphylococcus aureus	GCF_000011265.1	ASM1126v1
Salmonella enterica	GCF_002313105.1	ASM231310v1
Staphylococcus aureus	GCF_005890035.1	ASM589003v1
Salmonella enterica	GCF_004194635.3	ASM419463v5
Staphylococcus aureus	GCF_002000705.1	ASM200070v1
Limosilactobacillus fermentum	GCF_016861955.1	ASM1686195v1
Salmonella enterica	GCF_005889975.1	ASM588997v1
Salmonella enterica	GCF_001620115.1	ASM162011v1
Salmonella enterica	GCF_000626195.1	ASM62619v1
Bacillus subtilis	GCF_001465815.1	ASM146581v1
Escherichia coli	GCF_023100765.1	ASM2310076v1
Escherichia coli	GCF_025369815.1	ASM2536981v1
Staphylococcus aureus	GCF_019550875.1	ASM1955087v1
Salmonella enterica	GCF_015159575.1	ASM1515957v1
Salmonella enterica	GCF_030254805.1	ASM3025480v1
Escherichia coli	GCF_000599705.1	ASM59970v1
Salmonella enterica	GCF_002900325.1	ASM290032v1
Salmonella enterica	GCF_028893215.1	ASM2889321v1
Escherichia coli	GCF_013167315.1	ASM1316731v1
Escherichia coli	GCF_000019645.1	ASM1964v1
Bacillus subtilis	GCF_028541565.1	ASM2854156v1
Salmonella enterica	GCF_001831555.2	ASM183155v2
Escherichia coli	GCF_008124125.1	ASM812412v1
Staphylococcus aureus	GCF_020388845.1	ASM2038884v1
Escherichia coli	GCF_038396505.1	ASM3839650v1
Salmonella enterica	GCF_001832255.2	ASM183225v2
Listeria monocytogenes	GCF_002213625.1	ASM221362v1
Staphylococcus aureus	GCF_031826655.1	ASM3182665v1
Pseudomonas aeruginosa	GCF_018409365.1	ASM1840936v1
Escherichia coli	GCF_037759535.1	ASM3775953v1
Pseudomonas aeruginosa	GCF_013393705.1	ASM1339370v1
Pseudomonas aeruginosa	GCF_023066825.1	ASM2306682v1
Escherichia coli	GCF_002953455.1	ASM295345v1
Enterococcus faecalis	GCF_025958845.1	ASM2595884v1
Escherichia coli	GCF_038396365.1	ASM3839636v1
Salmonella enterica	GCF_006165225.1	ASM616522v1
Salmonella enterica	GCF_003030285.2	ASM303028v2
Pseudomonas aeruginosa	GCF_029962205.1	ASM2996220v1
Listeria monocytogenes	GCF_001952735.1	ASM195273v1
Escherichia coli	GCF_002211725.1	ASM221172v1
Salmonella enterica	GCF_000238455.2	ASM23845v3
Escherichia coli	GCF_014157395.1	ASM1415739v1
Staphylococcus aureus	GCF_001956755.1	ASM195675v1
Escherichia coli	GCF_036884365.1	ASM3688436v1
Salmonella enterica	GCF_033403855.1	ASM3340385v1
Escherichia coli	GCF_002246595.2	ASM224659v3
Escherichia coli	GCF_024223415.1	ASM2422341v1
Escherichia coli	GCF_002024865.1	ASM202486v1
Escherichia coli	GCF_036818325.1	ASM3681832v1
Pseudomonas aeruginosa	GCF_013343315.1	ASM1334331v1
Staphylococcus aureus	GCF_022699265.1	ASM2269926v1
Escherichia coli	GCF_036494325.1	ASM3649432v1
Escherichia coli	GCF_036287745.1	ASM3628774v1
Escherichia coli	GCF_029223625.1	ASM2922362v1
Staphylococcus aureus	GCF_022405915.1	ASM2240591v1
Escherichia coli	GCF_040268295.1	ASM4026829v1
Bacillus subtilis	GCF_024508095.1	ASM2450809v1
Escherichia coli	GCF_036884405.1	ASM3688440v1
Salmonella enterica	GCF_003054535.1	ASM305453v1
Escherichia coli	GCF_024331585.2	ASM2433158v2
Escherichia coli	GCF_004924275.1	ASM492427v1
Escherichia coli	GCF_002156825.1	ASM215682v1
Escherichia coli	GCF_018884305.1	ASM1888430v1
Pseudomonas aeruginosa	GCF_039622755.1	ASM3962275v1
Staphylococcus aureus	GCF_030345195.1	ASM3034519v1
Salmonella enterica	GCF_026801955.1	ASM2680195v1
Escherichia coli	GCF_019915505.1	ASM1991550v1
Salmonella enterica	GCF_016454205.1	ASM1645420v1
Escherichia coli	GCF_008065435.1	ASM806543v1
Salmonella enterica	GCF_000462995.1	ASM46299v1
Escherichia coli	GCF_013167015.1	ASM1316701v1
Pseudomonas aeruginosa	GCF_032699645.1	ASM3269964v1
Pseudomonas aeruginosa	GCF_038396855.1	ASM3839685v1
Staphylococcus aureus	GCF_020388785.1	ASM2038878v1
Salmonella enterica	GCF_003590695.1	ASM359069v1
Salmonella enterica	GCF_001051545.2	ASM105154v2
Staphylococcus aureus	GCF_038789165.1	19-00012_RKI_Sau
Salmonella enterica	GCF_004022525.1	ASM402252v1
Escherichia coli	GCF_021534945.1	ASM2153494v1
Staphylococcus aureus	GCF_009913215.1	ASM991321v1
Salmonella enterica	GCF_021399255.1	ASM2139925v1
Limosilactobacillus fermentum	GCF_034328545.1	ASM3432854v1
Escherichia coli	GCF_002180095.1	ASM218009v1
Escherichia coli	GCF_002899475.1	ASM289947v1
Escherichia coli	GCF_963575325.1	F163
Escherichia coli	GCF_030520165.1	ASM3052016v1
Escherichia coli	GCF_036703555.1	ASM3670355v1
Escherichia coli	GCF_003017555.1	ASM301755v1
Salmonella enterica	GCF_012052965.1	ASM1205296v1
Escherichia coli	GCF_029989625.1	ASM2998962v1
Staphylococcus aureus	GCF_021869805.1	ASM2186980v1
Salmonella enterica	GCF_000486765.2	ASM48676v2
Escherichia coli	GCF_002012145.1	ASM201214v1
Escherichia coli	GCF_034644215.1	ASM3464421v1
Staphylococcus aureus	GCF_900474755.1	41236_E02
Salmonella enterica	GCF_030122175.1	ASM3012217v1
Escherichia coli	GCF_003966445.1	ASM396644v1
Escherichia coli	GCF_001559655.1	ASM155965v1
Staphylococcus aureus	GCF_034042795.1	ASM3404279v1
Salmonella enterica	GCF_002128385.1	ASM212838v1
Salmonella enterica	GCF_028893255.1	ASM2889325v1
Salmonella enterica	GCF_030505775.1	ASM3050577v1
Pseudomonas aeruginosa	GCF_015832075.1	ASM1583207v1
Escherichia coli	GCF_017338715.1	ASM1733871v1
Salmonella enterica	GCF_016454465.1	ASM1645446v1
Escherichia coli	GCF_964054465.1	30821_1_330
Escherichia coli	GCF_030515615.1	ASM3051561v1
Escherichia coli	GCF_014863705.1	ASM1486370v1
Escherichia coli	GCF_018884365.1	ASM1888436v1
Enterococcus faecalis	GCF_036689605.1	ASM3668960v1
Salmonella enterica	GCF_003324815.1	ASM332481v1
Salmonella enterica	GCF_004919445.1	ASM491944v1
Pseudomonas aeruginosa	GCF_009676765.1	ASM967676v1
Pseudomonas aeruginosa	GCF_019379355.1	ASM1937935v1
Escherichia coli	GCF_003399845.2	ASM339984v2
Staphylococcus aureus	GCF_040047685.1	SAWL001
Staphylococcus aureus	GCF_009913135.1	ASM991313v1
Salmonella enterica	GCF_004136095.1	ASM413609v1
Escherichia coli	GCF_003031225.1	ASM303122v1
Enterococcus faecalis	GCF_025958805.1	ASM2595880v1
Salmonella enterica	GCF_039852005.1	ASM3985200v1
Listeria monocytogenes	GCF_037055935.1	ASM3705593v1
Escherichia coli	GCF_030708155.1	ASM3070815v1
Escherichia coli	GCF_002310575.1	ASM231057v1
Escherichia coli	GCF_030013005.1	ASM3001300v1
Salmonella enterica	GCF_019469485.1	ASM1946948v1
Staphylococcus aureus	GCF_001281145.1	ASM128114v1
Salmonella enterica	GCF_037770365.1	ASM3777036v1
Salmonella enterica	GCF_003864055.1	ASM386405v1
Escherichia coli	GCF_000499485.1	MYMC4100
Escherichia coli	GCF_036497105.1	ASM3649710v1
Pseudomonas aeruginosa	GCF_019364615.1	ASM1936461v1
Pseudomonas aeruginosa	GCF_013343555.1	ASM1334355v1
Listeria monocytogenes	GCF_002105695.1	ASM210569v1
Pseudomonas aeruginosa	GCF_001293085.1	ASM129308v1
Salmonella enterica	GCF_030166335.1	ASM3016633v1
Salmonella enterica	GCF_039775395.1	ASM3977539v1
Salmonella enterica	GCF_030122375.1	ASM3012237v1
Escherichia coli	GCF_030039345.1	ASM3003934v1
Escherichia coli	GCF_016776265.1	ASM1677626v1
Pseudomonas aeruginosa	GCF_001870265.1	ASM187026v1
Staphylococcus aureus	GCF_026636215.1	ASM2663621v1
Staphylococcus aureus	GCF_037217515.1	BSN102_contigs
Escherichia coli	GCF_013390265.1	ASM1339026v1
Salmonella enterica	GCF_037835685.1	ASM3783568v1
Staphylococcus aureus	GCF_000159535.2	ASM15953v2
Escherichia coli	GCF_002741295.1	ASM274129v1
Escherichia coli	GCF_036508215.1	ASM3650821v1
Pseudomonas aeruginosa	GCF_030122035.1	ASM3012203v1
Escherichia coli	GCF_002787645.1	ASM278764v1
Salmonella enterica	GCF_002761475.1	ASM276147v1
Escherichia coli	GCF_037081995.1	ASM3708199v1
Enterococcus faecalis	GCF_029011255.1	ASM2901125v1
Salmonella enterica	GCF_030505875.1	ASM3050587v1
Escherichia coli	GCF_027925825.1	ASM2792582v1
Escherichia coli	GCF_014904135.2	ASM1490413v2
Listeria monocytogenes	GCF_000026705.1	ASM2670v1
Escherichia coli	GCF_022023755.1	ASM2202375v1
Escherichia coli	GCF_025200615.1	ASM2520061v1
Escherichia coli	GCF_014295215.1	ASM1429521v1
Pseudomonas aeruginosa	GCF_028403965.1	ASM2840396v1
Escherichia coli	GCF_030419105.1	ASM3041910v1
Enterococcus faecalis	GCF_030295805.1	ASM3029580v1
Listeria monocytogenes	GCF_002213665.1	ASM221366v1
Salmonella enterica	GCF_002196535.1	ASM219653v1
Pseudomonas aeruginosa	GCF_032847385.1	ASM3284738v1
Escherichia coli	GCF_030162035.2	ASM3016203v2
Escherichia coli	GCF_003413625.1	ASM341362v1
Salmonella enterica	GCF_028892825.1	ASM2889282v1
Pseudomonas aeruginosa	GCF_015697465.1	ASM1569746v1
Pseudomonas aeruginosa	GCF_003641125.1	ASM364112v1
Escherichia coli	GCF_002967875.2	ASM296787v2
Escherichia coli	GCF_003018335.1	ASM301833v1
Escherichia coli	GCF_019969625.1	ASM1996962v1
Escherichia coli	GCF_024917975.1	ASM2491797v1
Staphylococcus aureus	GCF_022405415.1	ASM2240541v1
Listeria monocytogenes	GCF_000307085.1	ASM30708v1
Escherichia coli	GCF_030345515.1	ASM3034551v1
Escherichia coli	GCF_032681145.1	ASM3268114v1
Escherichia coli	GCF_004011015.1	ASM401101v1
Enterococcus faecalis	GCF_034642355.1	ASM3464235v1
Pseudomonas aeruginosa	GCF_003060845.1	ASM306084v1
Enterococcus faecalis	GCF_023299425.1	ASM2329942v1
Pseudomonas aeruginosa	GCF_036233595.1	ASM3623359v1
Pseudomonas aeruginosa	GCF_033615795.1	ASM3361579v1
Salmonella enterica	GCF_015697745.1	ASM1569774v1
Escherichia coli	GCF_036287825.1	ASM3628782v1
Escherichia coli	GCF_020388055.1	ASM2038805v1
Escherichia coli	GCF_905330065.2	AI2834v1_cpp
Escherichia coli	GCF_013342925.1	ASM1334292v1
Escherichia coli	GCF_030708055.1	ASM3070805v1
Staphylococcus aureus	GCF_026547035.1	ASM2654703v1
Salmonella enterica	GCF_001623685.1	ASM162368v1
Escherichia coli	GCF_003288415.1	ASM328841v1
Pseudomonas aeruginosa	GCF_003411785.2	ASM341178v2
Listeria monocytogenes	GCF_000195395.5	ASM19539v6
Escherichia coli	GCF_019844035.1	ASM1984403v1
Salmonella enterica	GCF_006741505.1	ASM674150v1
Salmonella enterica	GCF_030254765.1	ASM3025476v1
Escherichia coli	GCF_009671105.1	ASM967110v1
Salmonella enterica	GCF_019969255.1	ASM1996925v1
Escherichia coli	GCF_017357565.1	ASM1735756v1
Escherichia coli	GCF_001753465.1	ASM175346v1
Escherichia coli	GCF_017164995.1	ASM1716499v1
Escherichia coli	GCF_002787315.1	ASM278731v1
Salmonella enterica	GCF_019710375.1	ASM1971037v1
Salmonella enterica	GCF_021397675.1	ASM2139767v1
Escherichia coli	GCF_004006575.1	ASM400657v1
Salmonella enterica	GCF_000818075.1	ASM81807v1
Salmonella enterica	GCF_021474285.1	ASM2147428v1
Pseudomonas aeruginosa	GCF_021166275.2	ASM2116627v2
Escherichia coli	GCF_030347055.1	ASM3034705v1
Pseudomonas aeruginosa	GCF_032941915.1	ASM3294191v1
Bacillus subtilis	GCF_012648345.1	ASM1264834v1
Listeria monocytogenes	GCF_029891565.2	ASM2989156v2
Limosilactobacillus fermentum	GCF_028463945.1	ASM2846394v1
Escherichia coli	GCF_000599665.1	ASM59966v1
Escherichia coli	GCF_008364435.2	ASM836443v2
Escherichia coli	GCF_949786285.1	EC0026B_R4
Salmonella enterica	GCF_001305815.1	ASM130581v1
Salmonella enterica	GCF_008244805.1	ASM824480v1
Salmonella enterica	GCF_002504105.1	ASM250410v1
Escherichia coli	GCF_036499905.1	ASM3649990v1
Staphylococcus aureus	GCF_000626615.2	ASM62661v3
Staphylococcus aureus	GCF_024741735.1	ASM2474173v1
Salmonella enterica	GCF_037879565.1	ASM3787956v1
Staphylococcus aureus	GCF_022369695.1	ASM2236969v1
Escherichia coli	GCF_036500285.1	ASM3650028v1
Escherichia coli	GCF_039583305.1	ASM3958330v1
Escherichia coli	GCF_001900515.1	ASM190051v1
Escherichia coli	GCF_028743755.1	ASM2874375v1
Escherichia coli	GCF_002796445.1	ASM279644v1
Salmonella enterica	GCF_029625035.1	ASM2962503v1
Escherichia coli	GCF_001663475.1	ASM166347v1
Pseudomonas aeruginosa	GCF_001516185.2	ASM151618v2
Escherichia coli	GCF_022494315.1	ASM2249431v1
Listeria monocytogenes	GCF_001047715.2	ASM104771v2
Escherichia coli	GCF_020181535.1	ASM2018153v1
Escherichia coli	GCF_025398755.1	ASM2539875v1
Escherichia coli	GCF_030991405.1	ASM3099140v1
Escherichia coli	GCF_019969545.1	ASM1996954v1
Salmonella enterica	GCF_004358925.1	ASM435892v1
Escherichia coli	GCF_037287435.1	ASM3728743v1
Escherichia coli	GCF_024917235.1	ASM2491723v1
Limosilactobacillus fermentum	GCF_040790835.1	ASM4079083v1
Escherichia coli	GCF_024585525.1	ASM2458552v1
Staphylococcus aureus	GCF_022405895.1	ASM2240589v1
Bacillus subtilis	GCF_023521635.1	ASM2352163v1
Pseudomonas aeruginosa	GCF_036233475.1	ASM3623347v1
Limosilactobacillus fermentum	GCF_002119645.1	ASM211964v1
Staphylococcus aureus	GCF_002786535.1	ASM278653v1
Staphylococcus aureus	GCF_036867125.2	BSN31_closure
Listeria monocytogenes	GCF_000168595.2	ASM16859v2
Staphylococcus aureus	GCF_040365085.1	ASM4036508v1
Staphylococcus aureus	GCF_030533805.1	ASM3053380v1
Salmonella enterica	GCF_001972625.2	ASM197262v2
Salmonella enterica	GCF_002211965.1	ASM221196v1
Staphylococcus aureus	GCF_001465755.1	ASM146575v1
Staphylococcus aureus	GCF_022832775.1	ASM2283277v1
Escherichia coli	GCF_018279225.1	ASM1827922v1
Escherichia coli	GCF_013167335.1	ASM1316733v1
Escherichia coli	GCF_013112335.1	ASM1311233v1
Bacillus subtilis	GCF_016894165.1	ASM1689416v1
Bacillus subtilis	GCF_004119695.1	ASM411969v1
Escherichia coli	GCF_900699165.1	39282_E01-4
Escherichia coli	GCF_027474485.1	ASM2747448v1
Escherichia coli	GCF_025946525.1	ASM2594652v1
Pseudomonas aeruginosa	GCF_021166375.2	ASM2116637v2
Escherichia coli	GCF_964052815.1	30224_1_48
Escherichia coli	GCF_024585745.1	ASM2458574v1
Staphylococcus aureus	GCF_022406315.1	ASM2240631v1
Escherichia coli	GCF_022493575.1	ASM2249357v1
Salmonella enterica	GCF_030863605.1	ASM3086360v1
Escherichia coli	GCF_029223645.1	ASM2922364v1
Salmonella enterica	GCF_000623095.1	ASM62309v2
Salmonella enterica	GCF_021474325.1	ASM2147432v1
Salmonella enterica	GCF_020714905.1	ASM2071490v1
Pseudomonas aeruginosa	GCF_001516225.2	ASM151622v2
Staphylococcus aureus	GCF_022691345.1	ASM2269134v1
Pseudomonas aeruginosa	GCF_019378915.1	ASM1937891v1
Salmonella enterica	GCF_031184795.1	ASM3118479v1
Salmonella enterica	GCF_030517175.1	ASM3051717v1
Staphylococcus aureus	GCF_002214665.1	ASM221466v1
Escherichia coli	GCF_032292885.1	ASM3229288v1
Escherichia coli	GCF_016944675.1	ASM1694467v1
Salmonella enterica	GCF_029674745.1	ASM2967474v1
Listeria monocytogenes	GCF_022220805.1	ASM2222080v1
Escherichia coli	GCF_000520055.1	ASM52005v1
Escherichia coli	GCF_003018495.1	ASM301849v1
Pseudomonas aeruginosa	GCF_040429595.1	ASM4042959v1
Pseudomonas aeruginosa	GCF_905071885.1	MINF_3A
Staphylococcus aureus	GCF_015999445.1	ASM1599944v1
Pseudomonas aeruginosa	GCF_036237015.1	ASM3623701v1
Escherichia coli	GCF_005037735.1	ASM503773v2
Bacillus subtilis	GCF_023521615.1	ASM2352161v1
Escherichia coli	GCF_019334385.1	ASM1933438v1
Escherichia coli	GCF_022846215.1	ASM2284621v1
Staphylococcus aureus	GCF_900474725.1	40677_A01
Salmonella enterica	GCF_028892635.1	ASM2889263v1
Enterococcus faecalis	GCF_028335545.1	ASM2833554v1
Escherichia coli	GCF_019431315.1	ASM1943131v1
Escherichia coli	GCF_029026925.1	ASM2902692v1
Staphylococcus aureus	GCF_002000585.1	ASM200058v1
Listeria monocytogenes	GCF_001548635.2	ASM154863v2
Salmonella enterica	GCF_016452085.1	ASM1645208v1
Enterococcus faecalis	GCF_022212905.1	ASM2221290v1
Staphylococcus aureus	GCF_900607295.1	BPH2869
Salmonella enterica	GCF_003184425.1	ASM318442v1
Salmonella enterica	GCF_003717775.1	ASM371777v1
Pseudomonas aeruginosa	GCF_021497305.1	ASM2149730v1
Escherichia coli	GCF_009905115.1	ASM990511v1
Escherichia coli	GCF_037287675.1	ASM3728767v1
Staphylococcus aureus	GCF_025152705.1	ASM2515270v1
Salmonella enterica	GCF_000953495.1	SINFA
Staphylococcus aureus	GCF_031583105.1	ASM3158310v1
Salmonella enterica	GCF_020715305.1	ASM2071530v1
Salmonella enterica	GCF_016454765.1	ASM1645476v1
Listeria monocytogenes	GCF_029872175.2	ASM2987217v2
Pseudomonas aeruginosa	GCF_029961425.1	ASM2996142v1
Escherichia coli	GCF_006352265.1	ASM635226v1
Escherichia coli	GCF_010365505.1	ASM1036550v1
Enterococcus faecalis	GCF_023299645.1	ASM2329964v1
Escherichia coli	GCF_003999795.1	ASM399979v1
Pseudomonas aeruginosa	GCF_036232705.1	ASM3623270v1
Staphylococcus aureus	GCF_025559325.1	ASM2555932v1
Escherichia coli	GCF_001886935.1	ASM188693v1
Staphylococcus aureus	GCF_030064005.1	ASM3006400v1
Escherichia coli	GCF_011403355.1	ASM1140335v1
Salmonella enterica	GCF_004919165.1	ASM491916v1
Listeria monocytogenes	GCF_902385845.1	UHGG_MGYG-HGUT-02325
Escherichia coli	GCF_023516075.1	ASM2351607v1
Escherichia coli	GCF_021559835.1	ASM2155983v1
Escherichia coli	GCF_024331495.2	ASM2433149v2
Salmonella enterica	GCF_017893625.1	ASM1789362v1
Escherichia coli	GCF_035974115.1	ASM3597411v1
Escherichia coli	GCF_025995535.1	ASM2599553v1
Escherichia coli	GCF_002899535.1	ASM289953v1
Escherichia coli	GCF_030347195.1	ASM3034719v1
Pseudomonas aeruginosa	GCF_024266915.1	ASM2426691v1
Escherichia coli	GCF_024585845.1	ASM2458584v1
Salmonella enterica	GCF_025643195.1	ASM2564319v1
Escherichia coli	GCF_018279585.1	ASM1827958v1
Salmonella enterica	GCF_003325135.1	ASM332513v1
Staphylococcus aureus	GCF_030644125.1	ASM3064412v1
Limosilactobacillus fermentum	GCF_008802915.1	ASM880291v1
Escherichia coli	GCF_002968715.1	ASM296871v1
Pseudomonas aeruginosa	GCF_039921825.1	ASM3992182v1
Staphylococcus aureus	GCF_037076505.1	ASM3707650v1
Enterococcus faecalis	GCF_022699585.1	ASM2269958v1
Bacillus subtilis	GCF_000321395.1	ASM32139v1
Staphylococcus aureus	GCF_040254315.1	ASM4025431v1
Pseudomonas aeruginosa	GCF_016864415.1	ASM1686441v1
Escherichia coli	GCF_018323825.1	ASM1832382v1
Escherichia coli	GCF_030708395.1	ASM3070839v1
Staphylococcus aureus	GCF_900324385.1	20_LA_415
Staphylococcus aureus	GCF_003193745.1	ASM319374v1
Listeria monocytogenes	GCF_026976075.1	ASM2697607v1
Escherichia coli	GCF_037287475.1	ASM3728747v1
Staphylococcus aureus	GCF_016496025.1	ASM1649602v1
Escherichia coli	GCF_001890345.1	ASM189034v1
Salmonella enterica	GCF_037821945.1	ASM3782194v1
Escherichia coli	GCF_030028195.1	ASM3002819v1
Salmonella enterica	GCF_026873365.1	ASM2687336v1
Escherichia coli	GCF_037277815.1	ASM3727781v1
Staphylococcus aureus	GCF_001900185.1	ASM190018v1
Escherichia coli	GCF_030345435.1	ASM3034543v1
Salmonella enterica	GCF_024917215.1	ASM2491721v1
Salmonella enterica	GCF_002265865.2	ASM226586v2
Pseudomonas aeruginosa	GCF_002968515.1	ASM296851v1
Enterococcus faecalis	GCF_014844235.1	ASM1484423v1
Staphylococcus aureus	GCF_030717545.1	ASM3071754v1
Escherichia coli	GCF_000026285.1	ASM2628v2
Salmonella enterica	GCF_025259345.1	ASM2525934v1
Bacillus subtilis	GCF_009662255.1	ASM966225v1
Salmonella enterica	GCF_004136075.1	ASM413607v1
Pseudomonas aeruginosa	GCF_021513615.1	ASM2151361v1
Escherichia coli	GCF_040250335.1	ASM4025033v1
Pseudomonas aeruginosa	GCF_030413195.1	ASM3041319v1
Staphylococcus aureus	GCF_034042675.1	ASM3404267v1
Salmonella enterica	GCF_020691705.1	ASM2069170v1
Salmonella enterica	GCF_028623105.1	ASM2862310v1
Pseudomonas aeruginosa	GCF_027570475.1	ASM2757047v1
Escherichia coli	GCF_030707955.1	ASM3070795v1
Salmonella enterica	GCF_009728895.2	ASM972889v2
Enterococcus faecalis	GCF_024579755.1	ASM2457975v1
Escherichia coli	GCF_024396555.1	ASM2439655v1
Salmonella enterica	GCF_004919325.1	ASM491932v1
Pseudomonas aeruginosa	GCF_025263605.1	ASM2526360v1
Escherichia coli	GCF_037527585.1	ASM3752758v1
Salmonella enterica	GCF_022559385.1	ASM2255938v1
Escherichia coli	GCF_005221585.1	ASM522158v1
Pseudomonas aeruginosa	GCF_900618325.1	paerg011
Pseudomonas aeruginosa	GCF_029961285.1	ASM2996128v1
Escherichia coli	GCF_009738145.1	ASM973814v1
Listeria monocytogenes	GCF_002213945.1	ASM221394v1
Escherichia coli	GCF_023546825.1	ASM2354682v1
Staphylococcus aureus	GCF_002633805.1	ASM263380v1
Enterococcus faecalis	GCF_901553725.1	42197_D01
Salmonella enterica	GCF_008728495.1	ASM872849v1
Salmonella enterica	GCF_001922165.1	ASM192216v1
Escherichia coli	GCF_022558765.1	ASM2255876v1
Escherichia coli	GCF_008727135.1	ASM872713v1
Escherichia coli	GCF_013167395.1	ASM1316739v1
Escherichia coli	GCF_025999515.1	ASM2599951v1
Salmonella enterica	GCF_004324315.2	ASM432431v2
Bacillus subtilis	GCF_034377505.1	ASM3437750v1
Staphylococcus aureus	GCF_002000625.1	ASM200062v1
Salmonella enterica	GCF_022670755.1	ASM2267075v1
Pseudomonas aeruginosa	GCF_027571115.1	ASM2757111v1
Salmonella enterica	GCF_019670185.1	ASM1967018v1
Escherichia coli	GCF_003956465.1	ASM395646v1
Escherichia coli	GCF_036884755.1	ASM3688475v1
Escherichia coli	GCF_001900295.1	ASM190029v1
Staphylococcus aureus	GCF_022405575.1	ASM2240557v1
Pseudomonas aeruginosa	GCF_021166355.2	ASM2116635v2
Escherichia coli	GCF_014656605.1	ASM1465660v1
Escherichia coli	GCF_022558665.1	ASM2255866v1
Escherichia coli	GCF_029854515.1	ASM2985451v1
Escherichia coli	GCF_002951775.1	ASM295177v1
Escherichia coli	GCF_008761475.2	ASM876147v2
Staphylococcus aureus	GCF_009176765.1	ASM917676v1
Salmonella enterica	GCF_028607065.2	ASM2860706v2
Escherichia coli	GCF_013166955.1	ASM1316695v1
Escherichia coli	GCF_002192275.1	ASM219227v1
Staphylococcus aureus	GCF_005931015.2	ASM593101v2
Escherichia coli	GCF_000803705.1	ASM80370v1
Escherichia coli	GCF_003351485.1	ASM335148v1
Escherichia coli	GCF_016026195.1	ASM1602619v1
Staphylococcus aureus	GCF_038449175.2	Annotated_PS00642
Salmonella enterica	GCF_020714685.1	ASM2071468v1
Escherichia coli	GCF_000988385.1	ASM98838v1
Salmonella enterica	GCF_009729935.1	ASM972993v1
Escherichia coli	GCF_000743255.1	ASM74325v1
Pseudomonas aeruginosa	GCF_904866275.1	MINF_7A
Escherichia coli	GCF_002946715.1	ASM294671v1
Escherichia coli	GCF_003308955.1	ASM330895v1
Escherichia coli	GCF_003856695.1	ASM385669v1
Escherichia coli	GCF_002310715.1	ASM231071v1
Escherichia coli	GCF_000800215.1	ASM80021v1
Staphylococcus aureus	GCF_034424945.2	BSN42_Closure
Escherichia coli	GCF_025583345.2	ASM2558334v2
Salmonella enterica	GCF_000272735.4	ASM27273v4
Escherichia coli	GCF_016803875.1	ASM1680387v1
Enterococcus faecalis	GCF_036263135.1	ASM3626313v1
Staphylococcus aureus	GCF_021491775.1	ASM2149177v1
Escherichia coli	GCF_010724935.1	ASM1072493v1
Salmonella enterica	GCF_031036295.1	ASM3103629v1
Pseudomonas aeruginosa	GCF_022213165.2	ASM2221316v2
Escherichia coli	GCF_009762385.1	ASM976238v1
Staphylococcus aureus	GCF_022682325.1	ASM2268232v1
Salmonella enterica	GCF_016454485.1	ASM1645448v1
Escherichia coli	GCF_008926305.1	ASM892630v1
Pseudomonas aeruginosa	GCF_036417705.1	ASM3641770v1
Escherichia coli	GCF_037756885.1	ASM3775688v1
Salmonella enterica	GCF_037888705.1	ASM3788870v1
Pseudomonas aeruginosa	GCF_036233395.1	ASM3623339v1
Bacillus subtilis	GCF_009662175.1	ASM966217v1
Pseudomonas aeruginosa	GCF_030563765.1	ASM3056376v1
Enterococcus faecalis	GCF_030020615.1	ASM3002061v1
Escherichia coli	GCF_015571875.1	ASM1557187v1
Pseudomonas aeruginosa	GCF_021513555.1	ASM2151355v1
Escherichia coli	GCF_012934435.1	ASM1293443v1
Listeria monocytogenes	GCF_000218305.1	ASM21830v1
Salmonella enterica	GCF_032598805.1	ASM3259880v1
Escherichia coli	GCF_023206735.1	ASM2320673v1
Pseudomonas aeruginosa	GCF_019857465.1	ASM1985746v1
Salmonella enterica	GCF_004919305.1	ASM491930v1
Escherichia coli	GCF_017164875.1	ASM1716487v1
Pseudomonas aeruginosa	GCF_030489625.1	ASM3048962v1
Escherichia coli	GCF_030168695.1	ASM3016869v1
Escherichia coli	GCF_902810365.1	SC487
Escherichia coli	GCF_015135355.1	ASM1513535v1
Escherichia coli	GCF_013004045.1	ASM1300404v1
Escherichia coli	GCF_001900535.1	ASM190053v1
Escherichia coli	GCF_036499365.1	ASM3649936v1
Escherichia coli	GCF_024918115.1	ASM2491811v1
Pseudomonas aeruginosa	GCF_009676785.1	ASM967678v1
Escherichia coli	GCF_002193095.1	ASM219309v1
Staphylococcus aureus	GCF_000695875.1	ASM69587v1
Escherichia coli	GCF_005221945.1	ASM522194v1
Listeria monocytogenes	GCF_018310555.1	ASM1831055v1
Escherichia coli	GCF_016942475.1	ASM1694247v1
Staphylococcus aureus	GCF_025643635.1	ASM2564363v1
Salmonella enterica	GCF_003200975.2	ASM320097v2
Listeria monocytogenes	GCF_000209755.1	ASM20975v1
Staphylococcus aureus	GCF_030534195.1	ASM3053419v1
Salmonella enterica	GCF_001623825.2	ASM162382v2
Listeria monocytogenes	GCF_000600015.1	ASM60001v1
Escherichia coli	GCF_008925965.1	ASM892596v1
Escherichia coli	GCF_013085865.1	ASM1308586v1
Pseudomonas aeruginosa	GCF_023093935.1	ASM2309393v1
Limosilactobacillus fermentum	GCF_034048795.1	ASM3404879v1
Pseudomonas aeruginosa	GCF_004291075.1	ASM429107v1
Escherichia coli	GCF_001029125.1	ASM102912v1
Escherichia coli	GCF_024396575.1	ASM2439657v1
Bacillus subtilis	GCF_002982175.1	ASM298217v1
Staphylococcus aureus	GCF_009913115.1	ASM991311v1
Salmonella enterica	GCF_001834735.2	ASM183473v2
Escherichia coli	GCF_001969285.3	ASM196928v4
Escherichia coli	GCF_003030245.1	ASM303024v1
Bacillus subtilis	GCF_905315045.2	NRS6127B
Salmonella enterica	GCF_001620205.2	ASM162020v2
Staphylococcus aureus	GCF_020388905.1	ASM2038890v1
Salmonella enterica	GCF_003717715.1	ASM371771v1
Staphylococcus aureus	GCF_024741495.1	ASM2474149v1
Escherichia coli	GCF_904830975.1	L3_CS7_E2980
Salmonella enterica	GCF_002234735.2	ASM223473v2
Salmonella enterica	GCF_025725745.1	ASM2572574v1
Staphylococcus aureus	GCF_020389565.1	ASM2038956v1
Staphylococcus aureus	GCF_013415955.1	ASM1341595v1
Escherichia coli	GCF_964054525.1	30821_1_274
Escherichia coli	GCF_016904195.1	ASM1690419v1
Pseudomonas aeruginosa	GCF_900618245.1	paerg000
Bacillus subtilis	GCF_009913275.1	ASM991327v1
Staphylococcus aureus	GCF_020388825.1	ASM2038882v1
Listeria monocytogenes	GCF_002213505.1	ASM221350v1
Salmonella enterica	GCF_000494385.3	ASM49438v3
Escherichia coli	GCF_008727195.1	ASM872719v1
Enterococcus faecalis	GCF_036774845.1	ASM3677484v1
Pseudomonas aeruginosa	GCF_012971705.1	ASM1297170v1
Escherichia coli	GCF_030013385.1	ASM3001338v1
Escherichia coli	GCF_006777045.1	ASM677704v1
Escherichia coli	GCF_008033295.1	ASM803329v1
Salmonella enterica	GCF_002128365.1	ASM212836v1
Salmonella enterica	GCF_023330725.1	ASM2333072v1
Salmonella enterica	GCF_016864955.1	ASM1686495v1
Escherichia coli	GCF_036502845.1	ASM3650284v1
Salmonella enterica	GCF_000626295.1	ASM62629v1
Enterococcus faecalis	GCF_030020195.1	ASM3002019v1
Staphylococcus aureus	GCF_020389325.1	ASM2038932v1
Escherichia coli	GCF_030013185.1	ASM3001318v1
Escherichia coli	GCF_018884325.1	ASM1888432v1
Escherichia coli	GCF_037094515.1	ASM3709451v1
Escherichia coli	GCF_016132505.1	ASM1613250v1
Escherichia coli	GCF_037227975.1	ASM3722797v1
Staphylococcus aureus	GCF_900607305.1	BPH2056
Pseudomonas aeruginosa	GCF_001548135.1	ASM154813v1
Salmonella enterica	GCF_022670835.1	ASM2267083v1
Escherichia coli	GCF_023206715.1	ASM2320671v1
Escherichia coli	GCF_039914745.1	ASM3991474v1
Salmonella enterica	GCF_001612515.1	ASM161251v1
Escherichia coli	GCF_004135165.1	ASM413516v1
Escherichia coli	GCF_003971215.1	ASM397121v1
Staphylococcus aureus	GCF_034042695.1	ASM3404269v1
Pseudomonas aeruginosa	GCF_003052005.2	ASM305200v2
Salmonella enterica	GCF_008727655.1	ASM872765v1
Pseudomonas aeruginosa	GCF_037287505.1	ASM3728750v1
Escherichia coli	GCF_000730345.1	ASM73034v1
Salmonella enterica	GCF_000272815.2	ASM27281v2
Listeria monocytogenes	GCF_003032075.1	ASM303207v1
Listeria monocytogenes	GCF_000307045.1	ASM30704v1
Salmonella enterica	GCF_001647755.1	ASM164775v1
Staphylococcus aureus	GCF_013046885.1	ASM1304688v1
Escherichia coli	GCF_019915525.1	ASM1991552v1
Salmonella enterica	GCF_024731345.1	ASM2473134v1
Staphylococcus aureus	GCF_022870625.1	ASM2287062v1
Escherichia coli	GCF_003268695.1	ASM326869v1
Escherichia coli	GCF_019844015.1	ASM1984401v1
Pseudomonas aeruginosa	GCF_019857305.1	ASM1985730v1
Salmonella enterica	GCF_003717215.1	ASM371721v1
Escherichia coli	GCF_003856635.1	ASM385663v1
Staphylococcus aureus	GCF_034043235.1	ASM3404323v1
Staphylococcus aureus	GCF_040364095.1	ASM4036409v1
Pseudomonas aeruginosa	GCF_000223965.1	ASM22396v2
Enterococcus faecalis	GCF_021655635.1	ASM2165563v1
Salmonella enterica	GCF_000973665.2	ASM97366v2
Pseudomonas aeruginosa	GCF_040268335.1	ASM4026833v1
Pseudomonas aeruginosa	GCF_003571805.1	ASM357180v1
Staphylococcus aureus	GCF_020003165.1	ASM2000316v1
Escherichia coli	GCF_905331185.2	AI2981v1_cpp
Escherichia coli	GCF_037288615.1	ASM3728861v1
Escherichia coli	GCF_904425475.1	MG1655
Pseudomonas aeruginosa	GCF_030034675.1	ASM3003467v1
Enterococcus faecalis	GCF_040436425.1	ASM4043642v1
Pseudomonas aeruginosa	GCF_027570535.1	ASM2757053v1
Escherichia coli	GCF_036287665.1	ASM3628766v1
Escherichia coli	GCF_014863785.1	ASM1486378v1
Escherichia coli	GCF_019428705.1	ASM1942870v1
Escherichia coli	GCF_028201655.1	ASM2820165v1
Salmonella enterica	GCF_037776255.1	ASM3777625v1
Escherichia coli	GCF_024585725.1	ASM2458572v1
Pseudomonas aeruginosa	GCF_000359505.1	ASM35950v1
Salmonella enterica	GCF_029866625.1	ASM2986662v1
Enterococcus faecalis	GCF_033814935.1	ASM3381493v1
Limosilactobacillus fermentum	GCF_024637935.1	ASM2463793v1
Salmonella enterica	GCF_003718555.1	ASM371855v1
Salmonella enterica	GCF_031039015.1	ASM3103901v1
Enterococcus faecalis	GCF_022648425.1	ASM2264842v1
Staphylococcus aureus	GCF_002633845.1	ASM263384v1
Escherichia coli	GCF_001513615.1	ASM151361v1
Escherichia coli	GCF_024298945.1	ASM2429894v1
Pseudomonas aeruginosa	GCF_021513635.1	ASM2151363v1
Staphylococcus aureus	GCF_002310435.1	ASM231043v1
Escherichia coli	GCF_016775905.1	ASM1677590v1
Escherichia coli	GCF_013166935.1	ASM1316693v1
Escherichia coli	GCF_023546865.1	ASM2354686v1
Escherichia coli	GCF_002310735.1	ASM231073v1
Escherichia coli	GCF_030037835.1	ASM3003783v1
Escherichia coli	GCF_029962285.1	ASM2996228v1
Pseudomonas aeruginosa	GCF_003950015.1	ASM395001v1
Staphylococcus aureus	GCF_018399115.1	ASM1839911v1
Salmonella enterica	GCF_000430125.1	ASM43012v1
Escherichia coli	GCF_025995315.1	ASM2599531v1
Escherichia coli	GCF_017815815.1	ASM1781581v1
Pseudomonas aeruginosa	GCF_024266935.1	ASM2426693v1
Escherichia coli	GCF_026651245.1	ASM2665124v1
Staphylococcus aureus	GCF_020388715.1	ASM2038871v1
Staphylococcus aureus	GCF_001027105.1	ASM102710v1
Listeria monocytogenes	GCF_018336635.1	ASM1833663v1
Bacillus subtilis	GCF_030123145.1	ASM3012314v1
Escherichia coli	GCF_023272815.1	ASM2327281v1
Escherichia coli	GCF_003288275.1	ASM328827v1
Escherichia coli	GCF_000750555.1	ASM75055v1
Salmonella enterica	GCF_015074905.1	ASM1507490v1
Staphylococcus aureus	GCF_038050005.1	BSN180
Escherichia coli	GCF_030515175.1	ASM3051517v1
Escherichia coli	GCF_002952855.1	ASM295285v1
Salmonella enterica	GCF_003052785.2	ASM305278v2
Salmonella enterica	GCF_028743635.1	ASM2874363v1
Staphylococcus aureus	GCF_038096255.1	BSN158
Listeria monocytogenes	GCF_002831485.1	ASM283148v1
Staphylococcus aureus	GCF_030534175.1	ASM3053417v1
Escherichia coli	GCF_016404325.2	ASM1640432v2
Staphylococcus aureus	GCF_034421975.1	ASM3442197v1
Bacillus subtilis	GCF_037914925.1	ASM3791492v1
Listeria monocytogenes	GCF_029872245.2	ASM2987224v2
Staphylococcus aureus	GCF_005707215.1	ASM570721v1
Staphylococcus aureus	GCF_022404615.1	ASM2240461v1
Escherichia coli	GCF_022220885.1	ASM2222088v1
Bacillus subtilis	GCF_009662335.1	ASM966233v1
Escherichia coli	GCF_030036675.1	ASM3003667v1
Escherichia coli	GCF_013167555.1	ASM1316755v1
Staphylococcus aureus	GCF_014696975.1	ASM1469697v2
Escherichia coli	GCF_017165375.1	ASM1716537v1
Salmonella enterica	GCF_016454545.1	ASM1645454v1
Escherichia coli	GCF_037100245.1	ASM3710024v1
Staphylococcus aureus	GCF_022405515.1	ASM2240551v1
Salmonella enterica	GCF_004328785.1	ASM432878v1
Salmonella enterica	GCF_003031995.1	ASM303199v1
Escherichia coli	GCF_018884265.1	ASM1888426v1
Escherichia coli	GCF_031357085.1	ASM3135708v1
Listeria monocytogenes	GCF_009664755.1	ASM966475v1
Escherichia coli	GCF_003856655.1	ASM385665v1
Escherichia coli	GCF_004010675.1	ASM401067v1
Salmonella enterica	GCF_004564195.1	ASM456419v1
Escherichia coli	GCF_000285655.3	EC958.v1
Pseudomonas aeruginosa	GCF_027571195.1	ASM2757119v1
Escherichia coli	GCF_038396515.1	ASM3839651v1
Salmonella enterica	GCF_004124095.2	ASM412409v2
Escherichia coli	GCF_030285565.1	ASM3028556v1
Escherichia coli	GCF_037575275.1	ASM3757527v1
Escherichia coli	GCF_022558725.1	ASM2255872v1
Escherichia coli	GCF_030345575.1	ASM3034557v1
Staphylococcus aureus	GCF_951217025.1	Sa_BGR_NF1_PW.1
Staphylococcus aureus	GCF_036867165.2	BSN31-2_closure
Escherichia coli	GCF_016776065.1	ASM1677606v1
Salmonella enterica	GCF_030505915.1	ASM3050591v1
Escherichia coli	GCF_951803545.1	ARM46
Pseudomonas aeruginosa	GCF_027595025.1	ASM2759502v1
Salmonella enterica	GCF_001931575.1	ASM193157v1
Limosilactobacillus fermentum	GCF_024494505.1	ASM2449450v1
Escherichia coli	GCF_001900885.1	ASM190088v1
Staphylococcus aureus	GCF_009912595.1	ASM991259v1
Salmonella enterica	GCF_002863765.1	ASM286376v1
Pseudomonas aeruginosa	GCF_030121875.1	ASM3012187v1
Staphylococcus aureus	GCF_034035055.1	ASM3403505v1
Escherichia coli	GCF_021398975.1	ASM2139897v1
Salmonella enterica	GCF_028893155.1	ASM2889315v1
Salmonella enterica	GCF_024266165.1	ASM2426616v1
Escherichia coli	GCF_022493475.1	ASM2249347v1
Escherichia coli	GCF_037094525.1	ASM3709452v1
Escherichia coli	GCF_005037815.1	ASM503781v2
Salmonella enterica	GCF_003710125.1	ASM371012v1
Salmonella enterica	GCF_006516995.1	ASM651699v1
Salmonella enterica	GCF_003719555.1	ASM371955v1
Salmonella enterica	GCF_001173525.2	10493_1_75
Listeria monocytogenes	GCF_002213765.1	ASM221376v1
Escherichia coli	GCF_032294365.1	ASM3229436v1
Listeria monocytogenes	GCF_013177415.1	ASM1317741v1
Enterococcus faecalis	GCF_030517565.1	ASM3051756v1
Pseudomonas aeruginosa	GCF_031218375.1	ASM3121837v1
Pseudomonas aeruginosa	GCF_001792875.1	ASM179287v1
Escherichia coli	GCF_900186905.1	49923_G01
Staphylococcus aureus	GCF_001611385.1	ASM161138v1
Escherichia coli	GCF_004924255.1	ASM492425v1
Escherichia coli	GCF_003031795.1	ASM303179v1
Bacillus subtilis	GCF_023521175.1	ASM2352117v1
Staphylococcus aureus	GCF_034041215.1	ASM3404121v1
Pseudomonas aeruginosa	GCF_003626935.1	ASM362693v2
Salmonella enterica	GCF_036820215.1	ASM3682021v1
Escherichia coli	GCF_002952995.1	ASM295299v1
Staphylococcus aureus	GCF_018093205.1	ASM1809320v1
Escherichia coli	GCF_003051985.2	ASM305198v2
Salmonella enterica	GCF_024364985.1	ASM2436498v1
Escherichia coli	GCF_030347135.1	ASM3034713v1
Enterococcus faecalis	GCF_033814055.1	ASM3381405v1
Escherichia coli	GCF_024507935.1	ASM2450793v1
Listeria monocytogenes	GCF_008807935.1	ASM880793v1
Escherichia coli	GCF_027925745.1	ASM2792574v1
Escherichia coli	GCF_905332365.1	AI2938v1_cp
Pseudomonas aeruginosa	GCF_001618925.1	ASM161892v1
Escherichia coli	GCF_022811545.1	ASM2281154v1
Staphylococcus aureus	GCF_900607255.1	BPH2019
Escherichia coli	GCF_028551215.1	ASM2855121v1
Staphylococcus aureus	GCF_019653615.1	ASM1965361v1
Bacillus subtilis	GCF_019704375.1	ASM1970437v1
Salmonella enterica	GCF_005576595.1	ASM557659v1
Escherichia coli	GCF_016775805.1	ASM1677580v1
Escherichia coli	GCF_007833875.1	ASM783387v1
Escherichia coli	GCF_016944655.1	ASM1694465v1
Escherichia coli	GCF_000007445.1	ASM744v1
Escherichia coli	GCF_014169035.1	ASM1416903v1
Escherichia coli	GCF_030039425.1	ASM3003942v1
Escherichia coli	GCF_027286085.1	ASM2728608v1
Escherichia coli	GCF_008635785.2	ASM863578v2
Escherichia coli	GCF_017357765.1	ASM1735776v1
Listeria monocytogenes	GCF_002213905.1	ASM221390v1
Escherichia coli	GCF_008033315.1	ASM803331v1
Salmonella enterica	GCF_002210025.1	ASM221002v1
Salmonella enterica	GCF_006517155.1	ASM651715v1
Escherichia coli	GCF_003017455.1	ASM301745v1
Salmonella enterica	GCF_008727555.1	ASM872755v1
Staphylococcus aureus	GCF_038049065.1	BSN182
Escherichia coli	GCF_032295845.1	ASM3229584v1
Salmonella enterica	GCF_022655705.1	ASM2265570v1
Escherichia coli	GCF_001901165.1	ASM190116v1
Pseudomonas aeruginosa	GCF_000226155.1	ASM22615v1
Staphylococcus aureus	GCF_003031285.1	ASM303128v1
Escherichia coli	GCF_014854575.1	ASM1485457v1
Bacillus subtilis	GCF_039728905.1	ASM3972890v1
Escherichia coli	GCF_032293625.1	ASM3229362v1
Escherichia coli	GCF_900636125.1	38977_C01
Escherichia coli	GCF_023653845.1	ASM2365384v1
Listeria monocytogenes	GCF_010443035.1	ASM1044303v1
Escherichia coli	GCF_040550665.1	ASM4055066v1
Salmonella enterica	GCF_001887015.1	ASM188701v1
Pseudomonas aeruginosa	GCF_021249245.1	ASM2124924v1
Escherichia coli	GCF_001999185.1	ASM199918v1
Staphylococcus aureus	GCF_003193885.1	ASM319388v1
Escherichia coli	GCF_019431185.1	ASM1943118v1
Pseudomonas aeruginosa	GCF_004014755.1	ASM401475v2
Staphylococcus aureus	GCF_040409845.1	ASM4040984v1
Escherichia coli	GCF_017357545.1	ASM1735754v1
Escherichia coli	GCF_013167235.1	ASM1316723v1
Pseudomonas aeruginosa	GCF_000508765.1	ASM50876v1
Salmonella enterica	GCF_005890175.1	ASM589017v1
Staphylococcus aureus	GCF_000756205.1	ASM75620v1
Staphylococcus aureus	GCF_018409145.1	ASM1840914v1
Staphylococcus aureus	GCF_000568455.1	ASM56845v1
Staphylococcus aureus	GCF_009912995.1	ASM991299v1
Staphylococcus aureus	GCF_022221545.1	ASM2222154v1
Bacillus subtilis	GCF_031326045.1	ASM3132604v1
Escherichia coli	GCF_008931725.1	ASM893172v1
Escherichia coli	GCF_030515455.1	ASM3051545v1
Bacillus subtilis	GCF_039620435.1	ASM3962043v1
Limosilactobacillus fermentum	GCF_001941785.1	ASM194178v1
Escherichia coli	GCF_040550895.1	ASM4055089v1
Escherichia coli	GCF_000148605.1	ASM14860v1
Escherichia coli	GCF_015571855.1	ASM1557185v1
Pseudomonas aeruginosa	GCF_027570495.1	ASM2757049v1
Staphylococcus aureus	GCF_031326145.1	ASM3132614v1
Staphylococcus aureus	GCF_025559225.1	ASM2555922v1
Pseudomonas aeruginosa	GCF_011466835.1	ASM1146683v1
Escherichia coli	GCF_030553135.1	ASM3055313v1
Escherichia coli	GCF_029542525.1	ASM2954252v1
Escherichia coli	GCF_016904655.1	ASM1690465v1
Escherichia coli	GCF_030419025.1	ASM3041902v1
Escherichia coli	GCF_002163935.1	ASM216393v1
Listeria monocytogenes	GCF_028673515.1	ASM2867351v1
Escherichia coli	GCF_037482115.1	ASM3748211v1
Salmonella enterica	GCF_028892685.1	ASM2889268v1
Staphylococcus aureus	GCF_020388985.1	ASM2038898v1
Salmonella enterica	GCF_016452045.1	ASM1645204v1
Bacillus subtilis	GCF_009913535.1	ASM991353v1
Escherichia coli	GCF_028215995.1	ASM2821599v1
Escherichia coli	GCF_018085225.1	ASM1808522v1
Staphylococcus aureus	GCF_024399375.1	ASM2439937v1
Staphylococcus aureus	GCF_900004855.1	BB155
Escherichia coli	GCF_000814145.2	ASM81414v2
Salmonella enterica	GCF_000486915.2	ASM48691v2
Staphylococcus aureus	GCF_003573855.1	ASM357385v1
Bacillus subtilis	GCF_004119835.1	ASM411983v1
Escherichia coli	GCF_025399115.1	ASM2539911v1
Staphylococcus aureus	GCF_008620055.1	ASM862005v1
Staphylococcus aureus	GCF_022405205.1	ASM2240520v1
Listeria monocytogenes	GCF_027504005.1	ASM2750400v1
Staphylococcus aureus	GCF_030758795.1	ASM3075879v1
Staphylococcus aureus	GCF_025558965.1	ASM2555896v1
Enterococcus faecalis	GCF_028131645.1	ASM2813164v1
Salmonella enterica	GCF_026873405.1	ASM2687340v1
Escherichia coli	GCF_021554655.1	ASM2155465v1
Salmonella enterica	GCF_030505735.1	ASM3050573v1
Pseudomonas aeruginosa	GCF_003798125.1	ASM379812v1
Staphylococcus aureus	GCF_001019415.2	ASM101941v2
Escherichia coli	GCF_003030025.1	ASM303002v1
Salmonella enterica	GCF_002234795.1	ASM223479v1
Escherichia coli	GCF_016803915.1	ASM1680391v1
Staphylococcus aureus	GCF_023223475.1	ASM2322347v1
Salmonella enterica	GCF_030506565.1	ASM3050656v1
Pseudomonas aeruginosa	GCF_013255565.1	ASM1325556v1
Escherichia coli	GCF_005954725.1	ASM595472v1
Escherichia coli	GCF_014217135.1	ASM1421713v1
Salmonella enterica	GCF_000245535.1	ASM24553v1
Escherichia coli	GCF_040436785.1	ASM4043678v1
Pseudomonas aeruginosa	GCF_019466145.1	ASM1946614v1
Escherichia coli	GCF_022494855.1	ASM2249485v1
Pseudomonas aeruginosa	GCF_027570995.1	ASM2757099v1
Staphylococcus aureus	GCF_034427895.2	BSN40_Closure
Pseudomonas aeruginosa	GCF_007559105.1	ASM755910v1
Salmonella enterica	GCF_023330885.1	ASM2333088v1
Salmonella enterica	GCF_001576275.1	ASM157627v1
Enterococcus faecalis	GCF_023375525.1	ASM2337552v1
Escherichia coli	GCF_019969565.1	ASM1996956v1
Escherichia coli	GCF_028551195.1	ASM2855119v1
Escherichia coli	GCF_025643135.1	ASM2564313v1
Escherichia coli	GCF_033402235.1	ASM3340223v1
Salmonella enterica	GCF_030122235.1	ASM3012223v1
Escherichia coli	GCF_002077195.1	ASM207719v1
Salmonella enterica	GCF_022670715.1	ASM2267071v1
Pseudomonas aeruginosa	GCF_038431885.1	ASM3843188v1
Salmonella enterica	GCF_039778245.1	ASM3977824v1
Pseudomonas aeruginosa	GCF_017378475.1	ASM1737847v1
Listeria monocytogenes	GCF_018336795.1	ASM1833679v1
Bacillus subtilis	GCF_014961985.1	ASM1496198v1
Enterococcus faecalis	GCF_022212985.1	ASM2221298v1
Pseudomonas aeruginosa	GCF_900618255.1	paerg002
Escherichia coli	GCF_003018095.1	ASM301809v1
Staphylococcus aureus	GCF_020097755.1	ASM2009775v1
Escherichia coli	GCF_020883235.1	ASM2088323v1
Escherichia coli	GCF_019971055.1	ASM1997105v1
Staphylococcus aureus	GCF_006364775.1	ASM636477v1
Escherichia coli	GCF_030708175.1	ASM3070817v1
Bacillus subtilis	GCF_038442665.1	YB-187_genome
Bacillus subtilis	GCF_037414465.1	ASM3741446v1
Escherichia coli	GCF_033802625.1	ASM3380262v1
Salmonella enterica	GCF_031174645.1	ASM3117464v1
Escherichia coli	GCF_021398465.1	ASM2139846v1
Escherichia coli	GCF_003176855.1	ASM317685v1
Escherichia coli	GCF_028623065.1	ASM2862306v1
Pseudomonas aeruginosa	GCF_032463705.1	ASM3246370v1
Staphylococcus aureus	GCF_003288395.1	ASM328839v1
Escherichia coli	GCF_002953035.1	ASM295303v1
Escherichia coli	GCF_000013305.1	ASM1330v1
Escherichia coli	GCF_011404215.1	ASM1140421v1
Pseudomonas aeruginosa	GCF_038431895.1	ASM3843189v1
Escherichia coli	GCF_008632575.1	ASM863257v1
Escherichia coli	GCF_900636295.1	40295_G02
Escherichia coli	GCF_030863965.1	ASM3086396v1
Salmonella enterica	GCF_024442275.1	ASM2444227v1
Salmonella enterica	GCF_030980035.1	ASM3098003v1
Listeria monocytogenes	GCF_037064455.1	ASM3706445v1
Escherichia coli	GCF_017654165.1	ASM1765416v1
Listeria monocytogenes	GCF_013137935.1	ASM1313793v1
Staphylococcus aureus	GCF_003203675.1	ASM320367v1
Escherichia coli	GCF_905330545.2	AI2890v1_cpp
Escherichia coli	GCF_026210495.1	ASM2621049v1
Listeria monocytogenes	GCF_040144805.1	ASM4014480v1
Pseudomonas aeruginosa	GCF_033807835.1	ASM3380783v1
Escherichia coli	GCF_026968085.1	ASM2696808v1
Staphylococcus aureus	GCF_006364675.1	ASM636467v1
Salmonella enterica	GCF_001690005.1	ASM169000v1
Staphylococcus aureus	GCF_015219885.1	ASM1521988v1
Escherichia coli	GCF_003586065.1	EcRM9872
Listeria monocytogenes	GCF_000258905.1	ASM25890v1
Salmonella enterica	GCF_940596495.1	BRD948_LAT2
Salmonella enterica	GCF_020736305.1	ASM2073630v1
Escherichia coli	GCF_005886035.1	ASM588603v1
Enterococcus faecalis	GCF_030020745.1	ASM3002074v1
Escherichia coli	GCF_009671125.1	ASM967112v1
Escherichia coli	GCF_038096085.1	ASM3809608v1
Salmonella enterica	GCF_004919425.1	ASM491942v1
Escherichia coli	GCF_038396495.1	ASM3839649v1
Staphylococcus aureus	GCF_003073415.1	ASM307341v1
Pseudomonas aeruginosa	GCF_029961585.1	ASM2996158v1
Escherichia coli	GCF_009664305.1	ASM966430v1
Bacillus subtilis	GCF_028541425.1	ASM2854142v1
Salmonella enterica	GCF_000626375.1	ASM62637v1
Escherichia coli	GCF_949786315.1	EC0026B_R3
Salmonella enterica	GCF_014805785.2	ASM1480578v2
Salmonella enterica	GCF_037832775.1	ASM3783277v1
Bacillus subtilis	GCF_030438175.1	ASM3043817v1
Escherichia coli	GCF_005221845.1	ASM522184v1
Salmonella enterica	GCF_020715325.1	ASM2071532v1
Bacillus subtilis	GCF_009913515.1	ASM991351v1
Staphylococcus aureus	GCF_030533855.1	ASM3053385v1
Limosilactobacillus fermentum	GCF_028743095.1	ASM2874309v1
Escherichia coli	GCF_037113475.1	ASM3711347v1
Escherichia coli	GCF_014656625.1	ASM1465662v1
Salmonella enterica	GCF_001692555.1	ASM169255v1
Staphylococcus aureus	GCF_001956815.1	ASM195681v1
Staphylococcus aureus	GCF_024741415.1	ASM2474141v1
Escherichia coli	GCF_020149685.1	ASM2014968v1
Staphylococcus aureus	GCF_030758875.1	ASM3075887v1
Bacillus subtilis	GCF_001015095.1	ASM101509v1
Pseudomonas aeruginosa	GCF_016925455.1	ASM1692545v1
Salmonella enterica	GCF_013415925.1	ASM1341592v1
Escherichia coli	GCF_029854615.1	ASM2985461v1
Pseudomonas aeruginosa	GCF_030121895.1	ASM3012189v1
Escherichia coli	GCF_008124005.1	ASM812400v1
Staphylococcus aureus	GCF_022405735.1	ASM2240573v1
Staphylococcus aureus	GCF_002850395.1	ASM285039v1
Listeria monocytogenes	GCF_004768685.1	ASM476868v1
Staphylococcus aureus	GCF_029094305.1	ASM2909430v1
Pseudomonas aeruginosa	GCF_039702325.1	ASM3970232v1
Bacillus subtilis	GCF_001890405.1	ASM189040v1
Staphylococcus aureus	GCF_040361455.1	ASM4036145v1
Enterococcus faecalis	GCF_022212885.1	ASM2221288v1
Escherichia coli	GCF_021166435.1	ASM2116643v1
Salmonella enterica	GCF_016452125.1	ASM1645212v1
Staphylococcus aureus	GCF_000011525.1	ASM1152v1
Escherichia coli	GCF_004801575.1	ASM480157v1
Listeria monocytogenes	GCF_009648655.1	ASM964865v1
Pseudomonas aeruginosa	GCF_003991465.1	ASM399146v1
Escherichia coli	GCF_013201235.1	ASM1320123v1
Escherichia coli	GCF_023658425.1	ASM2365842v1
Staphylococcus aureus	GCF_040363465.1	ASM4036346v1
Listeria monocytogenes	GCF_003030405.1	ASM303040v1
Salmonella enterica	GCF_020715445.1	ASM2071544v1
Escherichia coli	GCF_016904615.1	ASM1690461v1
Enterococcus faecalis	GCF_030020725.1	ASM3002072v1
Bacillus subtilis	GCF_012030675.1	ASM1203067v1
Escherichia coli	GCF_003812625.1	ASM381262v1
Salmonella enterica	GCF_004768605.1	ASM476860v1
Escherichia coli	GCF_014169475.1	ASM1416947v1
Pseudomonas aeruginosa	GCF_040084805.1	ASM4008480v1
Listeria monocytogenes	GCF_001027125.1	ASM102712v1
Escherichia coli	GCF_905330895.2	AI2951v1_cpp
Bacillus subtilis	GCF_024752515.1	ASM2475251v1
Pseudomonas aeruginosa	GCF_003812165.1	ASM381216v1
Escherichia coli	GCF_000183345.1	ASM18334v1
Pseudomonas aeruginosa	GCF_021513675.1	ASM2151367v1
Staphylococcus aureus	GCF_007185035.1	ASM718503v1
Salmonella enterica	GCF_028747825.1	ASM2874782v1
Staphylococcus aureus	GCF_022405595.1	ASM2240559v1
Staphylococcus aureus	GCF_022405055.1	ASM2240505v1
Staphylococcus aureus	GCF_019334585.1	ASM1933458v1
Salmonella enterica	GCF_001690035.1	ASM169003v1
Enterococcus faecalis	GCF_016812095.1	ASM1681209v1
Salmonella enterica	GCF_000486345.2	ASM48634v2
Staphylococcus aureus	GCF_013836525.1	ASM1383652v1
Escherichia coli	GCF_013372385.1	ASM1337238v1
Listeria monocytogenes	GCF_001913195.1	ASM191319v1
Staphylococcus aureus	GCF_001018835.2	ASM101883v2
Salmonella enterica	GCF_037888875.1	ASM3788887v1
Salmonella enterica	GCF_028892955.1	ASM2889295v1
Enterococcus faecalis	GCF_022212925.1	ASM2221292v1
Pseudomonas aeruginosa	GCF_037287535.1	ASM3728753v1
Escherichia coli	GCF_005221545.1	ASM522154v1
Salmonella enterica	GCF_001305835.1	ASM130583v1
Enterococcus faecalis	GCF_025958885.1	ASM2595888v1
Escherichia coli	GCF_036419615.1	ASM3641961v1
Bacillus subtilis	GCF_030169085.1	ASM3016908v1
Pseudomonas aeruginosa	GCF_007559125.1	ASM755912v1
Escherichia coli	GCF_018075305.1	ASM1807530v1
Escherichia coli	GCF_008124185.1	ASM812418v1
Salmonella enterica	GCF_000940935.2	ASM94093v2
Staphylococcus aureus	GCF_038096205.1	BSN47
Staphylococcus aureus	GCF_022404635.1	ASM2240463v1
Salmonella enterica	GCF_003691385.1	ASM369138v1
Pseudomonas aeruginosa	GCF_031220265.1	ASM3122026v1
Escherichia coli	GCF_032359195.1	ASM3235919v1
Escherichia coli	GCF_014295235.1	ASM1429523v1
Staphylococcus aureus	GCF_005890015.1	ASM589001v1
Staphylococcus aureus	GCF_020388335.1	ASM2038833v1
Escherichia coli	GCF_013167055.1	ASM1316705v1
Staphylococcus aureus	GCF_039621985.1	ASM3962198v1
Escherichia coli	GCF_014295295.1	ASM1429529v1
Escherichia coli	GCF_003966465.1	ASM396646v1
Escherichia coli	GCF_022654245.1	ASM2265424v1
Escherichia coli	GCF_024496025.1	ASM2449602v1
Escherichia coli	GCF_024662255.1	ASM2466225v1
Escherichia coli	GCF_009905355.1	ASM990535v1
Staphylococcus aureus	GCF_030262455.2	SA-684_Closure
Pseudomonas aeruginosa	GCF_029961545.1	ASM2996154v1
Staphylococcus aureus	GCF_024741515.1	ASM2474151v1
Staphylococcus aureus	GCF_002025145.1	ASM202514v1
Salmonella enterica	GCF_005885875.1	ASM588587v1
Pseudomonas aeruginosa	GCF_902703185.1	PcyII-29
Salmonella enterica	GCF_028893315.1	ASM2889331v1
Staphylococcus aureus	GCF_000027045.1	ASM2704v1
Escherichia coli	GCF_035973695.1	ASM3597369v1
Staphylococcus aureus	GCF_029625375.1	ASM2962537v1
Staphylococcus aureus	GCF_009912875.1	ASM991287v1
Salmonella enterica	GCF_012050745.1	ASM1205074v1
Bacillus subtilis	GCF_025161015.1	ASM2516101v1
Escherichia coli	GCF_005037775.1	ASM503777v2
Salmonella enterica	GCF_020715225.1	ASM2071522v1
Escherichia coli	GCF_030707895.1	ASM3070789v1
Staphylococcus aureus	GCF_012974825.1	ASM1297482v1
Escherichia coli	GCF_003052665.1	ASM305266v1
Escherichia coli	GCF_036503635.1	ASM3650363v1
Escherichia coli	GCF_024585625.1	ASM2458562v1
Pseudomonas aeruginosa	GCF_029961645.1	ASM2996164v1
Staphylococcus aureus	GCF_013305905.1	ASM1330590v1
Listeria monocytogenes	GCF_008807975.1	ASM880797v1
Escherichia coli	GCF_000284495.1	ASM28449v1
Escherichia coli	GCF_029854375.1	ASM2985437v1
Salmonella enterica	GCF_032465755.1	ASM3246575v1
Escherichia coli	GCF_039654195.1	ASM3965419v1
Enterococcus faecalis	GCF_028743535.1	ASM2874353v1
Salmonella enterica	GCF_009729915.1	ASM972991v1
Enterococcus faecalis	GCF_040554215.1	ASM4055421v1
Escherichia coli	GCF_001020945.2	ASM102094v2
Listeria monocytogenes	GCF_002213985.1	ASM221398v1
Salmonella enterica	GCF_004798765.1	ASM479876v1
Salmonella enterica	GCF_008807355.1	ASM880735v1
Escherichia coli	GCF_038396335.1	ASM3839633v1
Pseudomonas aeruginosa	GCF_003204335.1	ASM320433v1
Staphylococcus aureus	GCF_008244745.1	ASM824474v1
Escherichia coli	GCF_028743355.1	ASM2874335v1
Salmonella enterica	GCF_031182125.1	ASM3118212v1
Escherichia coli	GCF_904864635.1	MSB2_1A
Salmonella enterica	GCF_003717095.1	ASM371709v1
Staphylococcus aureus	GCF_022493095.1	ASM2249309v1
Escherichia coli	GCF_900096795.1	Ecoli_AG100_Sample3_Doxycycline_Assembly
Salmonella enterica	GCF_001975385.1	ASM197538v1
Staphylococcus aureus	GCF_040365385.1	ASM4036538v1
Escherichia coli	GCF_036499785.1	ASM3649978v1
Salmonella enterica	GCF_004194625.2	ASM419462v2
Listeria monocytogenes	GCF_000513595.1	ASM51359v1
Escherichia coli	GCF_025808215.1	ASM2580821v1
Escherichia coli	GCF_014522225.1	ASM1452222v1
Enterococcus faecalis	GCF_040436435.1	ASM4043643v1
Pseudomonas aeruginosa	GCF_036232305.1	ASM3623230v1
Salmonella enterica	GCF_001975365.1	ASM197536v1
Escherichia coli	GCF_016944775.1	ASM1694477v1
Staphylococcus aureus	GCF_016889145.1	ASM1688914v1
Escherichia coli	GCF_002899515.1	ASM289951v1
Escherichia coli	GCF_027944715.1	ASM2794471v1
Escherichia coli	GCF_030988825.1	ASM3098882v1
Escherichia coli	GCF_033971045.1	ASM3397104v1
Escherichia coli	GCF_030625705.1	ASM3062570v1
Salmonella enterica	GCF_005221485.1	ASM522148v1
Enterococcus faecalis	GCF_906464835.1	TM6294
Pseudomonas aeruginosa	GCF_022570455.1	ASM2257045v1
Escherichia coli	GCF_030996545.1	ASM3099654v1
Escherichia coli	GCF_009867035.2	ASM986703v3
Salmonella enterica	GCF_004324045.2	ASM432404v2
Staphylococcus aureus	GCF_030408955.1	ASM3040895v1
Escherichia coli	GCF_018972265.1	ASM1897226v1
Pseudomonas aeruginosa	GCF_011106815.1	ASM1110681v1
Salmonella enterica	GCF_018326605.1	ASM1832660v1
Bacillus subtilis	GCF_037740765.1	ASM3774076v1
Escherichia coli	GCF_022349925.1	ASM2234992v1
Escherichia coli	GCF_016904235.1	ASM1690423v1
Escherichia coli	GCF_013371685.1	ASM1337168v1
Salmonella enterica	GCF_000430165.1	ASM43016v1
Staphylococcus aureus	GCF_003354945.1	ASM335494v1
Escherichia coli	GCF_036287725.1	ASM3628772v1
Escherichia coli	GCF_033802485.1	ASM3380248v1
Escherichia coli	GCF_008931135.1	ASM893113v1
Enterococcus faecalis	GCF_036793375.1	ASM3679337v1
Staphylococcus aureus	GCF_000967385.1	ASM96738v1
Escherichia coli	GCF_012934635.1	ASM1293463v1
Bacillus subtilis	GCF_022570515.1	ASM2257051v1
Pseudomonas aeruginosa	GCF_002812885.1	ASM281288v1
Pseudomonas aeruginosa	GCF_020978345.1	ASM2097834v1
Enterococcus faecalis	GCF_033815475.1	ASM3381547v1
Bacillus subtilis	GCF_000737405.1	ASM73740v1
Salmonella enterica	GCF_002761095.1	ASM276109v1
Escherichia coli	GCF_900635215.1	39859_D02
Escherichia coli	GCF_000974865.1	ASM97486v1
Escherichia coli	GCF_038248495.1	ASM3824849v1
Escherichia coli	GCF_037094545.1	ASM3709454v1
Escherichia coli	GCF_040551325.1	ASM4055132v1
Escherichia coli	GCF_020883355.1	ASM2088335v1
Salmonella enterica	GCF_020715465.1	ASM2071546v1
Pseudomonas aeruginosa	GCF_022810965.1	ASM2281096v1
Escherichia coli	GCF_023612415.1	ASM2361241v1
Escherichia coli	GCF_017603565.1	ASM1760356v1
Escherichia coli	GCF_001577325.1	ASM157732v1
Enterococcus faecalis	GCF_906464925.1	BX5936
Bacillus subtilis	GCF_024507895.1	ASM2450789v1
Escherichia coli	GCF_001901145.1	ASM190114v1
Escherichia coli	GCF_905330245.2	AI2853v1_cpp
Escherichia coli	GCF_022759825.1	ASM2275982v1
Escherichia coli	GCF_024585385.1	ASM2458538v1
Enterococcus faecalis	GCF_028621755.1	ASM2862175v1
Staphylococcus aureus	GCF_003031485.1	ASM303148v1
Escherichia coli	GCF_904711265.1	2014-01-7375
Escherichia coli	GCF_040536875.1	ASM4053687v1
Escherichia coli	GCF_963575485.1	F344
Pseudomonas aeruginosa	GCF_002812845.1	ASM281284v1
Escherichia coli	GCF_034423875.1	ASM3442387v1
Escherichia coli	GCF_024330145.2	ASM2433014v2
Salmonella enterica	GCF_001447095.1	ASM144709v1
Escherichia coli	GCF_016889905.1	ASM1688990v1
Escherichia coli	GCF_002012065.1	ASM201206v1
Pseudomonas aeruginosa	GCF_037914935.1	ASM3791493v1
Escherichia coli	GCF_001650295.1	ASM165029v1
Escherichia coli	GCF_008124325.1	ASM812432v1
Salmonella enterica	GCF_014334175.1	ASM1433417v1
Escherichia coli	GCF_025583585.2	ASM2558358v2
Listeria monocytogenes	GCF_014304695.1	ASM1430469v1
Escherichia coli	GCF_037566655.1	ASM3756665v1
Bacillus subtilis	GCF_023520855.1	ASM2352085v1
Pseudomonas aeruginosa	GCF_001077475.1	ASM107747v1
Escherichia coli	GCF_039583315.1	ASM3958331v1
Escherichia coli	GCF_030501455.2	ASM3050145v2
Escherichia coli	GCF_030389315.1	ASM3038931v1
Escherichia coli	GCF_964046665.1	30345_1_186
Escherichia coli	GCF_009951245.1	ASM995124v1
Escherichia coli	GCF_024585685.1	ASM2458568v1
Escherichia coli	GCF_036502505.1	ASM3650250v1
Salmonella enterica	GCF_003595725.1	ASM359572v1
Listeria monocytogenes	GCF_002208215.1	ASM220821v1
Escherichia coli	GCF_001420955.1	ASM142095v1
Pseudomonas aeruginosa	GCF_030908425.1	ASM3090842v1
Salmonella enterica	GCF_001479685.2	ASM147968v2
Escherichia coli	GCF_002009315.1	ASM200931v1
Salmonella enterica	GCF_000636135.1	ASM63613v1
Salmonella enterica	GCF_003718595.1	ASM371859v1
Listeria monocytogenes	GCF_000307025.1	ASM30702v1
Listeria monocytogenes	GCF_003390475.1	ASM339047v1
Escherichia coli	GCF_014075335.1	ASM1407533v1
Pseudomonas aeruginosa	GCF_023272755.1	ASM2327275v1
Escherichia coli	GCF_022559025.1	ASM2255902v1
Escherichia coli	GCF_024331445.2	ASM2433144v2
Escherichia coli	GCF_017165435.1	ASM1716543v1
Listeria monocytogenes	GCF_030252595.2	ASM3025259v2
Escherichia coli	GCF_003018655.1	ASM301865v1
Staphylococcus aureus	GCF_017088385.1	ASM1708838v1
Escherichia coli	GCF_014169015.1	ASM1416901v1
Escherichia coli	GCF_013389615.1	ASM1338961v1
Pseudomonas aeruginosa	GCF_021513295.1	ASM2151329v1
Escherichia coli	GCF_016903335.1	ASM1690333v1
Escherichia coli	GCF_021184125.1	ASM2118412v1
Salmonella enterica	GCF_014334155.1	ASM1433415v1
Escherichia coli	GCF_020683245.1	ASM2068324v1
Salmonella enterica	GCF_034493545.1	ASM3449354v1
Pseudomonas aeruginosa	GCF_001606045.1	ASM160604v1
Escherichia coli	GCF_904842665.1	2016-17-550
Salmonella enterica	GCF_024266405.1	ASM2426640v1
Escherichia coli	GCF_003018755.1	ASM301875v1
Escherichia coli	GCF_001566675.1	ASM156667v1
Escherichia coli	GCF_002853655.1	ASM285365v1
Salmonella enterica	GCF_024266185.1	ASM2426618v1
Listeria monocytogenes	GCF_018604225.1	ASM1860422v1
Staphylococcus aureus	GCF_001641045.1	ASM164104v1
Escherichia coli	GCF_031432855.1	ASM3143285v1
Enterococcus faecalis	GCF_036281655.1	ASM3628165v1
Escherichia coli	GCF_024917355.1	ASM2491735v1
Escherichia coli	GCF_013374255.1	ASM1337425v1
Escherichia coli	GCF_002741255.1	ASM274125v1
Salmonella enterica	GCF_003717915.1	ASM371791v1
Bacillus subtilis	GCF_002269175.1	ASM226917v1
Escherichia coli	GCF_000987875.1	ASM98787v1
Escherichia coli	GCF_030013085.1	ASM3001308v1
Salmonella enterica	GCF_023330745.1	ASM2333074v1
Pseudomonas aeruginosa	GCF_022870025.1	ASM2287002v1
Escherichia coli	GCF_001617565.1	ASM161756v1
Enterococcus faecalis	GCF_023299505.1	ASM2329950v1
Escherichia coli	GCF_030389775.1	ASM3038977v1
Escherichia coli	GCF_036785845.1	ASM3678584v1
Staphylococcus aureus	GCF_037120235.2	BSN118_Closure
Pseudomonas aeruginosa	GCF_030253475.1	ASM3025347v1
Enterococcus faecalis	GCF_023299705.1	ASM2329970v1
Escherichia coli	GCF_009951745.1	ASM995174v1
Salmonella enterica	GCF_031036275.1	ASM3103627v1
Escherichia coli	GCF_029854555.1	ASM2985455v1
Escherichia coli	GCF_014904185.2	ASM1490418v2
Enterococcus faecalis	GCF_030020495.1	ASM3002049v1
Escherichia coli	GCF_025809255.1	ASM2580925v1
Bacillus subtilis	GCF_000973605.1	ASM97360v1
Salmonella enterica	GCF_026801915.1	ASM2680191v1
Salmonella enterica	GCF_009648755.1	ASM964875v1
Salmonella enterica	GCF_009184685.1	ASM918468v1
Pseudomonas aeruginosa	GCF_036232455.1	ASM3623245v1
Escherichia coli	GCF_003073875.1	ASM307387v1
Staphylococcus aureus	GCF_033798785.1	ASM3379878v1
Enterococcus faecalis	GCF_030264755.1	ASM3026475v1
Staphylococcus aureus	GCF_003354805.1	ASM335480v1
Staphylococcus aureus	GCF_002000765.1	ASM200076v1
Escherichia coli	GCF_019969605.1	ASM1996960v1
Bacillus subtilis	GCF_905319155.2	NRS6183B
Escherichia coli	GCF_023516095.1	ASM2351609v1
Escherichia coli	GCF_001900815.1	ASM190081v1
Escherichia coli	GCF_037094505.1	ASM3709450v1
Pseudomonas aeruginosa	GCF_002442855.1	ASM244285v1
Escherichia coli	GCF_016776105.1	ASM1677610v1
Listeria monocytogenes	GCF_016775765.1	ASM1677576v1
Salmonella enterica	GCF_940599845.1	BRD948_8
Escherichia coli	GCF_036504195.1	ASM3650419v1
Escherichia coli	GCF_900092615.1	PRJEB14041
Escherichia coli	GCF_030734165.1	ASM3073416v1
Staphylococcus aureus	GCF_038096265.1	BSN154
Staphylococcus aureus	GCF_023571465.1	ASM2357146v1
Escherichia coli	GCF_034642955.1	ASM3464295v1
Staphylococcus aureus	GCF_008619235.1	ASM861923v1
Escherichia coli	GCF_024226085.1	ASM2422608v1
Salmonella enterica	GCF_022559825.1	ASM2255982v1
Salmonella enterica	GCF_030122615.1	ASM3012261v1
Pseudomonas aeruginosa	GCF_022810985.1	ASM2281098v1
Staphylococcus aureus	GCF_038427395.1	ASM3842739v1
Escherichia coli	GCF_000597845.1	ASM59784v1
Salmonella enterica	GCF_014858545.1	ASM1485854v1
Escherichia coli	GCF_001559635.1	ASM155963v1
Staphylococcus aureus	GCF_022494545.1	ASM2249454v1
Escherichia coli	GCF_014170735.1	ASM1417073v1
Pseudomonas aeruginosa	GCF_008033745.1	ASM803374v1
Listeria monocytogenes	GCF_022220785.1	ASM2222078v1
Escherichia coli	GCF_000830035.1	ASM83003v1
Escherichia coli	GCF_022493435.1	ASM2249343v1
Salmonella enterica	GCF_002208965.1	ASM220896v2
Staphylococcus aureus	GCF_009912935.1	ASM991293v1
Escherichia coli	GCF_003018115.1	ASM301811v1
Staphylococcus aureus	GCF_003184985.1	ASM318498v1
Salmonella enterica	GCF_030168445.1	ASM3016844v1
Bacillus subtilis	GCF_015602625.1	ASM1560262v1
Pseudomonas aeruginosa	GCF_013376775.1	ASM1337677v1
Escherichia coli	GCF_001900315.1	ASM190031v1
Escherichia coli	GCF_001901185.1	ASM190118v1
Escherichia coli	GCF_000520035.1	ASM52003v1
Enterococcus faecalis	GCF_022212945.1	ASM2221294v1
Bacillus subtilis	GCF_004119555.1	ASM411955v1
Listeria monocytogenes	GCF_002213605.1	ASM221360v1
Bacillus subtilis	GCF_000971925.1	ASM97192v1
Staphylococcus aureus	GCF_004421085.1	ASM442108v1
Escherichia coli	GCF_004010655.1	ASM401065v1
Escherichia coli	GCF_031665995.1	ASM3166599v1
Salmonella enterica	GCF_003986635.1	ASM398663v1
Staphylococcus aureus	GCF_030408975.1	ASM3040897v1
Listeria monocytogenes	GCF_002043045.1	ASM204304v1
Salmonella enterica	GCF_005166225.1	ASM516622v1
Pseudomonas aeruginosa	GCF_001516005.1	ASM151600v1
Salmonella enterica	GCF_000624175.1	ASM62417v2
Escherichia coli	GCF_012934595.1	ASM1293459v1
Escherichia coli	GCF_032375105.1	ASM3237510v1
Salmonella enterica	GCF_000341425.1	ASM34142v1
Salmonella enterica	GCF_000963535.2	ASM96353v2
Staphylococcus aureus	GCF_037993065.1	23MR1425
Salmonella enterica	GCF_900205255.1	1554
Escherichia coli	GCF_026210515.1	ASM2621051v1
Escherichia coli	GCF_014075475.1	ASM1407547v1
Escherichia coli	GCF_002741175.1	ASM274117v1
Pseudomonas aeruginosa	GCF_024734815.1	ASM2473481v1
Escherichia coli	GCF_019428625.1	ASM1942862v1
Listeria monocytogenes	GCF_003031955.1	ASM303195v1
Staphylococcus aureus	GCF_021491895.1	ASM2149189v1
Escherichia coli	GCF_024917535.1	ASM2491753v1
Listeria monocytogenes	GCF_009664735.1	ASM966473v1
Listeria monocytogenes	GCF_018966765.1	ASM1896676v1
Staphylococcus aureus	GCF_034029575.1	ASM3402957v1
Escherichia coli	GCF_001721225.1	ASM172122v1
Salmonella enterica	GCF_024266385.1	ASM2426638v1
Salmonella enterica	GCF_031039375.1	ASM3103937v1
Escherichia coli	GCF_963575365.1	F1022
Salmonella enterica	GCF_037797495.1	ASM3779749v1
Salmonella enterica	GCF_031035935.1	ASM3103593v1
Escherichia coli	GCF_022558885.1	ASM2255888v1
Salmonella enterica	GCF_003031855.1	ASM303185v1
Bacillus subtilis	GCF_022370975.1	ASM2237097v1
Staphylococcus aureus	GCF_009913195.1	ASM991319v1
Escherichia coli	GCF_037623895.1	ASM3762389v1
Staphylococcus aureus	GCF_007726525.1	ASM772652v1
Enterococcus faecalis	GCF_037482205.1	ASM3748220v1
Salmonella enterica	GCF_030863765.1	ASM3086376v1
Pseudomonas aeruginosa	GCF_001515845.2	ASM151584v2
Escherichia coli	GCF_027944855.1	ASM2794485v1
Salmonella enterica	GCF_029591945.1	ASM2959194v1
Escherichia coli	GCF_001276585.2	ASM127658v2
Salmonella enterica	GCF_001975445.1	ASM197544v1
Escherichia coli	GCF_040549745.1	ASM4054974v1
Pseudomonas aeruginosa	GCF_036233615.1	ASM3623361v1
Enterococcus faecalis	GCF_900636775.1	44087_G01
Pseudomonas aeruginosa	GCF_036232865.1	ASM3623286v1
Salmonella enterica	GCF_016026715.1	ASM1602671v1
Staphylococcus aureus	GCF_003193725.1	ASM319372v1
Salmonella enterica	GCF_000750375.1	ASM75037v1
Salmonella enterica	GCF_019670385.1	ASM1967038v1
Escherichia coli	GCF_022494665.1	ASM2249466v1
Escherichia coli	GCF_000986765.1	ASM98676v1
Enterococcus faecalis	GCF_036266595.1	ASM3626659v1
Staphylococcus aureus	GCF_900324205.1	1_1439
Staphylococcus aureus	GCF_007998145.1	ASM799814v1
Staphylococcus aureus	GCF_026547005.1	ASM2654700v1
Salmonella enterica	GCF_012052605.1	ASM1205260v1
Staphylococcus aureus	GCF_025259685.1	ASM2525968v1
Escherichia coli	GCF_012934455.1	ASM1293445v1
Staphylococcus aureus	GCF_024172245.1	ASM2417224v1
Escherichia coli	GCF_003627195.1	ASM362719v1
Escherichia coli	GCF_030515355.1	ASM3051535v1
Salmonella enterica	GCF_011304815.1	ASM1130481v1
Escherichia coli	GCF_030419085.1	ASM3041908v1
Escherichia coli	GCF_030347215.1	ASM3034721v1
Pseudomonas aeruginosa	GCF_036232785.1	ASM3623278v1
Staphylococcus aureus	GCF_038048995.1	BSN181
Escherichia coli	GCF_029854395.1	ASM2985439v1
Escherichia coli	GCF_005221905.1	ASM522190v1
Salmonella enterica	GCF_002761435.1	ASM276143v1
Staphylococcus aureus	GCF_003354625.1	ASM335462v1
Escherichia coli	GCF_028898885.1	ASM2889888v1
Escherichia coli	GCF_025583265.2	ASM2558326v2
Escherichia coli	GCF_038627105.1	ASM3862710v2
Salmonella enterica	GCF_022557215.1	ASM2255721v1
Escherichia coli	GCF_020883275.1	ASM2088327v1
Escherichia coli	GCF_016404405.2	ASM1640440v2
Escherichia coli	GCF_040529145.1	ASM4052914v1
Escherichia coli	GCF_018279085.1	ASM1827908v1
Enterococcus faecalis	GCF_030020175.1	ASM3002017v1
Staphylococcus aureus	GCF_900635905.1	35910_F01
Staphylococcus aureus	GCF_001019495.2	ASM101949v2
Salmonella enterica	GCF_037957215.1	ASM3795721v1
Escherichia coli	GCF_040783495.1	ASM4078349v1
Staphylococcus aureus	GCF_030644005.1	ASM3064400v1
Escherichia coli	GCF_022559045.1	ASM2255904v1
Escherichia coli	GCF_013425955.1	ASM1342595v1
Staphylococcus aureus	GCF_020388315.1	ASM2038831v1
Escherichia coli	GCF_040500385.1	ASM4050038v1
Escherichia coli	GCF_018141265.1	ASM1814126v1
Escherichia coli	GCF_013459175.1	ASM1345917v1
Escherichia coli	GCF_016776125.1	ASM1677612v1
Escherichia coli	GCF_037752355.1	ASM3775235v1
Escherichia coli	GCF_037477995.1	ASM3747799v1
Escherichia coli	GCF_009363035.1	ASM936303v1
Salmonella enterica	GCF_009388185.1	ASM938818v1
Escherichia coli	GCF_020886375.2	ASM2088637v2
Escherichia coli	GCF_035557515.1	ASM3555751v2
Staphylococcus aureus	GCF_005705815.1	ASM570581v1
Salmonella enterica	GCF_003718115.1	ASM371811v1
Escherichia coli	GCF_003052645.1	ASM305264v1
Pseudomonas aeruginosa	GCF_021497385.1	ASM2149738v1
Salmonella enterica	GCF_031038935.1	ASM3103893v1
Salmonella enterica	GCF_037799595.1	ASM3779959v1
Listeria monocytogenes	GCF_030730745.2	ASM3073074v2
Escherichia coli	GCF_902810385.1	SC475
Staphylococcus aureus	GCF_022405315.1	ASM2240531v1
Escherichia coli	GCF_037287565.1	ASM3728756v1
Staphylococcus aureus	GCF_009912815.1	ASM991281v1
Escherichia coli	GCF_034089005.1	ASM3408900v1
Pseudomonas aeruginosa	GCF_900618315.1	paerg010
Escherichia coli	GCF_016458905.1	ASM1645890v1
Escherichia coli	GCF_030988725.1	ASM3098872v1
Escherichia coli	GCF_020809365.1	ASM2080936v1
Escherichia coli	GCF_011064575.1	ASM1106457v1
Escherichia coli	GCF_036884495.1	ASM3688449v1
Escherichia coli	GCF_037526635.1	ASM3752663v1
Salmonella enterica	GCF_004224885.1	ASM422488v2
Pseudomonas aeruginosa	GCF_000017205.1	ASM1720v1
Salmonella enterica	GCF_037857465.1	ASM3785746v1
Escherichia coli	GCF_030013105.1	ASM3001310v1
Salmonella enterica	GCF_028892785.1	ASM2889278v1
Pseudomonas aeruginosa	GCF_027570915.1	ASM2757091v1
Pseudomonas aeruginosa	GCF_028403985.1	ASM2840398v1
Salmonella enterica	GCF_037866235.1	ASM3786623v1
Staphylococcus aureus	GCF_030644085.1	ASM3064408v1
Staphylococcus aureus	GCF_029278505.1	ASM2927850v1
Escherichia coli	GCF_022494725.1	ASM2249472v1
Salmonella enterica	GCF_037854785.1	ASM3785478v1
Staphylococcus aureus	GCF_025398055.1	ASM2539805v1
Salmonella enterica	GCF_003718535.1	ASM371853v1
Pseudomonas aeruginosa	GCF_021513495.1	ASM2151349v1
Staphylococcus aureus	GCF_009912015.1	ASM991201v1
Staphylococcus aureus	GCF_009911965.1	ASM991196v1
Listeria monocytogenes	GCF_030168185.1	ASM3016818v1
Escherichia coli	GCF_040834075.1	ASM4083407v1
Escherichia coli	GCF_030419125.1	ASM3041912v1
Staphylococcus aureus	GCF_012044215.1	ASM1204421v1
Escherichia coli	GCF_017903455.1	ASM1790345v1
Escherichia coli	GCF_016889605.1	ASM1688960v1
Bacillus subtilis	GCF_905315055.2	NRS6128B
Staphylococcus aureus	GCF_026547145.1	ASM2654714v1
Escherichia coli	GCF_015571735.1	ASM1557173v1
Salmonella enterica	GCF_005160365.1	ASM516036v1
Salmonella enterica	GCF_037888915.1	ASM3788891v1
Salmonella enterica	GCF_014217955.1	ASM1421795v1
Staphylococcus aureus	GCF_036898235.1	ASM3689823v1
Escherichia coli	GCF_014169155.1	ASM1416915v1
Escherichia coli	GCF_900636215.1	39282_G02
Salmonella enterica	GCF_012053145.1	ASM1205314v1
Escherichia coli	GCF_017579865.1	ASM1757986v1
Pseudomonas aeruginosa	GCF_005305005.1	ASM530500v1
Escherichia coli	GCF_009738455.1	ASM973845v1
Staphylococcus aureus	GCF_009913095.1	ASM991309v1
Salmonella enterica	GCF_024266425.1	ASM2426642v1
Escherichia coli	GCF_013374335.1	ASM1337433v1
Staphylococcus aureus	GCF_027942255.1	ASM2794225v1
Escherichia coli	GCF_019585785.2	STEC3
Salmonella enterica	GCF_019969235.1	ASM1996923v1
Escherichia coli	GCF_001900795.1	ASM190079v1
Escherichia coli	GCF_001753525.1	ASM175352v1
Enterococcus faecalis	GCF_025958125.1	ASM2595812v1
Staphylococcus aureus	GCF_002310395.1	ASM231039v1
Escherichia coli	GCF_009432415.1	ASM943241v1
Escherichia coli	GCF_024730765.1	ASM2473076v1
Enterococcus faecalis	GCF_022212865.1	ASM2221286v1
Escherichia coli	GCF_002844685.1	ASM284468v1
Pseudomonas aeruginosa	GCF_027570615.1	ASM2757061v1
Escherichia coli	GCF_023376095.1	UTI-2_GENOME
Listeria monocytogenes	GCF_002105675.1	ASM210567v1
Escherichia coli	GCF_036505475.1	ASM3650547v1
Salmonella enterica	GCF_024508075.1	ASM2450807v1
Staphylococcus aureus	GCF_001045795.2	ASM104579v2
Escherichia coli	GCF_021559875.1	ASM2155987v1
Escherichia coli	GCF_030708255.1	ASM3070825v1
Escherichia coli	GCF_030037255.1	ASM3003725v1
Salmonella enterica	GCF_001188125.2	ASM118812v2
Escherichia coli	GCF_032365155.1	ASM3236515v1
Bacillus subtilis	GCF_039917025.1	ASM3991702v1
Escherichia coli	GCF_005396225.2	ASM539622v2
Escherichia coli	GCF_002966755.1	ASM296675v1
Pseudomonas aeruginosa	GCF_003319235.1	ASM331923v1
Limosilactobacillus fermentum	GCF_011032745.1	ASM1103274v1
Escherichia coli	GCF_030013145.1	ASM3001314v1
Salmonella enterica	GCF_904129595.1	S.Tm_LT2p22_assembled
Escherichia coli	GCF_964051515.1	30345_1_31
Escherichia coli	GCF_019970895.1	ASM1997089v1
Escherichia coli	GCF_017639185.1	ASM1763918v1
Escherichia coli	GCF_024579775.1	ASM2457977v1
Pseudomonas aeruginosa	GCF_019857485.1	ASM1985748v1
Salmonella enterica	GCF_001989635.1	ASM198963v1
Staphylococcus aureus	GCF_030219405.1	ASM3021940v1
Escherichia coli	GCF_017570685.1	ASM1757068v1
Pseudomonas aeruginosa	GCF_033971305.1	ASM3397130v1
Staphylococcus aureus	GCF_001018685.2	ASM101868v2
Salmonella enterica	GCF_001952995.1	ASM195299v1
Salmonella enterica	GCF_037798445.1	ASM3779844v1
Escherichia coli	GCF_022353925.1	ASM2235392v1
Salmonella enterica	GCF_016452145.1	ASM1645214v1
Salmonella enterica	GCF_020715505.1	ASM2071550v1
Escherichia coli	GCF_900636785.1	44257_F01
Salmonella enterica	GCF_001577505.1	ASM157750v1
Escherichia coli	GCF_022493535.1	ASM2249353v1
Staphylococcus aureus	GCF_002000605.1	ASM200060v1
Escherichia coli	GCF_035974095.1	ASM3597409v1
Salmonella enterica	GCF_040050635.1	ASM4005063v1
Escherichia coli	GCF_025369835.1	ASM2536983v1
Salmonella enterica	GCF_004847525.1	ASM484752v1
Escherichia coli	GCF_019428545.1	ASM1942854v1
Staphylococcus aureus	GCF_900607245.1	JKD6009
Pseudomonas aeruginosa	GCF_003332705.2	ASM333270v2
Salmonella enterica	GCF_020716645.1	ASM2071664v1
Pseudomonas aeruginosa	GCF_033229485.1	ASM3322948v1
Salmonella enterica	GCF_003719215.1	ASM371921v1
Staphylococcus aureus	GCF_002386245.1	ASM238624v1
Staphylococcus aureus	GCF_009912895.1	ASM991289v1
Listeria monocytogenes	GCF_001999045.1	ASM199904v1
Pseudomonas aeruginosa	GCF_003028335.1	ASM302833v1
Escherichia coli	GCF_949786355.1	EC0880B_C
Escherichia coli	GCF_027944835.1	ASM2794483v1
Pseudomonas aeruginosa	GCF_021513435.1	ASM2151343v1
Salmonella enterica	GCF_031038975.1	ASM3103897v1
Salmonella enterica	GCF_037862975.1	ASM3786297v1
Bacillus subtilis	GCF_022700895.1	ASM2270089v1
Pseudomonas aeruginosa	GCF_030866925.2	ASM3086692v2
Escherichia coli	GCF_017165315.1	ASM1716531v1
Salmonella enterica	GCF_000007545.1	ASM754v1
Pseudomonas aeruginosa	GCF_001721845.1	ASM172184v1
Escherichia coli	GCF_018884465.1	ASM1888446v1
Escherichia coli	GCF_025996675.1	ASM2599667v1
Escherichia coli	GCF_002058765.1	ASM205876v1
Escherichia coli	GCF_002948655.1	ASM294865v1
Staphylococcus aureus	GCF_036670045.1	ASM3667004v1
Escherichia coli	GCF_024584905.1	ASM2458490v1
Escherichia coli	GCF_030028215.1	ASM3002821v1
Escherichia coli	GCF_023658345.1	ASM2365834v1
Staphylococcus aureus	GCF_034043095.1	ASM3404309v1
Escherichia coli	GCF_000010245.2	ASM1024v1
Staphylococcus aureus	GCF_039622655.1	ASM3962265v1
Salmonella enterica	GCF_003324875.1	ASM332487v1
Salmonella enterica	GCF_038380105.1	ASM3838010v1
Escherichia coli	GCF_018128405.1	ASM1812840v1
Escherichia coli	GCF_024584865.1	ASM2458486v1
Staphylococcus aureus	GCF_001618305.1	ASM161830v1
Pseudomonas aeruginosa	GCF_013343475.1	ASM1334347v1
Staphylococcus aureus	GCF_019551315.1	ASM1955131v1
Pseudomonas aeruginosa	GCF_028404065.1	ASM2840406v1
Escherichia coli	GCF_005389605.2	ASM538960v2
Escherichia coli	GCF_034119745.1	ASM3411974v1
Escherichia coli	GCF_963575385.1	F404
Escherichia coli	GCF_022494745.1	ASM2249474v1
Escherichia coli	GCF_002310595.1	ASM231059v1
Salmonella enterica	GCF_026248545.1	ASM2624854v1
Staphylococcus aureus	GCF_038096305.1	BSN164
Pseudomonas aeruginosa	GCF_032598925.1	ASM3259892v1
Escherichia coli	GCF_003443815.1	ASM344381v1
Staphylococcus aureus	GCF_013394425.1	ASM1339442v1
Escherichia coli	GCF_020683085.1	ASM2068308v1
Escherichia coli	GCF_026651225.1	ASM2665122v1
Escherichia coli	GCF_030515215.1	ASM3051521v1
Pseudomonas aeruginosa	GCF_003798105.1	ASM379810v1
Escherichia coli	GCF_013402855.1	ASM1340285v1
Listeria monocytogenes	GCF_905219375.1	QI0054
Escherichia coli	GCF_000091005.1	ASM9100v1
Pseudomonas aeruginosa	GCF_019915445.1	ASM1991544v1
Salmonella enterica	GCF_005537135.1	ASM553713v1
Salmonella enterica	GCF_005844025.1	ASM584402v1
Escherichia coli	GCF_013167255.1	ASM1316725v1
Staphylococcus aureus	GCF_010364725.2	ASM1036472v2
Salmonella enterica	GCF_021496275.1	ASM2149627v1
Escherichia coli	GCF_003367885.1	ASM336788v1
Escherichia coli	GCF_036503025.1	ASM3650302v1
Escherichia coli	GCF_904863235.1	MINF_7C
Escherichia coli	GCF_013374295.2	ASM1337429v2
Escherichia coli	GCF_019971015.1	ASM1997101v1
Escherichia coli	GCF_002741315.1	ASM274131v1
Pseudomonas aeruginosa	GCF_002812825.1	ASM281282v1
Bacillus subtilis	GCF_009363835.1	ASM936383v1
Escherichia coli	GCF_002952875.1	ASM295287v1
Salmonella enterica	GCF_000487255.2	ASM48725v2
Escherichia coli	GCF_001900655.1	ASM190065v1
Listeria monocytogenes	GCF_000210815.2	ASM21081v2
Staphylococcus aureus	GCF_001018655.2	ASM101865v2
Escherichia coli	GCF_022493755.1	ASM2249375v1
Staphylococcus aureus	GCF_000009005.1	ASM900v1
Staphylococcus aureus	GCF_027943905.1	ASM2794390v1
Escherichia coli	GCF_020149465.1	ASM2014946v1
Staphylococcus aureus	GCF_007954465.1	ASM795446v1
Escherichia coli	GCF_039583285.1	ASM3958328v1
Salmonella enterica	GCF_039851995.1	ASM3985199v1
Escherichia coli	GCF_013425935.1	ASM1342593v1
Escherichia coli	GCF_005221565.1	ASM522156v1
Salmonella enterica	GCF_022670675.1	ASM2267067v1
Staphylococcus aureus	GCF_002140115.1	ASM214011v1
Escherichia coli	GCF_036498065.1	ASM3649806v1
Salmonella enterica	GCF_006228345.1	ASM622834v1
Pseudomonas aeruginosa	GCF_035621395.1	ASM3562139v1
Escherichia coli	GCF_008807155.1	ASM880715v1
Escherichia coli	GCF_002163655.1	ASM216365v1
Staphylococcus aureus	GCF_008329865.1	ASM832986v1
Salmonella enterica	GCF_002201855.1	ASM220185v1
Escherichia coli	GCF_030707975.1	ASM3070797v1
Listeria monocytogenes	GCF_002848425.1	ASM284842v1
Escherichia coli	GCF_004405205.2	ASM440520v2
Pseudomonas aeruginosa	GCF_020771755.1	ASM2077175v1
Salmonella enterica	GCF_003717995.1	ASM371799v1
Escherichia coli	GCF_034334925.2	ASM3433492v2
Escherichia coli	GCF_018884385.1	ASM1888438v1
Salmonella enterica	GCF_004354285.1	ASM435428v1
Pseudomonas aeruginosa	GCF_025723085.1	ASM2572308v1
Escherichia coli	GCF_029990355.1	ASM2999035v1
Staphylococcus aureus	GCF_001975005.1	ASM197500v1
Salmonella enterica	GCF_029674725.1	ASM2967472v1
Escherichia coli	GCF_030419065.1	ASM3041906v1
Salmonella enterica	GCF_039830165.1	ASM3983016v1
Salmonella enterica	GCF_028893055.1	ASM2889305v1
Escherichia coli	GCF_023022925.1	ASM2302292v1
Staphylococcus aureus	GCF_013363895.1	ASM1336389v1
Enterococcus faecalis	GCF_004332035.1	ASM433203v1
Escherichia coli	GCF_022559065.1	ASM2255906v1
Salmonella enterica	GCF_003718375.1	ASM371837v1
Salmonella enterica	GCF_002761115.1	ASM276111v1
Escherichia coli	GCF_016889105.1	ASM1688910v1
Staphylococcus aureus	GCF_034043035.1	ASM3404303v1
Escherichia coli	GCF_040267455.1	ASM4026745v1
Staphylococcus aureus	GCF_038096295.1	BSN157
Salmonella enterica	GCF_002290205.1	ASM229020v1
Escherichia coli	GCF_016889545.1	ASM1688954v1
Staphylococcus aureus	GCF_002633825.1	ASM263382v1
Escherichia coli	GCF_030169635.1	ASM3016963v1
Escherichia coli	GCF_008375335.1	ASM837533v1
Pseudomonas aeruginosa	GCF_032252975.1	ASM3225297v1
Escherichia coli	GCF_019428605.1	ASM1942860v1
Escherichia coli	GCF_003031775.1	ASM303177v1
Bacillus subtilis	GCF_028463925.1	ASM2846392v1
Escherichia coli	GCF_009577985.1	ASM957798v1
Limosilactobacillus fermentum	GCF_002869825.2	ASM286982v2
Escherichia coli	GCF_002787215.1	ASM278721v1
Escherichia coli	GCF_032377095.1	ASM3237709v1
Salmonella enterica	GCF_003718035.1	ASM371803v1
Escherichia coli	GCF_030013675.1	ASM3001367v1
Limosilactobacillus fermentum	GCF_030665445.1	ASM3066544v1
Escherichia coli	GCF_019551815.1	ASM1955181v1
Escherichia coli	GCF_003342715.1	ASM334271v1
Escherichia coli	GCF_002012205.1	ASM201220v1
Salmonella enterica	GCF_037883995.1	ASM3788399v1
Escherichia coli	GCF_000210475.1	ASM21047v1
Escherichia coli	GCF_006088875.1	ASM608887v1
Bacillus subtilis	GCF_018394175.1	ASM1839417v1
Escherichia coli	GCF_030162175.2	ASM3016217v2
Pseudomonas aeruginosa	GCF_028404025.1	ASM2840402v1
Escherichia coli	GCF_002012105.1	ASM201210v1
Escherichia coli	GCF_020827555.1	ASM2082755v1
Escherichia coli	GCF_025369975.1	ASM2536997v1
Bacillus subtilis	GCF_004119675.1	ASM411967v1
Escherichia coli	GCF_018415995.1	ASM1841599v1
Escherichia coli	GCF_020883335.1	ASM2088333v1
Salmonella enterica	GCF_028893375.1	ASM2889337v1
Pseudomonas aeruginosa	GCF_002997005.1	ASM299700v1
Staphylococcus aureus	GCF_030345215.1	ASM3034521v1
Salmonella enterica	GCF_038380125.1	ASM3838012v1
Staphylococcus aureus	GCF_900620215.1	BPH2760
Pseudomonas aeruginosa	GCF_033227745.1	ASM3322774v1
Escherichia coli	GCF_964054945.1	30859_5_12
Escherichia coli	GCF_013167935.1	ASM1316793v1
Escherichia coli	GCF_029011945.1	ASM2901194v1
Pseudomonas aeruginosa	GCF_001548335.1	ASM154833v1
Salmonella enterica	GCF_001484025.1	ASM148402v1
Enterococcus faecalis	GCF_013344665.1	ASM1334466v1
Escherichia coli	GCF_024917475.1	ASM2491747v1
Salmonella enterica	GCF_006165125.1	ASM616512v1
Salmonella enterica	GCF_016889645.1	ASM1688964v1
Escherichia coli	GCF_008807135.1	ASM880713v1
Escherichia coli	GCF_001618345.2	ASM161834v2
Escherichia coli	GCF_009866925.2	ASM986692v3
Escherichia coli	GCF_032375185.1	ASM3237518v1
Bacillus subtilis	GCF_029536895.1	ASM2953689v1
Staphylococcus aureus	GCF_013004085.1	ASM1300408v1
Salmonella enterica	GCF_001441225.1	ASM144122v1
Escherichia coli	GCF_029224085.1	ASM2922408v1
Staphylococcus aureus	GCF_036670105.1	ASM3667010v1
Pseudomonas aeruginosa	GCF_027570455.1	ASM2757045v1
Staphylococcus aureus	GCF_001879545.1	ASM187954v1
Pseudomonas aeruginosa	GCF_006971785.1	ASM697178v1
Escherichia coli	GCF_016728085.1	ASM1672808v1
Staphylococcus aureus	GCF_001307235.1	ASM130723v1
Escherichia coli	GCF_037574055.1	ASM3757405v1
Staphylococcus aureus	GCF_024363445.1	ASM2436344v1
Escherichia coli	GCF_900520285.1	ASM90052028v1
Escherichia coli	GCF_002787935.1	ASM278793v1
Escherichia coli	GCF_037081975.1	ASM3708197v1
Escherichia coli	GCF_003017805.1	ASM301780v1
Bacillus subtilis	GCF_009662375.1	ASM966237v1
Listeria monocytogenes	GCF_019332005.1	ASM1933200v1
Escherichia coli	GCF_013374235.2	ASM1337423v2
Escherichia coli	GCF_000464955.2	ASM46495v2
Escherichia coli	GCF_037576255.1	ASM3757625v1
Salmonella enterica	GCF_001576255.1	ASM157625v1
Escherichia coli	GCF_024584885.1	ASM2458488v1
Escherichia coli	GCF_030013845.1	ASM3001384v1
Escherichia coli	GCF_000493755.1	ASM49375v1
Escherichia coli	GCF_021559815.1	ASM2155981v1
Escherichia coli	GCF_001900615.1	ASM190061v1
Staphylococcus aureus	GCF_022693205.1	ASM2269320v1
Salmonella enterica	GCF_003717695.1	ASM371769v1
Salmonella enterica	GCF_002313125.1	ASM231312v1
Pseudomonas aeruginosa	GCF_003433235.1	ASM343323v1
Escherichia coli	GCF_040801825.1	ASM4080182v1
Escherichia coli	GCF_022493295.1	ASM2249329v1
Bacillus subtilis	GCF_012931705.2	ASM1293170v2
Staphylococcus aureus	GCF_003203635.1	ASM320363v1
Staphylococcus aureus	GCF_037039325.1	ASM3703932v1
Salmonella enterica	GCF_012051385.1	ASM1205138v1
Staphylococcus aureus	GCF_030534155.1	ASM3053415v1
Escherichia coli	GCF_038396535.1	ASM3839653v1
Salmonella enterica	GCF_034448845.1	ASM3444884v1
Salmonella enterica	GCF_019670405.1	ASM1967040v1
Escherichia coli	GCF_022494765.1	ASM2249476v1
Salmonella enterica	GCF_028891365.1	ASM2889136v1
Pseudomonas aeruginosa	GCF_021497365.2	ASM2149736v2
Escherichia coli	GCF_024508035.1	ASM2450803v1
Salmonella enterica	GCF_001941405.1	ASM194140v1
Escherichia coli	GCF_030295645.1	ASM3029564v1
Salmonella enterica	GCF_000783815.2	ASM78381v2
Pseudomonas aeruginosa	GCF_020990445.1	ASM2099044v1
Salmonella enterica	GCF_003325055.1	ASM332505v1
Escherichia coli	GCF_039909515.1	ASM3990951v1
Bacillus subtilis	GCF_026410045.1	ASM2641004v1
Staphylococcus aureus	GCF_003073655.1	ASM307365v1
Escherichia coli	GCF_016026335.1	ASM1602633v1
Salmonella enterica	GCF_004848145.1	ASM484814v1
Escherichia coli	GCF_020827575.1	ASM2082757v1
Bacillus subtilis	GCF_026153475.1	ASM2615347v1
Escherichia coli	GCF_040543575.1	ASM4054357v1
Escherichia coli	GCF_022492975.1	ASM2249297v1
Escherichia coli	GCF_006536085.2	ASM653608v3
Bacillus subtilis	GCF_032680865.1	ASM3268086v1
Escherichia coli	GCF_025583565.2	ASM2558356v2
Escherichia coli	GCF_020034575.1	ASM2003457v1
Escherichia coli	GCF_022023775.1	ASM2202377v1
Escherichia coli	GCF_037094625.1	ASM3709462v1
Pseudomonas aeruginosa	GCF_036232425.1	ASM3623242v1
Salmonella enterica	GCF_025399055.1	ASM2539905v1
Escherichia coli	GCF_904863375.1	MINF_1A
Salmonella enterica	GCF_000486445.2	ASM48644v2
Staphylococcus aureus	GCF_040363695.1	ASM4036369v1
Pseudomonas aeruginosa	GCF_027570555.1	ASM2757055v1
Escherichia coli	GCF_008632555.1	ASM863255v1
Staphylococcus aureus	GCF_009913075.1	ASM991307v1
Pseudomonas aeruginosa	GCF_038418245.1	ASM3841824v2
Escherichia coli	GCF_023205415.1	ASM2320541v1
Listeria monocytogenes	GCF_013177395.1	ASM1317739v1
Staphylococcus aureus	GCF_009912955.1	ASM991295v1
Escherichia coli	GCF_900636175.1	39130_G01
Escherichia coli	GCF_013167175.1	ASM1316717v1
Staphylococcus aureus	GCF_028596145.1	ASM2859614v1
Salmonella enterica	GCF_003064165.2	ASM306416v2
Escherichia coli	GCF_019891035.1	ASM1989103v1
Escherichia coli	GCF_016942505.1	ASM1694250v1
Salmonella enterica	GCF_903989485.1	5eeca14952c4e123c759a485
Staphylococcus aureus	GCF_029634715.1	ASM2963471v1
Bacillus subtilis	GCF_003665275.1	ASM366527v1
Escherichia coli	GCF_024917735.1	ASM2491773v1
Staphylococcus aureus	GCF_030252755.1	ASM3025275v1
Enterococcus faecalis	GCF_040543485.1	ASM4054348v1
Escherichia coli	GCF_001900375.1	ASM190037v1
Escherichia coli	GCF_025782825.1	ASM2578282v1
Listeria monocytogenes	GCF_000022925.1	ASM2292v1
Salmonella enterica	GCF_022936345.1	ASM2293634v1
Salmonella enterica	GCF_016454265.1	ASM1645426v1
Listeria monocytogenes	GCF_900231475.1	LMNC088_complete_genome
Enterococcus faecalis	GCF_028335725.1	ASM2833572v1
Pseudomonas aeruginosa	GCF_027571175.1	ASM2757117v1
Staphylococcus aureus	GCF_003609895.1	ASM360989v1
Salmonella enterica	GCF_004124035.2	ASM412403v2
Escherichia coli	GCF_030515255.1	ASM3051525v1
Pseudomonas aeruginosa	GCF_003798145.1	ASM379814v1
Salmonella enterica	GCF_019670445.1	ASM1967044v1
Pseudomonas aeruginosa	GCF_025398835.1	ASM2539883v1
Escherichia coli	GCF_009663855.1	ASM966385v1
Escherichia coli	GCF_001900455.1	ASM190045v1
Salmonella enterica	GCF_022936385.1	ASM2293638v1
Staphylococcus aureus	GCF_947034825.1	ST20190863
Salmonella enterica	GCF_021397645.1	ASM2139764v1
Staphylococcus aureus	GCF_025559645.1	ASM2555964v1
Escherichia coli	GCF_014075915.1	ASM1407591v1
Bacillus subtilis	GCF_029916985.1	ASM2991698v1
Staphylococcus aureus	GCF_000967325.1	ASM96732v1
Enterococcus faecalis	GCF_032760395.1	ASM3276039v1
Salmonella enterica	GCF_907163195.1	AUSMDU00027951
Escherichia coli	GCF_024298545.1	ASM2429854v1
Escherichia coli	GCF_008931745.1	ASM893174v1
Salmonella enterica	GCF_000503845.1	ASM50384v1
Escherichia coli	GCF_000819645.1	ASM81964v1
Salmonella enterica	GCF_013376915.1	ASM1337691v1
Staphylococcus aureus	GCF_002089035.2	ASM208903v2
Escherichia coli	GCF_027945055.1	ASM2794505v1
Pseudomonas aeruginosa	GCF_022570115.1	ASM2257011v1
Salmonella enterica	GCF_000213635.1	ASM21363v1
Pseudomonas aeruginosa	GCF_037482125.1	ASM3748212v1
Escherichia coli	GCF_013426095.1	ASM1342609v1
Escherichia coli	GCF_019428665.1	ASM1942866v1
Escherichia coli	GCF_003856995.1	ASM385699v1
Escherichia coli	GCF_004358365.1	ASM435836v1
Staphylococcus aureus	GCF_020388355.1	ASM2038835v1
Staphylococcus aureus	GCF_003186125.1	ASM318612v1
Pseudomonas aeruginosa	GCF_018141625.1	ASM1814162v1
Escherichia coli	GCF_030169475.1	ASM3016947v1
Pseudomonas aeruginosa	GCF_002812925.2	ASM281292v3
Listeria monocytogenes	GCF_014983945.1	ASM1498394v1
Escherichia coli	GCF_017161345.1	ASM1716134v1
Salmonella enterica	GCF_037858515.1	ASM3785851v1
Salmonella enterica	GCF_001975425.1	ASM197542v1
Escherichia coli	GCF_036884425.1	ASM3688442v1
Escherichia coli	GCF_030036835.1	ASM3003683v1
Salmonella enterica	GCF_030064445.1	ASM3006444v1
Staphylococcus aureus	GCF_018093225.1	ASM1809322v1
Escherichia coli	GCF_005221765.1	ASM522176v1
Escherichia coli	GCF_022493895.1	ASM2249389v1
Pseudomonas aeruginosa	GCF_003429205.1	ASM342920v1
Escherichia coli	GCF_036505675.1	ASM3650567v1
Escherichia coli	GCF_016942575.1	ASM1694257v1
Enterococcus faecalis	GCF_015377745.1	ASM1537774v1
Enterococcus faecalis	GCF_037198295.1	ASM3719829v1
Salmonella enterica	GCF_003589845.1	ASM358984v1
Salmonella enterica	GCF_004847885.1	ASM484788v1
Escherichia coli	GCF_030707855.1	ASM3070785v1
Escherichia coli	GCF_014623185.1	ASM1462318v1
Escherichia coli	GCF_019431145.1	ASM1943114v1
Pseudomonas aeruginosa	GCF_027570975.1	ASM2757097v1
Escherichia coli	GCF_005885915.1	ASM588591v1
Pseudomonas aeruginosa	GCF_024507915.1	ASM2450791v1
Salmonella enterica	GCF_034491365.1	ASM3449136v1
Salmonella enterica	GCF_009728875.2	ASM972887v2
Enterococcus faecalis	GCF_032681065.1	ASM3268106v1
Escherichia coli	GCF_030028135.1	ASM3002813v1
Limosilactobacillus fermentum	GCF_030845215.1	ASM3084521v1
Escherichia coli	GCF_022014695.1	ASM2201469v1
Pseudomonas aeruginosa	GCF_025398075.1	ASM2539807v1
Escherichia coli	GCF_014169575.1	ASM1416957v1
Escherichia coli	GCF_026968105.1	ASM2696810v1
Escherichia coli	GCF_013167655.1	ASM1316765v1
Escherichia coli	GCF_013167355.1	ASM1316735v1
Escherichia coli	GCF_016903615.1	ASM1690361v1
Escherichia coli	GCF_902810405.1	SC480
Staphylococcus aureus	GCF_022404675.1	ASM2240467v1
Salmonella enterica	GCF_015074885.1	ASM1507488v1
Salmonella enterica	GCF_003627015.2	ASM362701v2
Enterococcus faecalis	GCF_019195415.1	ASM1919541v1
Listeria monocytogenes	GCF_000168695.2	ASM16869v2
Salmonella enterica	GCF_028893455.1	ASM2889345v1
Pseudomonas aeruginosa	GCF_002237425.1	ASM223742v1
Bacillus subtilis	GCF_905319565.2	NRS6190B
Salmonella enterica	GCF_038396465.1	ASM3839646v1
Salmonella enterica	GCF_000272715.4	ASM27271v4
Salmonella enterica	GCF_021397625.1	ASM2139762v1
Bacillus subtilis	GCF_023521595.1	ASM2352159v1
Escherichia coli	GCF_038396395.1	ASM3839639v1
Escherichia coli	GCF_024224055.1	ASM2422405v1
Pseudomonas aeruginosa	GCF_029958385.1	ASM2995838v1
Staphylococcus aureus	GCF_001611365.1	ASM161136v1
Salmonella enterica	GCF_028892805.1	ASM2889280v1
Escherichia coli	GCF_015649805.1	ASM1564980v1
Staphylococcus aureus	GCF_020388235.1	ASM2038823v1
Pseudomonas aeruginosa	GCF_016105885.1	ASM1610588v1
Escherichia coli	GCF_037914955.1	pKPC_NDMdeltaNDM
Bacillus subtilis	GCF_023650935.1	ASM2365093v1
Staphylococcus aureus	GCF_020388555.1	ASM2038855v1
Salmonella enterica	GCF_038396455.1	ASM3839645v1
Bacillus subtilis	GCF_009866865.1	ASM986686v1
Pseudomonas aeruginosa	GCF_018279305.1	ASM1827930v1
Bacillus subtilis	GCF_002055965.1	ASM205596v1
Escherichia coli	GCF_021228975.1	ASM2122897v1
Escherichia coli	GCF_030707935.1	ASM3070793v1
Escherichia coli	GCF_014169455.1	ASM1416945v1
Salmonella enterica	GCF_003986655.1	ASM398665v1
Salmonella enterica	GCF_020714705.1	ASM2071470v1
Escherichia coli	GCF_003399885.2	ASM339988v2
Pseudomonas aeruginosa	GCF_028404045.1	ASM2840404v1
Pseudomonas aeruginosa	GCF_037287425.1	ASM3728742v1
Escherichia coli	GCF_014605875.1	ASM1460587v1
Salmonella enterica	GCF_000623475.1	ASM62347v2
Escherichia coli	GCF_040735635.1	ASM4073563v1
Pseudomonas aeruginosa	GCF_018138045.1	ASM1813804v1
Escherichia coli	GCF_023278285.1	ASM2327828v1
Listeria monocytogenes	GCF_030168125.1	ASM3016812v1
Salmonella enterica	GCF_037859475.1	ASM3785947v1
Pseudomonas aeruginosa	GCF_022424055.2	ASM2242405v2
Pseudomonas aeruginosa	GCF_027570415.1	ASM2757041v1
Salmonella enterica	GCF_026801935.1	ASM2680193v1
Escherichia coli	GCF_008926145.1	ASM892614v1
Escherichia coli	GCF_029318875.1	ASM2931887v1
Salmonella enterica	GCF_024365005.1	ASM2436500v1
Escherichia coli	GCF_900622655.1	MS14385
Salmonella enterica	GCF_001953695.1	ASM195369v1
Escherichia coli	GCF_001721525.1	ASM172152v1
Escherichia coli	GCF_030039075.1	ASM3003907v1
Escherichia coli	GCF_040543515.1	ASM4054351v1
Escherichia coli	GCF_001308125.1	ASM130812v1
Escherichia coli	GCF_014168755.1	ASM1416875v1
Enterococcus faecalis	GCF_003812665.1	ASM381266v1
Escherichia coli	GCF_008065455.1	ASM806545v1
Escherichia coli	GCF_022221385.1	ASM2222138v1
Escherichia coli	GCF_013340805.1	ASM1334080v1
Escherichia coli	GCF_001890245.1	ASM189024v1
Escherichia coli	GCF_022494235.1	ASM2249423v1
Escherichia coli	GCF_013167275.1	ASM1316727v1
Pseudomonas aeruginosa	GCF_032811685.1	ASM3281168v1
Enterococcus faecalis	GCF_025958625.1	ASM2595862v1
Escherichia coli	GCF_031544605.1	ASM3154460v1
Escherichia coli	GCF_013168115.1	ASM1316811v1
Escherichia coli	GCF_002118095.1	ASM211809v1
Salmonella enterica	GCF_003324935.1	ASM332493v1
Bacillus subtilis	GCF_019931715.1	ASM1993171v1
Staphylococcus aureus	GCF_024741455.1	ASM2474145v1
Enterococcus faecalis	GCF_001989555.1	ASM198955v1
Pseudomonas aeruginosa	GCF_030490735.1	ASM3049073v1
Bacillus subtilis	GCF_004119615.1	ASM411961v1
Listeria monocytogenes	GCF_003031915.1	ASM303191v1
Escherichia coli	GCF_963575475.1	F1267
Salmonella enterica	GCF_018310435.1	ASM1831043v1
Escherichia coli	GCF_002208865.2	ASM220886v2
Salmonella enterica	GCF_003718455.1	ASM371845v1
Listeria monocytogenes	GCF_038655475.1	ASM3865547v1
Escherichia coli	GCF_001678965.1	ASM167896v1
Escherichia coli	GCF_017165335.1	ASM1716533v1
Escherichia coli	GCF_030273345.1	ASM3027334v1
Staphylococcus aureus	GCF_026625505.1	ASM2662550v1
Staphylococcus aureus	GCF_016413725.1	ASM1641372v1
Pseudomonas aeruginosa	GCF_027571075.1	ASM2757107v1
Escherichia coli	GCF_029990145.1	ASM2999014v1
Escherichia coli	GCF_024584825.1	ASM2458482v1
Escherichia coli	GCF_002237305.1	ASM223730v1
Pseudomonas aeruginosa	GCF_013343515.1	ASM1334351v1
Staphylococcus aureus	GCF_030262405.2	SA-675_Closure
Escherichia coli	GCF_002056065.1	ASM205606v1
Escherichia coli	GCF_015843075.1	ASM1584307v1
Enterococcus faecalis	GCF_023523795.1	ASM2352379v1
Staphylococcus aureus	GCF_036670145.1	ASM3667014v1
Escherichia coli	GCF_037571465.1	ASM3757146v1
Salmonella enterica	GCF_940631035.1	BRD948_7
Escherichia coli	GCF_000981485.1	EcoliK12AG100
Salmonella enterica	GCF_019645915.1	ASM1964591v1
Escherichia coli	GCF_031660515.1	ASM3166051v1
Enterococcus faecalis	GCF_025958085.1	ASM2595808v1
Salmonella enterica	GCF_040822525.1	ASM4082252v1
Salmonella enterica	GCF_022670775.1	ASM2267077v1
Escherichia coli	GCF_030347155.1	ASM3034715v1
Escherichia coli	GCF_022759745.1	ASM2275974v1
Bacillus subtilis	GCF_009662195.1	ASM966219v1
Escherichia coli	GCF_002011985.1	ASM201198v1
Escherichia coli	GCF_017165075.1	ASM1716507v1
Escherichia coli	GCF_003031735.1	ASM303173v1
Salmonella enterica	GCF_024266545.1	ASM2426654v1
Salmonella enterica	GCF_008931225.1	ASM893122v1
Bacillus subtilis	GCF_030863625.1	ASM3086362v1
Escherichia coli	GCF_018966785.1	ASM1896678v1
Salmonella enterica	GCF_037846055.1	ASM3784605v1
Escherichia coli	GCF_014169095.1	ASM1416909v1
Enterococcus faecalis	GCF_006349345.1	ASM634934v1
Salmonella enterica	GCF_030122315.1	ASM3012231v1
Salmonella enterica	GCF_028623145.1	ASM2862314v1
Escherichia coli	GCF_013340785.1	ASM1334078v1
Pseudomonas aeruginosa	GCF_021266605.1	ASM2126660v1
Salmonella enterica	GCF_021266345.1	ASM2126634v1
Salmonella enterica	GCF_014250355.1	ASM1425035v1
Escherichia coli	GCF_000026265.1	ASM2626v1
Staphylococcus aureus	GCF_002000825.1	ASM200082v1
Escherichia coli	GCF_017604265.1	ASM1760426v1
Enterococcus faecalis	GCF_023612035.1	ASM2361203v1
Salmonella enterica	GCF_000988525.3	ASM98852v3
Escherichia coli	GCF_020423205.1	ASM2042320v1
Staphylococcus aureus	GCF_021725475.1	ASM2172547v1
Salmonella enterica	GCF_011057955.1	ASM1105795v1
Escherichia coli	GCF_025643415.1	ASM2564341v1
Escherichia coli	GCF_037081895.1	ASM3708189v1
Pseudomonas aeruginosa	GCF_036233355.1	ASM3623335v1
Escherichia coli	GCF_008124305.1	ASM812430v1
Staphylococcus aureus	GCF_009912195.1	ASM991219v1
Enterococcus faecalis	GCF_032680985.1	ASM3268098v1
Staphylococcus aureus	GCF_900324245.1	8_LA_272
Escherichia coli	GCF_013372405.1	ASM1337240v1
Staphylococcus aureus	GCF_001975045.1	ASM197504v1
Pseudomonas aeruginosa	GCF_034190815.1	ASM3419081v1
Pseudomonas aeruginosa	GCF_030122075.1	ASM3012207v1
Staphylococcus aureus	GCF_032764935.1	ASM3276493v1
Salmonella enterica	GCF_030122575.1	ASM3012257v1
Escherichia coli	GCF_002983645.1	ASM298364v1
Escherichia coli	GCF_029536695.1	ASM2953669v1
Staphylococcus aureus	GCF_003073435.1	ASM307343v1
Pseudomonas aeruginosa	GCF_022870545.1	ASM2287054v1
Salmonella enterica	GCF_005144985.1	ASM514498v1
Enterococcus faecalis	GCF_033954855.1	ASM3395485v1
Escherichia coli	GCF_030345455.1	ASM3034545v1
Escherichia coli	GCF_036506055.1	ASM3650605v1
Escherichia coli	GCF_029989245.1	ASM2998924v1
Pseudomonas aeruginosa	GCF_019738995.2	ASM1973899v2
Staphylococcus aureus	GCF_900635285.1	40677_B02
Salmonella enterica	GCF_030122215.1	ASM3012221v1
Escherichia coli	GCF_032300135.1	ASM3230013v1
Pseudomonas aeruginosa	GCF_037285345.1	ASM3728534v1
Enterococcus faecalis	GCF_028335665.1	ASM2833566v1
Salmonella enterica	GCF_004848685.1	ASM484868v1
Salmonella enterica	GCF_900205275.1	403Ty
Listeria monocytogenes	GCF_016728025.1	ASM1672802v1
Pseudomonas aeruginosa	GCF_028404105.1	ASM2840410v1
Escherichia coli	GCF_036504395.1	ASM3650439v1
Enterococcus faecalis	GCF_022648595.1	ASM2264859v1
Salmonella enterica	GCF_003073515.1	ASM307351v1
Escherichia coli	GCF_009433135.1	ASM943313v1
Salmonella enterica	GCF_028892885.1	ASM2889288v1
Salmonella enterica	GCF_040784885.1	S22_2161
Enterococcus faecalis	GCF_013344605.1	ASM1334460v1
Staphylococcus aureus	GCF_022405955.1	ASM2240595v1
Pseudomonas aeruginosa	GCF_003813005.1	ASM381300v1
Escherichia coli	GCF_904831875.1	L5_E1779_ETEC
Staphylococcus aureus	GCF_009937785.1	ASM993778v1
Staphylococcus aureus	GCF_020389025.2	ASM2038902v2
Escherichia coli	GCF_003018875.1	ASM301887v1
Escherichia coli	GCF_031786515.1	ASM3178651v1
Staphylococcus aureus	GCF_034028795.1	ASM3402879v1
Escherichia coli	GCF_024584985.1	ASM2458498v1
Pseudomonas aeruginosa	GCF_036776515.1	ASM3677651v1
Escherichia coli	GCF_029319085.1	ASM2931908v1
Escherichia coli	GCF_035974155.1	ASM3597415v1
Escherichia coli	GCF_021398995.1	ASM2139899v1
Salmonella enterica	GCF_020783475.1	ASM2078347v1
Escherichia coli	GCF_019428585.1	ASM1942858v1
Escherichia coli	GCF_014904215.2	ASM1490421v2
Escherichia coli	GCF_019086825.1	ASM1908682v1
Salmonella enterica	GCF_025999715.1	ASM2599971v1
Staphylococcus aureus	GCF_000296595.1	ASM29659v1
Pseudomonas aeruginosa	GCF_033226745.1	ASM3322674v1
Escherichia coli	GCF_016890045.1	ASM1689004v1
Escherichia coli	GCF_030908725.1	ASM3090872v1
Salmonella enterica	GCF_001623545.2	ASM162354v2
Salmonella enterica	GCF_038096135.1	ASM3809613v1
Escherichia coli	GCF_009909485.1	ASM990948v1
Staphylococcus aureus	GCF_034014015.1	ASM3401401v1
Staphylococcus aureus	GCF_034013695.1	ASM3401369v1
Pseudomonas aeruginosa	GCF_036232725.1	ASM3623272v1
Staphylococcus aureus	GCF_003194005.1	ASM319400v1
Salmonella enterica	GCF_000623055.1	ASM62305v2
Enterococcus faecalis	GCF_024579795.1	ASM2457979v1
Escherichia coli	GCF_018972045.1	ASM1897204v1
Pseudomonas aeruginosa	GCF_025263705.1	ASM2526370v1
Staphylococcus aureus	GCF_000382985.1	ASM38298v1
Escherichia coli	GCF_019585545.2	STEC2
Salmonella enterica	GCF_023330905.1	ASM2333090v1
Staphylococcus aureus	GCF_024925485.1	ASM2492548v1
Escherichia coli	GCF_019443685.1	ASM1944368v1
Staphylococcus aureus	GCF_018987325.1	ASM1898732v1
Bacillus subtilis	GCF_019704455.1	ASM1970445v1
Escherichia coli	GCF_015139375.1	ASM1513937v1
Salmonella enterica	GCF_014123145.1	ASM1412314v1
Escherichia coli	GCF_036504915.1	ASM3650491v1
Staphylococcus aureus	GCF_020389545.1	ASM2038954v1
Salmonella enterica	GCF_015697785.1	ASM1569778v1
Escherichia coli	GCF_030013595.1	ASM3001359v1
Escherichia coli	GCF_036507355.1	ASM3650735v1
Escherichia coli	GCF_000831565.1	ASM83156v1
Escherichia coli	GCF_003017995.1	ASM301799v1
Pseudomonas aeruginosa	GCF_024760445.1	ASM2476044v1
Escherichia coli	GCF_002165095.2	ASM216509v2
Escherichia coli	GCF_006874785.1	ASM687478v1
Staphylococcus aureus	GCF_038111625.1	BSN168
Escherichia coli	GCF_030347115.1	ASM3034711v1
Bacillus subtilis	GCF_024917175.1	ASM2491717v1
Salmonella enterica	GCF_023158855.1	ASM2315885v1
Escherichia coli	GCF_038396315.1	ASM3839631v1
Escherichia coli	GCF_014930915.1	ASM1493091v1
Escherichia coli	GCF_030995205.1	ASM3099520v1
Escherichia coli	GCF_018075345.1	ASM1807534v1
Escherichia coli	GCF_030295485.1	ASM3029548v1
Bacillus subtilis	GCF_000789275.1	ASM78927v1
Escherichia coli	GCF_001900775.1	ASM190077v1
Staphylococcus aureus	GCF_001717685.1	ASM171768v3
Escherichia coli	GCF_024918775.1	ASM2491877v1
Bacillus subtilis	GCF_001660525.1	ASM166052v1
Salmonella enterica	GCF_021545805.1	ASM2154580v1
Salmonella enterica	GCF_031038915.1	ASM3103891v1
Escherichia coli	GCF_014541045.1	ASM1454104v1
Staphylococcus aureus	GCF_022404715.1	ASM2240471v1
Salmonella enterica	GCF_001540845.1	SO4698_09
Escherichia coli	GCF_023657915.1	ASM2365791v1
Escherichia coli	GCF_003204155.1	ASM320415v1
Escherichia coli	GCF_001559675.1	ASM155967v1
Pseudomonas aeruginosa	GCF_027571215.1	ASM2757121v1
Pseudomonas aeruginosa	GCF_030564045.1	ASM3056404v1
Escherichia coli	GCF_024735225.1	ASM2473522v1
Salmonella enterica	GCF_000022165.1	ASM2216v1
Escherichia coli	GCF_020149625.1	ASM2014962v1
Escherichia coli	GCF_014075595.1	ASM1407559v1
Salmonella enterica	GCF_001628755.1	ASM162875v1
Escherichia coli	GCF_017165015.1	ASM1716501v1
Listeria monocytogenes	GCF_018604205.1	ASM1860420v1
Escherichia coli	GCF_000269645.1	PB_Esch_coli_MG12655_V1
Staphylococcus aureus	GCF_009912115.1	ASM991211v1
Escherichia coli	GCF_030863925.1	ASM3086392v1
Listeria monocytogenes	GCF_001027245.1	ASM102724v1
Escherichia coli	GCF_001886575.1	ASM188657v1
Escherichia coli	GCF_032298115.1	ASM3229811v1
Pseudomonas aeruginosa	GCF_003716765.1	ASM371676v1
Escherichia coli	GCF_030038665.1	ASM3003866v1
Staphylococcus aureus	GCF_022405145.1	ASM2240514v1
Escherichia coli	GCF_001183665.1	ASM118366v1
Escherichia coli	GCF_032375125.1	ASM3237512v1
Escherichia coli	GCF_018417715.1	ASM1841771v1
Escherichia coli	GCF_022558625.1	ASM2255862v1
Staphylococcus aureus	GCF_024363365.1	ASM2436336v1
Listeria monocytogenes	GCF_001999105.1	ASM199910v1
Pseudomonas aeruginosa	GCF_003073795.1	ASM307379v1
Salmonella enterica	GCF_026013315.1	ASM2601331v1
Escherichia coli	GCF_030345535.1	ASM3034553v1
Escherichia coli	GCF_030013495.1	ASM3001349v1
Pseudomonas aeruginosa	GCF_028622895.1	ASM2862289v1
Enterococcus faecalis	GCF_018986755.2	ASM1898675v2
Salmonella enterica	GCF_001831915.2	ASM183191v2
Escherichia coli	GCF_025677665.1	ASM2567766v1
Escherichia coli	GCF_002811555.3	ASM281155v3
Staphylococcus aureus	GCF_003354965.1	ASM335496v1
Escherichia coli	GCF_007012305.1	ASM701230v1
Escherichia coli	GCF_022493855.1	ASM2249385v1
Staphylococcus aureus	GCF_034023835.1	ASM3402383v1
Staphylococcus aureus	GCF_030533895.1	ASM3053389v1
Staphylococcus aureus	GCF_030533875.1	ASM3053387v1
Staphylococcus aureus	GCF_034105255.2	BSN62-2
Salmonella enterica	GCF_021266425.1	ASM2126642v1
Pseudomonas aeruginosa	GCF_016107485.1	ASM1610748v1
Enterococcus faecalis	GCF_023300165.1	ASM2330016v1
Bacillus subtilis	GCF_019704355.1	ASM1970435v1
Escherichia coli	GCF_022759785.1	ASM2275978v1
Escherichia coli	GCF_023658325.1	ASM2365832v1
Enterococcus faecalis	GCF_030020255.1	ASM3002025v1
Staphylococcus aureus	GCF_034554905.2	BSN48-2_Contigs
Escherichia coli	GCF_031354175.1	ASM3135417v1
Pseudomonas aeruginosa	GCF_013394455.1	ASM1339445v1
Salmonella enterica	GCF_030122335.1	ASM3012233v1
Escherichia coli	GCF_002302335.1	ASM230233v1
Staphylococcus aureus	GCF_030643985.1	ASM3064398v1
Escherichia coli	GCF_001753565.1	ASM175356v1
Escherichia coli	GCF_020881875.1	ASM2088187v1
Escherichia coli	GCF_002302315.1	ASM230231v1
Staphylococcus aureus	GCF_004614295.1	ASM461429v1
Listeria monocytogenes	GCF_002101275.1	ASM210127v1
Staphylococcus aureus	GCF_001594205.1	ASM159420v1
Enterococcus faecalis	GCF_023650735.1	ASM2365073v1
Limosilactobacillus fermentum	GCF_017134375.1	ASM1713437v1
Staphylococcus aureus	GCF_008619795.1	ASM861979v1
Salmonella enterica	GCF_019468645.1	ASM1946864v1
Bacillus subtilis	GCF_029536935.1	ASM2953693v1
Escherichia coli	GCF_028623085.1	ASM2862308v1
Escherichia coli	GCF_013167195.1	ASM1316719v1
Enterococcus faecalis	GCF_002289045.2	ASM228904v2
Escherichia coli	GCF_008926105.1	ASM892610v1
Staphylococcus aureus	GCF_001641025.1	ASM164102v1
Salmonella enterica	GCF_031036315.1	ASM3103631v1
Escherichia coli	GCF_905231995.2	AI2703v1_cp
Staphylococcus aureus	GCF_000013425.1	ASM1342v1
Escherichia coli	GCF_034119705.1	ASM3411970v1
Pseudomonas aeruginosa	GCF_015697605.1	ASM1569760v1
Escherichia coli	GCF_036507175.1	ASM3650717v1
Staphylococcus aureus	GCF_040409925.1	ASM4040992v1
Bacillus subtilis	GCF_035621695.1	ASM3562169v1
Escherichia coli	GCF_002357895.1	ASM235789v1
Escherichia coli	GCF_002951675.1	ASM295167v1
Escherichia coli	GCF_036500085.1	ASM3650008v1
Staphylococcus aureus	GCF_037199715.2	BSN71_Closure
Escherichia coli	GCF_024298505.1	ASM2429850v1
Pseudomonas aeruginosa	GCF_026727695.1	ASM2672769v1
Escherichia coli	GCF_017570585.1	ASM1757058v1
Escherichia coli	GCF_904831825.1	L3_E36_ETEC
Enterococcus faecalis	GCF_005979305.1	ASM597930v1
Listeria monocytogenes	GCF_002214045.1	ASM221404v1
Pseudomonas aeruginosa	GCF_013343335.1	ASM1334333v1
Enterococcus faecalis	GCF_023299665.1	ASM2329966v1
Salmonella enterica	GCF_000750335.1	ASM75033v1
Escherichia coli	GCF_002761835.1	ASM276183v1
Staphylococcus aureus	GCF_034043395.1	ASM3404339v1
Escherichia coli	GCF_964049315.1	30224_1_333
Escherichia coli	GCF_023657955.1	ASM2365795v1
Escherichia coli	GCF_017165135.1	ASM1716513v1
Staphylococcus aureus	GCF_008244705.1	ASM824470v1
Pseudomonas aeruginosa	GCF_030122015.1	ASM3012201v1
Bacillus subtilis	GCF_009913595.1	ASM991359v1
Staphylococcus aureus	GCF_025559585.1	ASM2555958v1
Escherichia coli	GCF_012934785.1	ASM1293478v1
Escherichia coli	GCF_030347175.1	ASM3034717v1
Salmonella enterica	GCF_003324955.1	ASM332495v1
Pseudomonas aeruginosa	GCF_016064595.1	ASM1606459v1
Pseudomonas aeruginosa	GCF_036232605.1	ASM3623260v1
Escherichia coli	GCF_002763995.1	ASM276399v1
Escherichia coli	GCF_009909465.1	ASM990946v1
Escherichia coli	GCF_001886895.1	ASM188689v1
Escherichia coli	GCF_020526805.2	ASM2052680v2
Salmonella enterica	GCF_002984035.1	ASM298403v1
Staphylococcus aureus	GCF_022693325.1	ASM2269332v1
Salmonella enterica	GCF_016452025.1	ASM1645202v1
Salmonella enterica	GCF_001931555.1	ASM193155v1
Staphylococcus aureus	GCF_003595385.1	ASM359538v1
Escherichia coli	GCF_004118915.1	ASM411891v1
Salmonella enterica	GCF_001623805.1	ASM162380v1
Bacillus subtilis	GCF_024706255.1	ASM2470625v1
Listeria monocytogenes	GCF_029891475.2	ASM2989147v2
Escherichia coli	GCF_009671045.1	ASM967104v1
Pseudomonas aeruginosa	GCF_038069335.1	ASM3806933v2
Enterococcus faecalis	GCF_032680965.1	ASM3268096v1
Escherichia coli	GCF_030389215.1	ASM3038921v1
Listeria monocytogenes	GCF_037056125.1	ASM3705612v1
Escherichia coli	GCF_005221705.1	ASM522170v1
Escherichia coli	GCF_001677475.2	ASM167747v2
Escherichia coli	GCF_039912475.1	ASM3991247v1
Pseudomonas aeruginosa	GCF_900069025.1	ASM90006902v1
Escherichia coli	GCF_030384725.1	ASM3038472v1
Bacillus subtilis	GCF_040733615.1	ASM4073361v1
Staphylococcus aureus	GCF_021172885.1	ASM2117288v1
Salmonella enterica	GCF_040822505.1	ASM4082250v1
Staphylococcus aureus	GCF_900324345.1	17_LA_343
Salmonella enterica	GCF_001690095.1	ASM169009v1
Escherichia coli	GCF_018986815.1	ASM1898681v1
Escherichia coli	GCF_000026345.1	ASM2634v1
Escherichia coli	GCF_018141145.1	ASM1814114v1
Escherichia coli	GCF_024499095.1	ASM2449909v1
Bacillus subtilis	GCF_009914155.1	ASM991415v1
Escherichia coli	GCF_014904435.2	ASM1490443v2
Escherichia coli	GCF_008124345.1	ASM812434v1
Pseudomonas aeruginosa	GCF_036232825.1	ASM3623282v1
Escherichia coli	GCF_025259645.1	ASM2525964v1
Escherichia coli	GCF_015644765.1	ASM1564476v1
Salmonella enterica	GCF_000195995.1	ASM19599v1
Pseudomonas aeruginosa	GCF_036232585.1	ASM3623258v1
Listeria monocytogenes	GCF_002285835.1	ASM228583v1
Escherichia coli	GCF_001900835.1	ASM190083v1
Listeria monocytogenes	GCF_000307615.1	ASM30761v1
Pseudomonas aeruginosa	GCF_019711215.1	ASM1971121v1
Enterococcus faecalis	GCF_030517535.1	ASM3051753v1
Escherichia coli	GCF_019970955.1	ASM1997095v1
Salmonella enterica	GCF_038396435.1	ASM3839643v1
Salmonella enterica	GCF_012052225.1	ASM1205222v1
Salmonella enterica	GCF_000335875.2	ASM33587v2
Staphylococcus aureus	GCF_024741355.1	ASM2474135v1
Salmonella enterica	GCF_002211825.1	ASM221182v1
Escherichia coli	GCF_004010615.1	ASM401061v1
Salmonella enterica	GCF_016454165.1	ASM1645416v1
Enterococcus faecalis	GCF_040543505.1	ASM4054350v1
Salmonella enterica	GCF_019670225.1	ASM1967022v1
Escherichia coli	GCF_011492985.1	ASM1149298v1
Staphylococcus aureus	GCF_900324305.1	13_LA_301
Enterococcus faecalis	GCF_030512425.1	ASM3051242v1
Salmonella enterica	GCF_000626255.1	ASM62625v1
Escherichia coli	GCF_003956225.1	ASM395622v1
Escherichia coli	GCF_009432915.1	ASM943291v1
Listeria monocytogenes	GCF_003409075.1	ASM340907v1
Pseudomonas aeruginosa	GCF_033228545.1	ASM3322854v1
Salmonella enterica	GCF_040822515.1	ASM4082251v1
Pseudomonas aeruginosa	GCF_039919425.1	ASM3991942v1
Salmonella enterica	GCF_020715405.1	ASM2071540v1
Escherichia coli	GCF_014168675.1	ASM1416867v1
Escherichia coli	GCF_030515575.1	ASM3051557v1
Escherichia coli	GCF_022559265.1	ASM2255926v1
Escherichia coli	GCF_000732965.1	ASM73296v1
Escherichia coli	GCF_014607575.1	ASM1460757v1
Salmonella enterica	GCF_003641325.1	ASM364132v1
Escherichia coli	GCF_003956345.1	ASM395634v1
Staphylococcus aureus	GCF_004614315.1	ASM461431v1
Salmonella enterica	GCF_035319905.1	ASM3531990v1
Salmonella enterica	GCF_037796365.1	ASM3779636v1
Salmonella enterica	GCF_003589825.1	ASM358982v1
Escherichia coli	GCF_029636765.1	ASM2963676v1
Staphylococcus aureus	GCF_900324415.1	22_LA_562
Staphylococcus aureus	GCF_009912055.1	ASM991205v1
Salmonella enterica	GCF_003589785.1	ASM358978v1
Salmonella enterica	GCF_003718355.1	ASM371835v1
Escherichia coli	GCF_040551235.1	ASM4055123v1
Escherichia coli	GCF_024917655.1	ASM2491765v1
Staphylococcus aureus	GCF_900324355.1	10_5235
Escherichia coli	GCF_014623425.1	ASM1462342v1
Escherichia coli	GCF_023921205.1	ASM2392120v1
Escherichia coli	GCF_013315735.1	ASM1331573v1
Staphylococcus aureus	GCF_900475055.1	42197_E02
Staphylococcus aureus	GCF_009912155.1	ASM991215v1
Salmonella enterica	GCF_016025415.2	ASM1602541v2
Staphylococcus aureus	GCF_900635095.1	33763_A01
Staphylococcus aureus	GCF_022405435.1	ASM2240543v1
Escherichia coli	GCF_011331065.1	ASM1133106v1
Staphylococcus aureus	GCF_016727585.1	ASM1672758v1
Escherichia coli	GCF_005222405.1	ASM522240v1
Pseudomonas aeruginosa	GCF_033224565.1	ASM3322456v1
Bacillus subtilis	GCF_037747845.1	ASM3774784v1
Escherichia coli	GCF_900622685.1	MS14387
Escherichia coli	GCF_017352075.1	ASM1735207v1
Listeria monocytogenes	GCF_000438665.2	ASM43866v2
Escherichia coli	GCF_003667385.1	ASM366738v1
Escherichia coli	GCF_900149915.1	EPEC-E2348_69-V2
Salmonella enterica	GCF_003590755.1	ASM359075v1
Bacillus subtilis	GCF_006741845.1	ASM674184v1
Escherichia coli	GCF_016629485.1	ASM1662948v1
Staphylococcus aureus	GCF_001580515.1	ASM158051v1
Listeria monocytogenes	GCF_003144075.1	ASM314407v1
Escherichia coli	GCF_003697165.2	ASM369716v2
Escherichia coli	GCF_013168235.1	ASM1316823v1
Salmonella enterica	GCF_012053325.1	ASM1205332v1
Escherichia coli	GCF_019428765.1	ASM1942876v1
Escherichia coli	GCF_039909435.1	ASM3990943v1
Pseudomonas aeruginosa	GCF_019720875.1	ASM1972087v1
Staphylococcus aureus	GCF_002633865.1	ASM263386v1
Escherichia coli	GCF_000022345.1	ASM2234v1
Salmonella enterica	GCF_006165285.1	ASM616528v1
Bacillus subtilis	GCF_004101945.1	ASM410194v1
Escherichia coli	GCF_016776345.1	ASM1677634v1
Salmonella enterica	GCF_005457265.1	ASM545726v2
Salmonella enterica	GCF_000330485.2	ASM33048v2
Pseudomonas aeruginosa	GCF_027571015.1	ASM2757101v1
Staphylococcus aureus	GCF_001018725.2	ASM101872v2
Pseudomonas aeruginosa	GCF_002075065.1	ASM207506v1
Salmonella enterica	GCF_035592515.1	ASM3559251v1
Staphylococcus aureus	GCF_003203655.1	ASM320365v1
Staphylococcus aureus	GCF_003030225.1	ASM303022v1
Escherichia coli	GCF_037553955.1	ASM3755395v1
Salmonella enterica	GCF_003717355.1	ASM371735v1
Pseudomonas aeruginosa	GCF_028595525.2	ASM2859552v2
Escherichia coli	GCF_019970975.1	ASM1997097v1
Salmonella enterica	GCF_026873505.1	ASM2687350v1
Escherichia coli	GCF_028421485.1	ASM2842148v1
Salmonella enterica	GCF_000210855.2	ASM21085v2
Escherichia coli	GCF_004792495.1	ASM479249v1
Enterococcus faecalis	GCF_020616875.1	ASM2061687v1
Escherichia coli	GCF_030037975.1	ASM3003797v1
Escherichia coli	GCF_013168155.1	ASM1316815v1
Escherichia coli	GCF_030013045.1	ASM3001304v1
Escherichia coli	GCF_002870165.1	ASM287016v1
Pseudomonas aeruginosa	GCF_002205375.1	ASM220537v1
Escherichia coli	GCF_003019035.1	ASM301903v1
Staphylococcus aureus	GCF_022221565.1	ASM2222156v1
Escherichia coli	GCF_964041535.1	30348_1_89
Pseudomonas aeruginosa	GCF_036233735.1	ASM3623373v1
Pseudomonas aeruginosa	GCF_030489645.1	ASM3048964v1
Listeria monocytogenes	GCF_002025165.1	ASM202516v1
Escherichia coli	GCF_014904175.2	ASM1490417v2
Escherichia coli	GCF_003018535.1	ASM301853v1
Escherichia coli	GCF_009909505.1	ASM990950v1
Pseudomonas aeruginosa	GCF_036233755.1	ASM3623375v1
Enterococcus faecalis	GCF_000317915.1	ASM31791v1
Listeria monocytogenes	GCF_022682045.1	ASM2268204v1
Escherichia coli	GCF_010365465.1	ASM1036546v1
Escherichia coli	GCF_001900965.1	ASM190096v1
Escherichia coli	GCF_015571535.1	ASM1557153v1
Bacillus subtilis	GCF_030846795.1	ASM3084679v1
Listeria monocytogenes	GCF_000307005.1	ASM30700v1
Escherichia coli	GCF_015291785.1	ASM1529178v1
Staphylococcus aureus	GCF_034809525.1	ASM3480952v1
Staphylococcus aureus	GCF_001515685.1	ASM151568v1
Staphylococcus aureus	GCF_003609915.1	ASM360991v1
Salmonella enterica	GCF_018310415.1	ASM1831041v1
Salmonella enterica	GCF_009664895.1	ASM966489v1
Escherichia coli	GCF_037287945.1	ASM3728794v1
Escherichia coli	GCF_040215555.1	ASM4021555v1
Salmonella enterica	GCF_001122625.2	10492_1_47
Enterococcus faecalis	GCF_030020685.1	ASM3002068v1
Enterococcus faecalis	GCF_019774535.1	ASM1977453v1
Pseudomonas aeruginosa	GCF_000829275.1	ASM82927v1
Escherichia coli	GCF_024298565.1	ASM2429856v1
Listeria monocytogenes	GCF_000513655.1	ASM51365v1
Escherichia coli	GCF_037287445.1	ASM3728744v1
Listeria monocytogenes	GCF_009730615.1	ASM973061v1
Salmonella enterica	GCF_039778235.1	ASM3977823v1
Escherichia coli	GCF_023370135.1	ASM2337013v1
Escherichia coli	GCF_904830965.1	L2_E1649
Listeria monocytogenes	GCF_000513635.1	ASM51363v1
Pseudomonas aeruginosa	GCF_030028275.1	ASM3002827v1
Pseudomonas aeruginosa	GCF_000763245.3	ASM76324v3
Escherichia coli	GCF_024585825.1	ASM2458582v1
Staphylococcus aureus	GCF_003609855.1	ASM360985v1
Escherichia coli	GCF_030717825.1	ASM3071782v1
Escherichia coli	GCF_016903915.1	ASM1690391v1
Staphylococcus aureus	GCF_003203615.1	ASM320361v1
Escherichia coli	GCF_020985225.1	ASM2098522v1
Staphylococcus aureus	GCF_008619075.1	ASM861907v1
Pseudomonas aeruginosa	GCF_030369815.1	ASM3036981v1
Salmonella enterica	GCF_001457675.1	NCTC10384
Pseudomonas aeruginosa	GCF_022569895.1	ASM2256989v1
Staphylococcus aureus	GCF_038096315.1	BSN46
Pseudomonas aeruginosa	GCF_000414035.1	ASM41403v1
Staphylococcus aureus	GCF_022405775.1	ASM2240577v1
Staphylococcus aureus	GCF_001018645.2	ASM101864v2
Pseudomonas aeruginosa	GCF_021513535.1	ASM2151353v1
Escherichia coli	GCF_027925845.1	ASM2792584v1
Escherichia coli	GCF_001183645.1	ASM118364v1
Escherichia coli	GCF_001039415.1	ASM103941v1
Escherichia coli	GCF_025996075.1	ASM2599607v1
Salmonella enterica	GCF_002163995.1	ASM216399v1
Enterococcus faecalis	GCF_005484525.1	ASM548452v1
Staphylococcus aureus	GCF_018075265.1	ASM1807526v1
Escherichia coli	GCF_002741355.1	ASM274135v1
Escherichia coli	GCF_025232475.1	ASM2523247v1
Escherichia coli	GCF_001886755.1	ASM188675v1
Salmonella enterica	GCF_000750435.1	ASM75043v1
Staphylococcus aureus	GCF_024296825.1	ASM2429682v1
Enterococcus faecalis	GCF_026802365.1	ASM2680236v1
Escherichia coli	GCF_030515375.1	ASM3051537v1
Pseudomonas aeruginosa	GCF_029961485.1	ASM2996148v1
Staphylococcus aureus	GCF_030533975.1	ASM3053397v1
Salmonella enterica	GCF_003641305.1	ASM364130v1
Escherichia coli	GCF_027945095.1	ASM2794509v1
Limosilactobacillus fermentum	GCF_004063515.1	ASM406351v1
Salmonella enterica	GCF_001293505.1	ASM129350v1
Bacillus subtilis	GCF_004328925.1	ASM432892v1
Staphylococcus aureus	GCF_023170025.1	ASM2317002v1
Escherichia coli	GCF_030013345.1	ASM3001334v1
Salmonella enterica	GCF_019063905.1	ASM1906390v1
Staphylococcus aureus	GCF_024741435.1	ASM2474143v1
Salmonella enterica	GCF_004768565.1	ASM476856v1
Pseudomonas aeruginosa	GCF_004193735.1	ASM419373v1
Enterococcus faecalis	GCF_013344645.1	ASM1334464v1
Pseudomonas aeruginosa	GCF_038431935.1	ASM3843193v1
Staphylococcus aureus	GCF_002209325.1	ASM220932v1
Escherichia coli	GCF_018972205.1	ASM1897220v1
Bacillus subtilis	GCF_037751545.1	ASM3775154v1
Salmonella enterica	GCF_000439415.2	ASM43941v2
Escherichia coli	GCF_001886555.1	ASM188655v1
Escherichia coli	GCF_030384745.1	ASM3038474v1
Escherichia coli	GCF_020883255.1	ASM2088325v1
Staphylococcus aureus	GCF_013307085.1	ASM1330708v1
Pseudomonas aeruginosa	GCF_022569915.1	ASM2256991v1
Salmonella enterica	GCF_028892745.1	ASM2889274v1
Staphylococcus aureus	GCF_004193875.1	ASM419387v1
Escherichia coli	GCF_022559285.1	ASM2255928v1
Escherichia coli	GCF_002953875.1	ASM295387v1
Escherichia coli	GCF_026651285.1	ASM2665128v1
Escherichia coli	GCF_000025165.1	ASM2516v1
Pseudomonas aeruginosa	GCF_030122055.1	ASM3012205v1
Escherichia coli	GCF_900635325.1	41556_D01
Escherichia coli	GCF_017165275.1	ASM1716527v1
Bacillus subtilis	GCF_021398545.1	ASM2139854v1
Escherichia coli	GCF_009950805.1	ASM995080v1
Escherichia coli	GCF_013168255.1	ASM1316825v1
Salmonella enterica	GCF_004354245.1	ASM435424v1
Escherichia coli	GCF_002786655.1	ASM278665v1
Escherichia coli	GCF_003020885.1	ASM302088v1
Staphylococcus aureus	GCF_025559625.1	ASM2555962v1
Escherichia coli	GCF_022493795.1	ASM2249379v1
Escherichia coli	GCF_003017765.1	ASM301776v1
Escherichia coli	GCF_016904495.1	ASM1690449v1
Staphylococcus aureus	GCF_024741655.1	ASM2474165v1
Escherichia coli	GCF_013315975.1	ASM1331597v1
Staphylococcus aureus	GCF_027942275.1	ASM2794227v1
Salmonella enterica	GCF_009667745.1	ASM966774v1
Escherichia coli	GCF_009761715.1	ASM976171v1
Escherichia coli	GCF_015571555.1	ASM1557155v1
Escherichia coli	GCF_012934495.1	ASM1293449v1
Escherichia coli	GCF_964048075.1	30821_1_280
Escherichia coli	GCF_020540985.1	ASM2054098v1
Escherichia coli	GCF_008124385.1	ASM812438v1
Escherichia coli	GCF_025643455.1	ASM2564345v1
Enterococcus faecalis	GCF_028335305.1	ASM2833530v1
Escherichia coli	GCF_029987615.1	ASM2998761v1
Escherichia coli	GCF_040763055.1	ASM4076305v1
Staphylococcus aureus	GCF_001549675.1	ASM154967v1
Escherichia coli	GCF_040215525.1	ASM4021552v1
Escherichia coli	GCF_011045895.1	ASM1104589v1
Staphylococcus aureus	GCF_020388075.1	ASM2038807v1
Bacillus subtilis	GCF_014879275.1	ASM1487927v1
Escherichia coli	GCF_032297255.1	ASM3229725v1
Salmonella enterica	GCF_030505955.1	ASM3050595v1
Salmonella enterica	GCF_003073555.1	ASM307355v1
Escherichia coli	GCF_900636145.1	39111_A02
Listeria monocytogenes	GCF_000021185.1	ASM2118v1
Enterococcus faecalis	GCF_036268395.1	ASM3626839v1
Bacillus subtilis	GCF_019704415.1	ASM1970441v1
Staphylococcus aureus	GCF_005885975.1	ASM588597v1
Salmonella enterica	GCF_035658395.1	ASM3565839v1
Enterococcus faecalis	GCF_023375245.1	ASM2337524v1
Listeria monocytogenes	GCF_008807875.1	ASM880787v1
Pseudomonas aeruginosa	GCF_028743595.1	ASM2874359v1
Listeria monocytogenes	GCF_022220725.1	ASM2222072v1
Salmonella enterica	GCF_004136175.1	ASM413617v1
Salmonella enterica	GCF_004124155.2	ASM412415v2
Escherichia coli	GCF_019091005.1	ASM1909100v1
Escherichia coli	GCF_016889045.1	ASM1688904v1
Escherichia coli	GCF_030296235.1	ASM3029623v1
Enterococcus faecalis	GCF_028621735.1	ASM2862173v1
Staphylococcus aureus	GCF_025561605.1	ASM2556160v1
Staphylococcus aureus	GCF_001656075.1	ASM165607v1
Escherichia coli	GCF_013282355.1	ASM1328235v1
Salmonella enterica	GCF_005537375.1	ASM553737v1
Staphylococcus aureus	GCF_024741575.1	ASM2474157v1
Enterococcus faecalis	GCF_020882115.1	ASM2088211v1
Staphylococcus aureus	GCF_003354865.1	ASM335486v1
Staphylococcus aureus	GCF_025559465.1	ASM2555946v1
Escherichia coli	GCF_963575405.1	F138
Escherichia coli	GCF_013167635.1	ASM1316763v1
Salmonella enterica	GCF_020715345.1	ASM2071534v1
Salmonella enterica	GCF_037825795.1	ASM3782579v1
Pseudomonas aeruginosa	GCF_032231025.1	ASM3223102v1
Pseudomonas aeruginosa	GCF_002411865.3	ASM241186v3
Escherichia coli	GCF_005221865.1	ASM522186v1
Salmonella enterica	GCF_003718235.1	ASM371823v1
Escherichia coli	GCF_964036705.1	30602_1_109
Limosilactobacillus fermentum	GCF_024204625.1	ASM2420462v1
Escherichia coli	GCF_022558905.1	ASM2255890v1
Escherichia coli	GCF_963693385.1	EC7072022
Salmonella enterica	GCF_037795395.1	ASM3779539v1
Bacillus subtilis	GCF_021497525.1	ASM2149752v1
Escherichia coli	GCF_029536655.1	ASM2953665v1
Escherichia coli	GCF_002196495.1	ASM219649v1
Escherichia coli	GCF_016780575.1	ASM1678057v1
Escherichia coli	GCF_024585545.1	ASM2458554v1
Salmonella enterica	GCF_004324275.2	ASM432427v2
Escherichia coli	GCF_016888965.1	ASM1688896v1
Escherichia coli	GCF_020883315.1	ASM2088331v1
Salmonella enterica	GCF_001448785.2	ASM144878v2
Staphylococcus aureus	GCF_000470845.1	ASM47084v1
Escherichia coli	GCF_964046945.1	30345_1_247
Escherichia coli	GCF_036884635.1	ASM3688463v1
Escherichia coli	GCF_001900475.1	ASM190047v1
Bacillus subtilis	GCF_024507815.1	ASM2450781v1
Salmonella enterica	GCF_003717975.1	ASM371797v1
Pseudomonas aeruginosa	GCF_029857015.1	ASM2985701v1
Salmonella enterica	GCF_021497565.1	ASM2149756v1
Staphylococcus aureus	GCF_021172925.1	ASM2117292v1
Staphylococcus aureus	GCF_034554895.2	BSN56
Escherichia coli	GCF_033400515.1	ASM3340051v1
Bacillus subtilis	GCF_002173615.1	ASM217361v1
Salmonella enterica	GCF_003994675.1	ASM399467v1
Pseudomonas aeruginosa	GCF_030121955.1	ASM3012195v1
Escherichia coli	GCF_036497865.1	ASM3649786v1
Escherichia coli	GCF_036713675.1	ASM3671367v2
Escherichia coli	GCF_019969485.1	ASM1996948v1
Escherichia coli	GCF_036497485.1	ASM3649748v1
Salmonella enterica	GCF_012053725.1	ASM1205372v1
Escherichia coli	GCF_008152105.1	ASM815210v1
Staphylococcus aureus	GCF_022405555.1	ASM2240555v1
Escherichia coli	GCF_000026545.1	ASM2654v1
Escherichia coli	GCF_004010575.1	ASM401057v1
Escherichia coli	GCF_024298525.1	ASM2429852v1
Escherichia coli	GCF_030345635.1	ASM3034563v1
Salmonella enterica	GCF_008330205.1	ASM833020v1
Escherichia coli	GCF_902810295.1	SC407
Pseudomonas aeruginosa	GCF_023101305.1	ASM2310130v1
Escherichia coli	GCF_900636195.1	39220_B01
Escherichia coli	GCF_018343835.1	ASM1834383v1
Escherichia coli	GCF_016403875.2	ASM1640387v2
Escherichia coli	GCF_013168015.1	ASM1316801v1
Pseudomonas aeruginosa	GCF_001516305.2	ASM151630v2
Staphylococcus aureus	GCF_028743615.1	ASM2874361v1
Staphylococcus aureus	GCF_026167765.1	ASM2616776v1
Escherichia coli	GCF_015571895.1	ASM1557189v1
Escherichia coli	GCF_900747775.1	VREC0761_Chromosome
Bacillus subtilis	GCF_037757895.1	ASM3775789v1
Escherichia coli	GCF_002953075.1	ASM295307v1
Staphylococcus aureus	GCF_038024705.1	WGS_using_MinION_R10.4.1_of_Staphylococcus_aureus_TUM22749
Escherichia coli	GCF_001612475.1	ASM161247v1
Staphylococcus aureus	GCF_020881895.1	ASM2088189v1
Escherichia coli	GCF_030847535.1	ASM3084753v1
Staphylococcus aureus	GCF_024741475.1	ASM2474147v1
Listeria monocytogenes	GCF_001027065.1	ASM102706v1
Escherichia coli	GCF_023272775.1	ASM2327277v1
Salmonella enterica	GCF_000993725.1	ASM99372v1
Listeria monocytogenes	GCF_014843295.1	ASM1484329v1
Escherichia coli	GCF_005222385.1	ASM522238v1
Escherichia coli	GCF_016592875.1	ASM1659287v1
Escherichia coli	GCF_018223665.1	ASM1822366v1
Salmonella enterica	GCF_004768665.1	ASM476866v1
Escherichia coli	GCF_016757655.1	ASM1675765v1
Escherichia coli	GCF_022559325.1	ASM2255932v1
Listeria monocytogenes	GCF_002213585.1	ASM221358v1
Escherichia coli	GCF_002214745.2	ASM221474v2
Salmonella enterica	GCF_019670305.1	ASM1967030v1
Enterococcus faecalis	GCF_030517625.1	ASM3051762v1
Escherichia coli	GCF_030345555.1	ASM3034555v1
Salmonella enterica	GCF_029674765.1	ASM2967476v1
Staphylococcus aureus	GCF_900129335.1	PP_HGAG_QV30_2SC_T4
Escherichia coli	GCF_016864475.1	ASM1686447v1
Staphylococcus aureus	GCF_024220055.1	ASM2422005v1
Staphylococcus aureus	GCF_038096225.1	BSN55
Staphylococcus aureus	GCF_030533465.1	ASM3053346v1
Staphylococcus aureus	GCF_000769575.1	ASM76957v1
Staphylococcus aureus	GCF_009913035.1	ASM991303v1
Escherichia coli	GCF_024585585.1	ASM2458558v1
Escherichia coli	GCF_002953815.1	ASM295381v1
Bacillus subtilis	GCF_018454405.1	ASM1845440v1
Salmonella enterica	GCF_001975265.1	ASM197526v1
Pseudomonas aeruginosa	GCF_013201095.1	ASM1320109v1
Pseudomonas aeruginosa	GCF_016126955.1	ASM1612695v1
Bacillus subtilis	GCF_009913255.1	ASM991325v1
Salmonella enterica	GCF_000750415.2	ASM75041v2
Escherichia coli	GCF_024917895.1	ASM2491789v1
Salmonella enterica	GCF_039880325.1	ASM3988032v1
Escherichia coli	GCF_030347035.1	ASM3034703v1
Listeria monocytogenes	GCF_016775725.1	ASM1677572v1
Salmonella enterica	GCF_026802035.1	ASM2680203v1
Listeria monocytogenes	GCF_001952795.1	ASM195279v1
Escherichia coli	GCF_004135125.1	ASM413512v1
Enterococcus faecalis	GCF_023299585.1	ASM2329958v1
Escherichia coli	GCF_025369875.1	ASM2536987v1
Escherichia coli	GCF_030038515.1	ASM3003851v1
Salmonella enterica	GCF_024266445.1	ASM2426644v1
Pseudomonas aeruginosa	GCF_036326305.1	ASM3632630v1
Pseudomonas aeruginosa	GCF_040581215.1	ASM4058121v1
Escherichia coli	GCF_033449225.1	ASM3344922v1
Pseudomonas aeruginosa	GCF_013305645.2	ASM1330564v2
Staphylococcus aureus	GCF_037890655.1	BSN78
Staphylococcus aureus	GCF_030643925.1	ASM3064392v1
Staphylococcus aureus	GCF_001018805.1	ASM101880v2
Escherichia coli	GCF_013167615.1	ASM1316761v1
Staphylococcus aureus	GCF_026625205.1	ASM2662520v1
Escherichia coli	GCF_022605345.1	ASM2260534v1
Escherichia coli	GCF_014168735.1	ASM1416873v1
Listeria monocytogenes	GCF_022220745.1	ASM2222074v1
Salmonella enterica	GCF_003717735.1	ASM371773v1
Escherichia coli	GCF_025200555.1	ASM2520055v1
Escherichia coli	GCF_036687395.1	ASM3668739v1
Salmonella enterica	GCF_004323995.2	ASM432399v2
Salmonella enterica	GCF_009667765.1	ASM966776v1
Escherichia coli	GCF_031551975.1	ASM3155197v1
Pseudomonas aeruginosa	GCF_036233555.1	ASM3623355v1
Escherichia coli	GCF_037287455.1	ASM3728745v1
Escherichia coli	GCF_003033905.1	ASM303390v1
Escherichia coli	GCF_003018915.1	ASM301891v1
Escherichia coli	GCF_035666315.1	ASM3566631v1
Pseudomonas aeruginosa	GCF_022570235.1	ASM2257023v1
Escherichia coli	GCF_002012265.1	ASM201226v1
Salmonella enterica	GCF_003717655.1	ASM371765v1
Escherichia coli	GCF_900520385.1	ASM90052038v1
Escherichia coli	GCF_017310445.1	ASM1731044v1
Escherichia coli	GCF_009949705.1	ASM994970v1
Listeria monocytogenes	GCF_030168025.1	ASM3016802v1
Staphylococcus aureus	GCF_900324045.1	24117-REV
Bacillus subtilis	GCF_036512515.1	ASM3651251v1
Bacillus subtilis	GCF_000293765.1	ASM29376v1
Escherichia coli	GCF_000833145.1	ASM83314v1
Salmonella enterica	GCF_024507995.1	ASM2450799v1
Staphylococcus aureus	GCF_009912095.1	ASM991209v1
Salmonella enterica	GCF_009648735.1	ASM964873v1
Pseudomonas aeruginosa	GCF_902703215.1	C7-25
Staphylococcus aureus	GCF_030533995.1	ASM3053399v1
Salmonella enterica	GCF_032465835.1	ASM3246583v1
Pseudomonas aeruginosa	GCF_013343455.1	ASM1334345v1
Salmonella enterica	GCF_023518195.1	ASM2351819v1
Escherichia coli	GCF_025369675.1	ASM2536967v1
Escherichia coli	GCF_902810275.1	SC422
Staphylococcus aureus	GCF_001580495.1	ASM158049v1
Salmonella enterica	GCF_002761455.1	ASM276145v1
Escherichia coli	GCF_040544505.1	ASM4054450v1
Salmonella enterica	GCF_023024545.1	ASM2302454v1
Escherichia coli	GCF_001043215.1	ASM104321v1
Escherichia coli	GCF_030142335.1	ASM3014233v1
Pseudomonas aeruginosa	GCF_019434135.1	ASM1943413v1
Enterococcus faecalis	GCF_006494835.1	ASM649483v1
Staphylococcus aureus	GCF_030643965.1	ASM3064396v1
Bacillus subtilis	GCF_003665355.1	ASM366535v1
Salmonella enterica	GCF_037099745.1	ASM3709974v1
Pseudomonas aeruginosa	GCF_032696765.1	ASM3269676v1
Escherichia coli	GCF_015139735.1	ASM1513973v1
Escherichia coli	GCF_020034635.1	ASM2003463v1
Staphylococcus aureus	GCF_009911835.1	ASM991183v1
Salmonella enterica	GCF_004847585.1	ASM484758v1
Salmonella enterica	GCF_001623585.1	ASM162358v1
Listeria monocytogenes	GCF_021378215.1	ASM2137821v1
Escherichia coli	GCF_005222045.1	ASM522204v1
Escherichia coli	GCF_014607515.1	ASM1460751v1
Escherichia coli	GCF_029224065.1	ASM2922406v1
Staphylococcus aureus	GCF_001045995.2	ASM104599v2
Escherichia coli	GCF_030037135.1	ASM3003713v1
Escherichia coli	GCF_003231115.1	ASM323111v1
Escherichia coli	GCF_037082015.1	ASM3708201v1
Pseudomonas aeruginosa	GCF_039904215.1	ASM3990421v1
Staphylococcus aureus	GCF_016894285.1	ASM1689428v1
Escherichia coli	GCF_017357505.1	ASM1735750v1
Salmonella enterica	GCF_037827835.1	ASM3782783v1
Escherichia coli	GCF_029319035.1	ASM2931903v1
Escherichia coli	GCF_001890205.1	ASM189020v1
Escherichia coli	GCF_037081875.1	ASM3708187v1
Listeria monocytogenes	GCF_037062095.1	ASM3706209v1
Staphylococcus aureus	GCF_007954445.1	ASM795444v1
Escherichia coli	GCF_022759725.1	ASM2275972v1
Escherichia coli	GCF_002952935.1	ASM295293v1
Pseudomonas aeruginosa	GCF_900636735.1	43941_C01
Salmonella enterica	GCF_020023795.1	ASM2002379v1
Pseudomonas aeruginosa	GCF_036233115.1	ASM3623311v1
Salmonella enterica	GCF_008124065.1	ASM812406v1
Escherichia coli	GCF_014169915.1	ASM1416991v1
Escherichia coli	GCF_008926165.1	ASM892616v1
Escherichia coli	GCF_905329835.2	AI2821v1_cpp
Salmonella enterica	GCF_005576575.1	ASM557657v1
Escherichia coli	GCF_012974525.1	ASM1297452v1
Escherichia coli	GCF_012934695.1	ASM1293469v1
Salmonella enterica	GCF_004124195.2	ASM412419v2
Salmonella enterica	GCF_000487935.2	ASM48793v2
Pseudomonas aeruginosa	GCF_038431945.1	ASM3843194v1
Pseudomonas aeruginosa	GCF_001722045.1	ASM172204v1
Salmonella enterica	GCF_019670145.1	ASM1967014v1
Salmonella enterica	GCF_004847005.1	ASM484700v1
Escherichia coli	GCF_034339465.2	ASM3433946v2
Staphylococcus aureus	GCF_030717585.1	ASM3071758v1
Escherichia coli	GCF_002164645.3	ASM216464v3
Salmonella enterica	GCF_003718275.1	ASM371827v1
Escherichia coli	GCF_036498805.1	ASM3649880v1
Staphylococcus aureus	GCF_040364105.1	ASM4036410v1
Escherichia coli	GCF_013201195.1	ASM1320119v1
Pseudomonas aeruginosa	GCF_036232325.1	ASM3623232v1
Escherichia coli	GCF_002996945.1	ASM299694v1
Escherichia coli	GCF_037890705.1	ASM3789070v1
Escherichia coli	GCF_018734065.1	ASM1873406v1
Escherichia coli	GCF_020868245.1	ASM2086824v1
Pseudomonas aeruginosa	GCF_022638175.1	ASM2263817v1
Escherichia coli	GCF_002310655.1	ASM231065v1
Staphylococcus aureus	GCF_007410625.1	ASM741062v1
Escherichia coli	GCF_022869985.1	ASM2286998v1
Pseudomonas aeruginosa	GCF_009867055.1	ASM986705v1
Escherichia coli	GCF_002055635.1	ASM205563v1
Staphylococcus aureus	GCF_003354645.1	ASM335464v1
Escherichia coli	GCF_019431295.1	ASM1943129v1
Salmonella enterica	GCF_003324795.1	ASM332479v1
Pseudomonas aeruginosa	GCF_013343375.1	ASM1334337v1
Salmonella enterica	GCF_002761415.1	ASM276141v1
Salmonella enterica	GCF_009756515.1	ASM975651v1
Staphylococcus aureus	GCF_000009665.1	ASM966v1
Escherichia coli	GCF_030162015.2	ASM3016201v2
Salmonella enterica	GCF_002761075.1	ASM276107v1
Staphylococcus aureus	GCF_020702515.2	ASM2070251v2
Enterococcus faecalis	GCF_006364815.1	ASM636481v1
Escherichia coli	GCF_020883295.1	ASM2088329v1
Escherichia coli	GCF_002967935.2	ASM296793v2
Escherichia coli	GCF_016458885.1	ASM1645888v1
Pseudomonas aeruginosa	GCF_030034615.1	ASM3003461v1
Pseudomonas aeruginosa	GCF_027571095.1	ASM2757109v1
Salmonella enterica	GCF_002863785.1	ASM286378v1
Escherichia coli	GCF_904866455.1	MSB1_4E
Bacillus subtilis	GCF_009497815.1	ASM949781v1
Pseudomonas aeruginosa	GCF_008195485.1	ASM819548v1
Escherichia coli	GCF_964043575.1	30348_2_316
Escherichia coli	GCF_016942535.1	ASM1694253v1
Escherichia coli	GCF_022558685.1	ASM2255868v1
Escherichia coli	GCF_037094575.1	ASM3709457v1
Pseudomonas aeruginosa	GCF_029961265.1	ASM2996126v1
Enterococcus faecalis	GCF_026802385.1	ASM2680238v1
Bacillus subtilis	GCF_002202055.1	ASM220205v1
Escherichia coli	GCF_003790525.1	ASM379052v1
Salmonella enterica	GCF_015240995.1	ASM1524099v1
Pseudomonas aeruginosa	GCF_018279245.1	ASM1827924v1
Escherichia coli	GCF_002859105.1	ASM285910v1
Escherichia coli	GCF_030419045.1	ASM3041904v1
Salmonella enterica	GCF_036871005.1	ASM3687100v1
Salmonella enterica	GCF_026873465.1	ASM2687346v1
Escherichia coli	GCF_029962425.1	ASM2996242v1
Salmonella enterica	GCF_001729225.1	ASM172922v1
Escherichia coli	GCF_000220005.1	ASM22000v2
Escherichia coli	GCF_016775925.1	ASM1677592v1
Salmonella enterica	GCF_003718655.1	ASM371865v1
Escherichia coli	GCF_025254305.1	ASM2525430v1
Escherichia coli	GCF_030285545.1	ASM3028554v1
Staphylococcus aureus	GCF_016889945.1	ASM1688994v1
Bacillus subtilis	GCF_027497435.1	ASM2749743v1
Salmonella enterica	GCF_020715385.1	ASM2071538v1
Staphylococcus aureus	GCF_003573835.1	ASM357383v1
Escherichia coli	GCF_002180135.1	ASM218013v1
Escherichia coli	GCF_027944775.1	ASM2794477v1
Escherichia coli	GCF_018988345.1	ASM1898834v1
Bacillus subtilis	GCF_018884165.1	ASM1888416v1
Escherichia coli	GCF_032386835.1	ASM3238683v1
Escherichia coli	GCF_003433275.1	ASM343327v1
Staphylococcus aureus	GCF_022405835.1	ASM2240583v1
Escherichia coli	GCF_014162235.1	ASM1416223v1
Escherichia coli	GCF_014295315.1	ASM1429531v1
Listeria monocytogenes	GCF_027503885.1	ASM2750388v1
Bacillus subtilis	GCF_002290305.1	ASM229030v1
Listeria monocytogenes	GCF_001513695.1	ASM151369v1
Bacillus subtilis	GCF_012648205.1	ASM1264820v1
Pseudomonas aeruginosa	GCF_025079255.1	ASM2507925v1
Salmonella enterica	GCF_038396445.1	ASM3839644v1
Escherichia coli	GCF_019585465.2	STEC10
Escherichia coli	GCF_964056585.1	30859_5_62
Escherichia coli	GCF_023658285.1	ASM2365828v1
Pseudomonas aeruginosa	GCF_019857585.1	ASM1985758v1
Staphylococcus aureus	GCF_030435875.1	ASM3043587v1
Escherichia coli	GCF_014169115.1	ASM1416911v1
Staphylococcus aureus	GCF_022405495.1	ASM2240549v1
Escherichia coli	GCF_011045255.1	ASM1104525v1
Escherichia coli	GCF_035621615.1	ASM3562161v1
Pseudomonas aeruginosa	GCF_029961345.1	ASM2996134v1
Salmonella enterica	GCF_003718195.1	ASM371819v1
Salmonella enterica	GCF_003073535.1	ASM307353v1
Escherichia coli	GCF_018415975.1	ASM1841597v1
Pseudomonas aeruginosa	GCF_033335935.1	ASM3333593v1
Staphylococcus aureus	GCF_019603375.1	ASM1960337v1
Staphylococcus aureus	GCF_034043175.1	ASM3404317v1
Escherichia coli	GCF_010365365.1	ASM1036536v1
Escherichia coli	GCF_024585965.1	ASM2458596v1
Staphylococcus aureus	GCF_003425545.1	ASM342554v1
Limosilactobacillus fermentum	GCF_032598845.1	ASM3259884v1
Limosilactobacillus fermentum	GCF_003346795.1	ASM334679v1
Escherichia coli	GCF_014169855.1	ASM1416985v1
Salmonella enterica	GCF_004328825.1	ASM432882v1
Escherichia coli	GCF_017088425.1	ASM1708842v1
Listeria monocytogenes	GCF_021391475.1	ASM2139147v1
Escherichia coli	GCF_016904695.1	ASM1690469v1
Bacillus subtilis	GCF_001565875.1	ASM156587v1
Bacillus subtilis	GCF_029537155.1	ASM2953715v1
Bacillus subtilis	GCF_023521475.1	ASM2352147v1
Staphylococcus aureus	GCF_022406055.1	ASM2240605v1
Escherichia coli	GCF_003399895.2	ASM339989v2
Staphylococcus aureus	GCF_031582925.1	ASM3158292v1
Pseudomonas aeruginosa	GCF_019720855.1	ASM1972085v1
Staphylococcus aureus	GCF_034425135.2	BSN51_Closure
Escherichia coli	GCF_032384295.1	ASM3238429v1
Escherichia coli	GCF_001860505.1	ASM186050v1
Salmonella enterica	GCF_002982095.1	ASM298209v1
Enterococcus faecalis	GCF_019856595.1	ASM1985659v1
Escherichia coli	GCF_038096115.1	ASM3809611v1
Bacillus subtilis	GCF_022453545.1	ASM2245354v1
Escherichia coli	GCF_036496485.1	ASM3649648v1
Escherichia coli	GCF_016806045.1	ASM1680604v1
Escherichia coli	GCF_000014845.1	ASM1484v1
Pseudomonas aeruginosa	GCF_038435155.1	ASM3843515v1
Pseudomonas aeruginosa	GCF_040008295.1	ASM4000829v1
Pseudomonas aeruginosa	GCF_022811065.1	ASM2281106v1
Staphylococcus aureus	GCF_000418345.1	ASM41834v1
Escherichia coli	GCF_012934475.1	ASM1293447v1
Escherichia coli	GCF_016598635.1	ASM1659863v1
Escherichia coli	GCF_022558705.1	ASM2255870v1
Escherichia coli	GCF_001900435.1	ASM190043v1
Staphylococcus aureus	GCF_004772055.1	ASM477205v1
Salmonella enterica	GCF_029591825.1	ASM2959182v1
Salmonella enterica	GCF_006365335.1	ASM636533v1
Escherichia coli	GCF_021089875.1	ASM2108987v1
Enterococcus faecalis	GCF_028335505.1	ASM2833550v1
Escherichia coli	GCF_013317085.1	ASM1331708v1
Salmonella enterica	GCF_025259185.1	ASM2525918v1
Escherichia coli	GCF_030995245.1	ASM3099524v1
Listeria monocytogenes	GCF_002214125.1	ASM221412v1
Escherichia coli	GCF_012044775.1	ASM1204477v1
Staphylococcus aureus	GCF_001018845.2	ASM101884v2
Escherichia coli	GCF_029990455.1	ASM2999045v1
Salmonella enterica	GCF_003324755.1	ASM332475v1
Salmonella enterica	GCF_026873385.1	ASM2687338v1
Staphylococcus aureus	GCF_002850415.1	ASM285041v1
Escherichia coli	GCF_031549445.1	ASM3154944v1
Escherichia coli	GCF_013166895.1	ASM1316689v1
Listeria monocytogenes	GCF_002213925.1	ASM221392v1
Staphylococcus aureus	GCF_025559085.1	ASM2555908v1
Pseudomonas aeruginosa	GCF_029961605.1	ASM2996160v1
Bacillus subtilis	GCF_015535655.1	ASM1553565v1
Staphylococcus aureus	GCF_029204125.1	ASM2920412v1
Pseudomonas aeruginosa	GCF_007833895.1	ASM783389v1
Escherichia coli	GCF_023206595.1	ASM2320659v1
Pseudomonas aeruginosa	GCF_032843885.3	ASM3284388v3
Staphylococcus aureus	GCF_000383005.1	ASM38300v1
Staphylococcus aureus	GCF_005954685.1	ASM595468v1
Pseudomonas aeruginosa	GCF_900636975.1	45813_F01
Escherichia coli	GCF_003813145.1	ASM381314v1
Escherichia coli	GCF_017352055.1	ASM1735205v1
Enterococcus faecalis	GCF_036352215.1	ASM3635221v1
Staphylococcus aureus	GCF_900635335.1	41556_G01
Enterococcus faecalis	GCF_001598635.1	ASM159863v1
Escherichia coli	GCF_006364695.1	ASM636469v1
Escherichia coli	GCF_030708375.1	ASM3070837v1
Bacillus subtilis	GCF_029536775.1	ASM2953677v1
Escherichia coli	GCF_010365525.1	ASM1036552v1
Salmonella enterica	GCF_000612325.1	ASM61232v1
Escherichia coli	GCF_003691425.1	ASM369142v1
Salmonella enterica	GCF_003515965.1	ASM351596v1
Escherichia coli	GCF_021535025.1	ASM2153502v1
Staphylococcus aureus	GCF_034661335.1	ASM3466133v1
Staphylococcus aureus	GCF_025559785.1	ASM2555978v1
Salmonella enterica	GCF_003030265.1	ASM303026v1
Escherichia coli	GCF_038420165.1	ASM3842016v1
Escherichia coli	GCF_022493115.1	ASM2249311v1
Staphylococcus aureus	GCF_009728775.1	ASM972877v1
Escherichia coli	GCF_003410275.1	ASM341027v1
Salmonella enterica	GCF_017094605.1	ASM1709460v1
Escherichia coli	GCF_010365325.1	ASM1036532v1
Salmonella enterica	GCF_037843125.1	ASM3784312v1
Escherichia coli	GCF_022846575.1	ASM2284657v1
Escherichia coli	GCF_001901215.1	ASM190121v1
Salmonella enterica	GCF_028747845.1	ASM2874784v1
Escherichia coli	GCF_003399795.2	ASM339979v2
Escherichia coli	GCF_001936315.1	ASM193631v1
Pseudomonas aeruginosa	GCF_003957825.1	ASM395782v1
Staphylococcus aureus	GCF_037076515.1	ASM3707651v1
Staphylococcus aureus	GCF_900324215.1	3_LA_115
Escherichia coli	GCF_036496865.1	ASM3649686v1
Salmonella enterica	GCF_025311435.1	ASM2531143v1
Escherichia coli	GCF_013167435.1	ASM1316743v1
Escherichia coli	GCF_003203755.1	ASM320375v1
Pseudomonas aeruginosa	GCF_028366415.1	ASM2836641v3
Staphylococcus aureus	GCF_019134615.1	ASM1913461v1
Staphylococcus aureus	GCF_026625385.1	ASM2662538v1
Escherichia coli	GCF_022759865.1	ASM2275986v1
Staphylococcus aureus	GCF_037199565.1	BSN5_Closure
Listeria monocytogenes	GCF_009648695.1	ASM964869v1
Escherichia coli	GCF_014904265.2	ASM1490426v2
Staphylococcus aureus	GCF_002442975.1	ASM244297v1
Staphylococcus aureus	GCF_037199585.2	BSN88_Closure
Salmonella enterica	GCF_022655645.1	ASM2265564v1
Bacillus subtilis	GCF_002216085.1	ASM221608v1
Staphylococcus aureus	GCF_018093105.1	ASM1809310v1
Enterococcus faecalis	GCF_026650885.1	ASM2665088v1
Staphylococcus aureus	GCF_016591995.1	ASM1659199v1
Staphylococcus aureus	GCF_034043415.1	ASM3404341v1
Pseudomonas aeruginosa	GCF_033374175.1	ASM3337417v1
Limosilactobacillus fermentum	GCF_032598825.1	ASM3259882v1
Salmonella enterica	GCF_001975515.1	ASM197551v1
Escherichia coli	GCF_014170675.1	ASM1417067v1
Pseudomonas aeruginosa	GCF_036233575.1	ASM3623357v1
Staphylococcus aureus	GCF_031878535.1	ASM3187853v1
Enterococcus faecalis	GCF_009498175.3	ASM949817v3
Staphylococcus aureus	GCF_000239235.1	ASM23923v1
Escherichia coli	GCF_018884505.1	ASM1888450v1
Bacillus subtilis	GCF_000009045.1	ASM904v1
Escherichia coli	GCF_000974505.1	ASM97450v1
Enterococcus faecalis	GCF_033814155.1	ASM3381415v1
Salmonella enterica	GCF_002762135.3	ASM276213v3
Escherichia coli	GCF_009952125.1	ASM995212v1
Escherichia coli	GCF_015571635.1	ASM1557163v1
Salmonella enterica	GCF_030439685.1	ASM3043968v1
Salmonella enterica	GCF_010919335.1	ASM1091933v1
Pseudomonas aeruginosa	GCF_029961565.1	ASM2996156v1
Staphylococcus aureus	GCF_022405275.1	ASM2240527v1
Listeria monocytogenes	GCF_003722375.1	ASM372237v1
Pseudomonas aeruginosa	GCF_016811975.1	ASM1681197v1
Pseudomonas aeruginosa	GCF_030121995.1	ASM3012199v1
Escherichia coli	GCF_019192625.2	ASM1919262v2
Escherichia coli	GCF_013315695.1	ASM1331569v1
Limosilactobacillus fermentum	GCF_029223965.1	ASM2922396v1
Staphylococcus aureus	GCF_037948675.1	BSN124
Escherichia coli	GCF_016403975.2	ASM1640397v2
Escherichia coli	GCF_003073955.1	ASM307395v1
Pseudomonas aeruginosa	GCF_036418185.1	ASM3641818v1
Salmonella enterica	GCF_003717055.1	ASM371705v1
Bacillus subtilis	GCF_003665395.1	ASM366539v1
Salmonella enterica	GCF_026802055.1	ASM2680205v1
Escherichia coli	GCF_000800765.1	ASM80076v1
Escherichia coli	GCF_037094535.1	ASM3709453v1
Escherichia coli	GCF_002012225.1	ASM201222v1
Salmonella enterica	GCF_001448705.2	ASM144870v2
Bacillus subtilis	GCF_003148355.1	ASM314835v2
Pseudomonas aeruginosa	GCF_022870525.1	ASM2287052v1
Escherichia coli	GCF_001618365.1	ASM161836v1
Salmonella enterica	GCF_028893295.1	ASM2889329v1
Escherichia coli	GCF_039912505.1	ASM3991250v1
Staphylococcus aureus	GCF_900092595.1	Sa_Newman_UoM
Staphylococcus aureus	GCF_036961545.2	BSN65_Closure
Staphylococcus aureus	GCF_030409015.1	ASM3040901v1
Escherichia coli	GCF_020971745.1	ASM2097174v1
Staphylococcus aureus	GCF_026625405.1	ASM2662540v1
Escherichia coli	GCF_031659955.1	ASM3165995v1
Staphylococcus aureus	GCF_038096245.1	BSN151
Staphylococcus aureus	GCF_003347055.1	ASM334705v1
Enterococcus faecalis	GCF_023746575.1	ASM2374657v1
Bacillus subtilis	GCF_905315715.2	NRS6160B
Pseudomonas aeruginosa	GCF_037287465.1	ASM3728746v1
Staphylococcus aureus	GCF_022691365.1	ASM2269136v1
Escherichia coli	GCF_017639145.1	ASM1763914v1
Escherichia coli	GCF_030013165.1	ASM3001316v1
Salmonella enterica	GCF_011466455.1	ASM1146645v1
Salmonella enterica	GCF_009017295.1	ASM901729v1
Escherichia coli	GCF_017901015.1	ASM1790101v1
Escherichia coli	GCF_040529125.1	ASM4052912v1
Escherichia coli	GCF_964049185.1	30859_5_32
Escherichia coli	GCF_002741595.1	ASM274159v1
Escherichia coli	GCF_003018715.1	ASM301871v1
Escherichia coli	GCF_013167295.1	ASM1316729v1
Staphylococcus aureus	GCF_030534255.1	ASM3053425v1
Escherichia coli	GCF_036923335.1	STEC26
Staphylococcus aureus	GCF_007726465.1	ASM772646v1
Escherichia coli	GCF_023206635.1	ASM2320663v1
Escherichia coli	GCF_001753445.1	ASM175344v1
Escherichia coli	GCF_031663975.1	ASM3166397v1
Escherichia coli	GCF_033401435.1	ASM3340143v1
Escherichia coli	GCF_036287645.1	ASM3628764v1
Staphylococcus aureus	GCF_001515745.1	ASM151574v1
Salmonella enterica	GCF_037782195.1	ASM3778219v1
Staphylococcus aureus	GCF_015244035.1	ASM1524403v1
Escherichia coli	GCF_029987955.1	ASM2998795v1
Enterococcus faecalis	GCF_902379005.2	UHGG_MGYG-HGUT-01694
Escherichia coli	GCF_004564175.1	ASM456417v1
Pseudomonas aeruginosa	GCF_039908075.1	UNIFI_Paer_26323
Salmonella enterica	GCF_023518135.1	ASM2351813v1
Escherichia coli	GCF_026001125.1	ASM2600112v1
Escherichia coli	GCF_022569415.1	ASM2256941v1
Salmonella enterica	GCF_019670425.1	ASM1967042v1
Salmonella enterica	GCF_025399075.1	ASM2539907v1
Pseudomonas aeruginosa	GCF_029962185.1	ASM2996218v1
Escherichia coli	GCF_001513635.1	ASM151363v1
Staphylococcus aureus	GCF_030534235.1	ASM3053423v1
Staphylococcus aureus	GCF_002204575.1	ASM220457v1
Pseudomonas aeruginosa	GCF_030369855.1	ASM3036985v1
Staphylococcus aureus	GCF_003426145.1	ASM342614v1
Escherichia coli	GCF_031663095.1	ASM3166309v1
Pseudomonas aeruginosa	GCF_023101285.1	ASM2310128v1
Escherichia coli	GCF_003018475.1	ASM301847v1
Escherichia coli	GCF_000013265.1	ASM1326v1
Salmonella enterica	GCF_031188765.1	ASM3118876v1
Escherichia coli	GCF_016776165.1	ASM1677616v1
Pseudomonas aeruginosa	GCF_039924275.1	ASM3992427v1
Escherichia coli	GCF_016775845.1	ASM1677584v1
Salmonella enterica	GCF_019670265.1	ASM1967026v1
Escherichia coli	GCF_005156265.1	ASM515626v1
Staphylococcus aureus	GCF_002000785.1	ASM200078v1
Staphylococcus aureus	GCF_000967345.1	ASM96734v1
Escherichia coli	GCF_008727155.1	ASM872715v1
Escherichia coli	GCF_038396695.1	ASM3839669v1
Staphylococcus aureus	GCF_030534055.1	ASM3053405v1
Pseudomonas aeruginosa	GCF_021513515.1	ASM2151351v1
Escherichia coli	GCF_008761455.2	ASM876145v2
Pseudomonas aeruginosa	GCF_003571505.1	ASM357150v1
Escherichia coli	GCF_040436685.1	ASM4043668v1
Pseudomonas aeruginosa	GCF_006704595.2	ASM670459v2
Escherichia coli	GCF_033802445.1	ASM3380244v1
Salmonella enterica	GCF_011465695.1	ASM1146569v1
Escherichia coli	GCF_031852355.1	ASM3185235v1
Escherichia coli	GCF_018988385.1	ASM1898838v1
Escherichia coli	GCF_000299475.1	ASM29947v1
Staphylococcus aureus	GCF_022369595.1	ASM2236959v1
Salmonella enterica	GCF_037870175.1	ASM3787017v1
Salmonella enterica	GCF_004124055.2	ASM412405v2
Salmonella enterica	GCF_038380085.1	ASM3838008v1
Salmonella enterica	GCF_031039055.1	ASM3103905v1
Escherichia coli	GCF_029674645.1	ASM2967464v1
Escherichia coli	GCF_015910185.1	ASM1591018v1
Escherichia coli	GCF_030439225.1	ASM3043922v1
Enterococcus faecalis	GCF_030020665.1	ASM3002066v1
Escherichia coli	GCF_016127695.1	ASM1612769v1
Escherichia coli	GCF_001900575.1	ASM190057v1
Escherichia coli	GCF_020616475.1	ASM2061647v1
Escherichia coli	GCF_034642855.1	ASM3464285v1
Escherichia coli	GCF_904831835.1	L4_E1441_ETEC
Bacillus subtilis	GCF_009662435.1	ASM966243v1
Escherichia coli	GCF_016904475.1	ASM1690447v1
Escherichia coli	GCF_025995735.1	ASM2599573v1
Escherichia coli	GCF_001900595.1	ASM190059v1
Escherichia coli	GCF_019843995.1	ASM1984399v1
Pseudomonas aeruginosa	GCF_036233455.1	ASM3623345v1
Escherichia coli	GCF_029991195.1	ASM2999119v1
Listeria monocytogenes	GCF_014304775.1	ASM1430477v1
Salmonella enterica	GCF_002266325.2	ASM226632v2
Staphylococcus aureus	GCF_022809795.1	ASM2280979v1
Pseudomonas aeruginosa	GCF_022569995.1	ASM2256999v1
Escherichia coli	GCF_024499155.1	ASM2449915v1
Enterococcus faecalis	GCF_030020155.1	ASM3002015v1
Escherichia coli	GCF_024331375.2	ASM2433137v2
Escherichia coli	GCF_020034595.1	ASM2003459v1
Escherichia coli	GCF_030717525.1	ASM3071752v1
Staphylococcus aureus	GCF_003855575.1	ASM385557v1
Salmonella enterica	GCF_004337735.2	ASM433773v2
Salmonella enterica	GCF_022559425.1	ASM2255942v1
Limosilactobacillus fermentum	GCF_000397165.1	ASM39716v1
Bacillus subtilis	GCF_030643765.1	ASM3064376v1
Staphylococcus aureus	GCF_002025125.1	ASM202512v1
Salmonella enterica	GCF_027942075.1	ASM2794207v1
Staphylococcus aureus	GCF_030409035.1	ASM3040903v1
Escherichia coli	GCF_014863625.1	ASM1486362v1
Escherichia coli	GCF_000784925.1	ASM78492v1
Escherichia coli	GCF_022558825.1	ASM2255882v1
Listeria monocytogenes	GCF_015583955.1	ASM1558395v1
Escherichia coli	GCF_015033265.1	ASM1503326v1
Escherichia coli	GCF_013167715.1	ASM1316771v1
Salmonella enterica	GCF_037876785.1	ASM3787678v1
Escherichia coli	GCF_033802425.1	ASM3380242v1
Escherichia coli	GCF_000212715.2	ASM21271v2
Pseudomonas aeruginosa	GCF_013001005.1	ASM1300100v1
Escherichia coli	GCF_001971765.1	ASM197176v1
Staphylococcus aureus	GCF_026625485.1	ASM2662548v1
Pseudomonas aeruginosa	GCF_035666215.1	ASM3566621v1
Escherichia coli	GCF_001644725.1	ASM164472v1
Pseudomonas aeruginosa	GCF_018141565.1	ASM1814156v1
Staphylococcus aureus	GCF_001018775.2	ASM101877v2
Salmonella enterica	GCF_011466775.1	ASM1146677v1
Pseudomonas aeruginosa	GCF_036233635.1	ASM3623363v1
Escherichia coli	GCF_002787545.1	ASM278754v1
Escherichia coli	GCF_025996735.1	ASM2599673v1
Escherichia coli	GCF_039583325.1	ASM3958332v1
Bacillus subtilis	GCF_009913555.1	ASM991355v1
Staphylococcus aureus	GCF_038429035.1	ASM3842903v1
Escherichia coli	GCF_030389835.1	ASM3038983v1
Salmonella enterica	GCF_028892845.1	ASM2889284v1
Staphylococcus aureus	GCF_020389425.1	ASM2038942v1
Staphylococcus aureus	GCF_007726495.1	ASM772649v1
Staphylococcus aureus	GCF_900324335.1	15_LA_305
Salmonella enterica	GCF_000272535.2	ASM27253v2
Bacillus subtilis	GCF_002173715.1	ASM217371v1
Escherichia coli	GCF_000801185.2	ASM80118v2
Staphylococcus aureus	GCF_001018975.2	ASM101897v2
Salmonella enterica	GCF_032700165.1	ASM3270016v1
Escherichia coli	GCF_003956185.1	ASM395618v1
Escherichia coli	GCF_022492995.1	ASM2249299v1
Staphylococcus aureus	GCF_019915405.1	ASM1991540v1
Pseudomonas aeruginosa	GCF_018138065.1	ASM1813806v1
Enterococcus faecalis	GCF_023375505.1	ASM2337550v1
Staphylococcus aureus	GCF_013305955.1	ASM1330595v1
Staphylococcus aureus	GCF_034479795.1	ASM3447979v1
Pseudomonas aeruginosa	GCF_036417805.1	ASM3641780v1
Escherichia coli	GCF_005671355.1	ASM567135v1
Bacillus subtilis	GCF_015654205.1	ASM1565420v1
Escherichia coli	GCF_018071945.1	ASM1807194v2
Escherichia coli	GCF_001900335.1	ASM190033v1
Escherichia coli	GCF_005037805.1	ASM503780v2
Pseudomonas aeruginosa	GCF_025398115.1	ASM2539811v1
Escherichia coli	GCF_002999075.1	ASM299907v1
Escherichia coli	GCF_964038705.1	30348_1_3
Escherichia coli	GCF_963924205.1	ST38_3_FIN
Escherichia coli	GCF_019710415.1	ASM1971041v1
Escherichia coli	GCF_022493495.1	ASM2249349v1
Listeria monocytogenes	GCF_004101665.1	ASM410166v1
Pseudomonas aeruginosa	GCF_038431905.1	ASM3843190v1
Escherichia coli	GCF_035928085.1	ASM3592808v1
Escherichia coli	GCF_009432215.1	ASM943221v1
Salmonella enterica	GCF_003864015.1	ASM386401v1
Listeria monocytogenes	GCF_003031975.1	ASM303197v1
Salmonella enterica	GCF_024722435.1	ASM2472243v1
Listeria monocytogenes	GCF_002213645.1	ASM221364v1
Escherichia coli	GCF_022494585.1	ASM2249458v1
Pseudomonas aeruginosa	GCF_003288335.1	ASM328833v1
Escherichia coli	GCF_003073835.1	ASM307383v1
Staphylococcus aureus	GCF_036670115.1	ASM3667011v1
Escherichia coli	GCF_003018135.1	ASM301813v1
Pseudomonas aeruginosa	GCF_022811045.1	ASM2281104v1
Escherichia coli	GCF_022453585.1	ASM2245358v1
Escherichia coli	GCF_018972245.1	ASM1897224v1
Pseudomonas aeruginosa	GCF_036232345.1	ASM3623234v1
Salmonella enterica	GCF_001692535.1	ASM169253v1
Escherichia coli	GCF_900520365.1	ASM90052036v1
Bacillus subtilis	GCF_004119715.1	ASM411971v1
Escherichia coli	GCF_017165415.1	ASM1716541v1
Escherichia coli	GCF_900622695.1	MS14384
Escherichia coli	GCF_018279125.1	ASM1827912v1
Staphylococcus aureus	GCF_003394105.1	ASM339410v1
Salmonella enterica	GCF_026873305.1	ASM2687330v1
Escherichia coli	GCF_036501305.1	ASM3650130v1
Staphylococcus aureus	GCF_008693765.1	ASM869376v1
Escherichia coli	GCF_037939535.1	ASM3793953v1
Bacillus subtilis	GCF_019704335.1	ASM1970433v1
Escherichia coli	GCF_024918895.1	ASM2491889v1
Pseudomonas aeruginosa	GCF_027594985.1	ASM2759498v1
Staphylococcus aureus	GCF_003193685.1	ASM319368v1
Salmonella enterica	GCF_003718255.1	ASM371825v1
Pseudomonas aeruginosa	GCF_024126355.1	ASM2412635v1
Escherichia coli	GCF_024329775.2	ASM2432977v2
Listeria monocytogenes	GCF_900275645.1	JF5203_1
Salmonella enterica	GCF_025808255.1	ASM2580825v1
Escherichia coli	GCF_013423805.1	ASM1342380v1
Salmonella enterica	GCF_023330805.1	ASM2333080v1
Escherichia coli	GCF_013343635.1	ASM1334363v1
Escherichia coli	GCF_030036655.1	ASM3003665v1
Escherichia coli	GCF_022117655.1	ASM2211765v1
Escherichia coli	GCF_017900975.1	ASM1790097v1
Staphylococcus aureus	GCF_018141385.1	ASM1814138v1
Escherichia coli	GCF_014904235.2	ASM1490423v2
Bacillus subtilis	GCF_009662275.1	ASM966227v1
Limosilactobacillus fermentum	GCF_000466785.3	ASM46678v3
Salmonella enterica	GCF_021474345.1	ASM2147434v1
Escherichia coli	GCF_019355455.1	ASM1935545v1
Escherichia coli	GCF_013122565.1	ASM1312256v1
Escherichia coli	GCF_017165455.1	ASM1716545v1
Staphylococcus aureus	GCF_024741615.1	ASM2474161v1
Salmonella enterica	GCF_028893075.1	ASM2889307v1
Pseudomonas aeruginosa	GCF_001516325.2	ASM151632v2
Escherichia coli	GCF_023238365.1	ASM2323836v1
Escherichia coli	GCF_905218875.2	AI2598v1_cp
Staphylococcus aureus	GCF_022163365.2	ASM2216336v2
Salmonella enterica	GCF_012050025.1	ASM1205002v1
Escherichia coli	GCF_002788115.1	ASM278811v1
Escherichia coli	GCF_014623225.1	ASM1462322v1
Salmonella enterica	GCF_028892935.1	ASM2889293v1
Pseudomonas aeruginosa	GCF_034438375.1	ASM3443837v1
Staphylococcus aureus	GCF_029094145.1	ASM2909414v1
Pseudomonas aeruginosa	GCF_016745175.1	ASM1674517v1
Escherichia coli	GCF_005222025.1	ASM522202v1
Bacillus subtilis	GCF_905319135.2	NRS6186B
Escherichia coli	GCF_036498665.1	ASM3649866v1
Salmonella enterica	GCF_000623715.2	ASM62371v2
Escherichia coli	GCF_029227855.1	ASM2922785v1
Escherichia coli	GCF_002012305.1	ASM201230v1
Staphylococcus aureus	GCF_034035835.1	ASM3403583v1
Staphylococcus aureus	GCF_024296845.1	ASM2429684v1
Escherichia coli	GCF_034119765.1	ASM3411976v1
Escherichia coli	GCF_024970535.1	ASM2497053v1
Staphylococcus aureus	GCF_000013465.1	ASM1346v1
Salmonella enterica	GCF_006165245.1	ASM616524v1
Staphylococcus aureus	GCF_024741695.1	ASM2474169v1
Escherichia coli	GCF_024584925.1	ASM2458492v1
Escherichia coli	GCF_036884625.1	ASM3688462v1
Pseudomonas aeruginosa	GCF_027570955.1	ASM2757095v1
Pseudomonas aeruginosa	GCF_900095805.1	PA14Or
Escherichia coli	GCF_019976835.1	ASM1997683v1
Escherichia coli	GCF_038396565.1	ASM3839656v1
Staphylococcus aureus	GCF_022405535.1	ASM2240553v1
Escherichia coli	GCF_010092405.1	ASM1009240v1
Salmonella enterica	GCF_002211585.1	ASM221158v1
Staphylococcus aureus	GCF_022693185.1	ASM2269318v1
Escherichia coli	GCF_001566635.1	ASM156663v1
Escherichia coli	GCF_003018215.1	ASM301821v1
Bacillus subtilis	GCF_024508175.1	ASM2450817v1
Staphylococcus aureus	GCF_022405855.1	ASM2240585v1
Staphylococcus aureus	GCF_030533645.1	ASM3053364v1
Pseudomonas aeruginosa	GCF_022569975.1	ASM2256997v1
Bacillus subtilis	GCF_000186745.1	ASM18674v1
Salmonella enterica	GCF_004919285.1	ASM491928v1
Staphylococcus aureus	GCF_003185005.1	ASM318500v1
Escherichia coli	GCF_001890365.1	ASM189036v1
Escherichia coli	GCF_026001205.1	ASM2600120v1
Pseudomonas aeruginosa	GCF_027570635.1	ASM2757063v1
Enterococcus faecalis	GCF_037238825.1	EfaR132
Escherichia coli	GCF_024298705.1	ASM2429870v1
Escherichia coli	GCF_036884385.1	ASM3688438v1
Staphylococcus aureus	GCF_037083885.2	BSN89_Closure
Escherichia coli	GCF_025232455.1	ASM2523245v1
Staphylococcus aureus	GCF_026625305.1	ASM2662530v1
Pseudomonas aeruginosa	GCF_022637915.1	ASM2263791v1
Bacillus subtilis	GCF_002072735.1	ASM207273v1
Pseudomonas aeruginosa	GCF_035197065.1	ASM3519706v1
Salmonella enterica	GCF_009756455.1	ASM975645v1
Escherichia coli	GCF_905219285.2	AI2715v1_cp
Enterococcus faecalis	GCF_032681005.1	ASM3268100v1
Staphylococcus aureus	GCF_900620245.1	BPH2947
Escherichia coli	GCF_024918155.1	ASM2491815v1
Salmonella enterica	GCF_004847145.1	ASM484714v1
Enterococcus faecalis	GCF_001689055.2	ASM168905v2
Escherichia coli	GCF_026074175.1	ASM2607417v1
Staphylococcus aureus	GCF_003330905.1	ASM333090v1
Enterococcus faecalis	GCF_024267595.1	ASM2426759v1
Salmonella enterica	GCF_003067925.2	ASM306792v2
Salmonella enterica	GCF_003710145.1	ASM371014v1
Salmonella enterica	GCF_030254705.1	ASM3025470v1
Salmonella enterica	GCF_003717455.1	ASM371745v1
Enterococcus faecalis	GCF_030020475.1	ASM3002047v1
Escherichia coli	GCF_029916845.1	ASM2991684v1
Escherichia coli	GCF_037558665.1	ASM3755866v1
Staphylococcus aureus	GCF_000463055.1	ASM46305v1
Salmonella enterica	GCF_000941015.2	ASM94101v2
Pseudomonas aeruginosa	GCF_019857565.1	ASM1985756v1
Salmonella enterica	GCF_039776065.1	ASM3977606v1
Pseudomonas aeruginosa	GCF_902703195.1	PcyII-40
Pseudomonas aeruginosa	GCF_002208645.1	ASM220864v1
Salmonella enterica	GCF_029592185.1	ASM2959218v1
Escherichia coli	GCF_031664795.1	ASM3166479v1
Escherichia coli	GCF_019890835.1	ASM1989083v1
Escherichia coli	GCF_004010635.1	ASM401063v1
Escherichia coli	GCF_001901045.1	ASM190104v1
Escherichia coli	GCF_017570625.1	ASM1757062v1
Salmonella enterica	GCF_001692615.1	ASM169261v1
Pseudomonas aeruginosa	GCF_022453825.1	ASM2245382v1
Escherichia coli	GCF_025399035.1	ASM2539903v1
Salmonella enterica	GCF_040048365.1	ASM4004836v1
Salmonella enterica	GCF_031182935.1	ASM3118293v1
Salmonella enterica	GCF_023330825.1	ASM2333082v1
Escherichia coli	GCF_030708015.1	ASM3070801v1
Pseudomonas aeruginosa	GCF_030183855.2	NA
Escherichia coli	GCF_016806005.1	ASM1680600v1
Pseudomonas aeruginosa	GCF_037287405.1	ASM3728740v1
Salmonella enterica	GCF_004848405.1	ASM484840v1
Pseudomonas aeruginosa	GCF_031326305.1	ASM3132630v1
Escherichia coli	GCF_014338525.1	ASM1433852v1
Escherichia coli	GCF_001021005.2	ASM102100v2
Escherichia coli	GCF_008370755.1	ASM837075v1
Staphylococcus aureus	GCF_009739675.1	ASM973967v1
Salmonella enterica	GCF_004194605.3	ASM419460v3
Escherichia coli	GCF_002057355.1	ASM205735v1
Pseudomonas aeruginosa	GCF_001721745.1	ASM172174v1
Escherichia coli	GCF_035621515.1	ASM3562151v1
Salmonella enterica	GCF_001623725.1	ASM162372v1
Salmonella enterica	GCF_019670165.1	ASM1967016v1
Escherichia coli	GCF_036923505.1	STEC28
Escherichia coli	GCF_003019095.1	ASM301909v1
Staphylococcus aureus	GCF_030533515.1	ASM3053351v1
Escherichia coli	GCF_963575375.1	F374
Escherichia coli	GCF_019971115.1	ASM1997111v1
Staphylococcus aureus	GCF_009912735.1	ASM991273v1
Staphylococcus aureus	GCF_018732165.1	ASM1873216v1
Escherichia coli	GCF_964052415.1	30821_1_117
Listeria monocytogenes	GCF_001005925.2	ASM100592v2
Escherichia coli	GCF_016404015.2	ASM1640401v2
Salmonella enterica	GCF_003073575.1	ASM307357v1
Listeria monocytogenes	GCF_001188045.2	ASM118804v2
Salmonella enterica	GCF_015052825.1	ASM1505282v1
Escherichia coli	GCF_003018695.1	ASM301869v1
Escherichia coli	GCF_027944655.1	ASM2794465v1
Staphylococcus aureus	GCF_003073755.1	ASM307375v1
Salmonella enterica	GCF_025808315.1	ASM2580831v1
Salmonella enterica	GCF_031036335.1	ASM3103633v1
Escherichia coli	GCF_023170005.1	ASM2317000v1
Salmonella enterica	GCF_012053525.1	ASM1205352v1
Salmonella enterica	GCF_023702165.1	ASM2370216v1
Escherichia coli	GCF_016889845.1	ASM1688984v1
Escherichia coli	GCF_904863105.1	MINF_1D
Staphylococcus aureus	GCF_024741395.1	ASM2474139v1
Escherichia coli	GCF_003018855.1	ASM301885v1
Listeria monocytogenes	GCF_037063215.1	ASM3706321v1
Pseudomonas aeruginosa	GCF_036232495.1	ASM3623249v1
Escherichia coli	GCF_005222425.1	ASM522242v1
Pseudomonas aeruginosa	GCF_027571305.1	ASM2757130v1
Staphylococcus aureus	GCF_022405395.1	ASM2240539v1
Escherichia coli	GCF_037126185.1	ASM3712618v1
Staphylococcus aureus	GCF_021172905.1	ASM2117290v1
Staphylococcus aureus	GCF_001019205.2	ASM101920v2
Staphylococcus aureus	GCF_001611405.1	ASM161140v1
Salmonella enterica	GCF_030122515.1	ASM3012251v1
Escherichia coli	GCF_018460065.1	ASM1846006v1
Escherichia coli	GCF_001280345.1	ASM128034v1
Escherichia coli	GCF_034422495.1	ASM3442249v1
Pseudomonas aeruginosa	GCF_029961525.1	ASM2996152v1
Escherichia coli	GCF_030435895.1	ASM3043589v1
Pseudomonas aeruginosa	GCF_040429605.1	ASM4042960v1
Salmonella enterica	GCF_022226915.1	ASM2222691v1
Salmonella enterica	GCF_003429365.1	ASM342936v1
Staphylococcus aureus	GCF_004136235.1	ASM413623v1
Listeria monocytogenes	GCF_013122235.1	ASM1312223v1
Escherichia coli	GCF_036884765.1	ASM3688476v1
Salmonella enterica	GCF_003068145.2	ASM306814v2
Escherichia coli	GCF_038396305.1	ASM3839630v1
Escherichia coli	GCF_003018355.1	ASM301835v1
Escherichia coli	GCF_002863885.1	ASM286388v1
Pseudomonas aeruginosa	GCF_022699525.1	ASM2269952v1
Salmonella enterica	GCF_003718155.1	ASM371815v1
Escherichia coli	GCF_004088295.1	ASM408829v1
Salmonella enterica	GCF_026013295.1	ASM2601329v1
Pseudomonas aeruginosa	GCF_036232405.1	ASM3623240v1
Salmonella enterica	GCF_002507865.2	ASM250786v2
Escherichia coli	GCF_002156845.1	ASM215684v1
Salmonella enterica	GCF_002813935.1	ASM281393v1
Escherichia coli	GCF_002953095.1	ASM295309v1
Staphylococcus aureus	GCF_025560785.1	ASM2556078v1
Escherichia coli	GCF_024971895.1	ASM2497189v1
Escherichia coli	GCF_024585805.1	ASM2458580v1
Escherichia coli	GCF_030384825.1	ASM3038482v1
Salmonella enterica	GCF_003067765.2	ASM306776v2
Pseudomonas aeruginosa	GCF_013343575.1	ASM1334357v1
Staphylococcus aureus	GCF_000012045.1	ASM1204v1
Listeria monocytogenes	GCF_003999665.1	ASM399966v1
Escherichia coli	GCF_034643255.1	ASM3464325v1
Pseudomonas aeruginosa	GCF_040580825.1	ASM4058082v1
Bacillus subtilis	GCF_001703495.1	ASM170349v1
Staphylococcus aureus	GCF_033798685.1	ASM3379868v1
Escherichia coli	GCF_026651265.1	ASM2665126v1
Salmonella enterica	GCF_015697765.1	ASM1569776v1
Salmonella enterica	GCF_005954705.1	ASM595470v1
Escherichia coli	GCF_036287705.1	ASM3628770v1
Escherichia coli	GCF_015138955.1	ASM1513895v1
Escherichia coli	GCF_029635835.1	ASM2963583v1
Pseudomonas aeruginosa	GCF_027570735.1	ASM2757073v1
Escherichia coli	GCF_022919055.1	ASM2291905v1
Pseudomonas aeruginosa	GCF_001792855.1	ASM179285v1
Pseudomonas aeruginosa	GCF_040562075.1	ASM4056207v1
Escherichia coli	GCF_013168075.1	ASM1316807v1
Salmonella enterica	GCF_016638525.1	ASM1663852v1
Escherichia coli	GCF_023206655.1	ASM2320665v1
Salmonella enterica	GCF_026873485.1	ASM2687348v1
Staphylococcus aureus	GCF_001021875.1	ASM102187v1
Enterococcus faecalis	GCF_022869705.1	ASM2286970v1
Salmonella enterica	GCF_003717635.1	ASM371763v1
Bacillus subtilis	GCF_000209795.2	ASM20979v2
Escherichia coli	GCF_011404895.1	ASM1140489v1
Staphylococcus aureus	GCF_001656045.1	ASM165604v1
Staphylococcus aureus	GCF_022405295.1	ASM2240529v1
Pseudomonas aeruginosa	GCF_016745115.1	ASM1674511v1
Salmonella enterica	GCF_000626095.2	ASM62609v2
Salmonella enterica	GCF_024266365.1	ASM2426636v1
Salmonella enterica	GCF_000006945.2	ASM694v2
Pseudomonas aeruginosa	GCF_027570595.1	ASM2757059v1
Pseudomonas aeruginosa	GCF_003429185.1	ASM342918v1
Pseudomonas aeruginosa	GCF_000014625.1	ASM1462v1
Escherichia coli	GCF_002863845.1	ASM286384v1
Staphylococcus aureus	GCF_001021895.1	ASM102189v1
Enterococcus faecalis	GCF_031206965.1	ASM3120696v1
Pseudomonas aeruginosa	GCF_002104595.1	ASM210459v1
Salmonella enterica	GCF_000754375.1	ASM75437v1
Listeria monocytogenes	GCF_040500535.1	ASM4050053v1
Escherichia coli	GCF_010509415.1	ASM1050941v1
Staphylococcus aureus	GCF_009176785.1	ASM917678v1
Salmonella enterica	GCF_021266265.1	ASM2126626v1
Limosilactobacillus fermentum	GCF_029961225.1	ASM2996122v1
Staphylococcus aureus	GCF_020388805.1	ASM2038880v1
Escherichia coli	GCF_949786295.1	EC0880B_R3
Salmonella enterica	GCF_001302605.1	ASM130260v1
Escherichia coli	GCF_014679325.1	ASM1467932v1
Staphylococcus aureus	GCF_003030085.1	ASM303008v1
Salmonella enterica	GCF_002813995.1	ASM281399v1
Escherichia coli	GCF_004006545.1	ASM400654v1
Staphylococcus aureus	GCF_001183725.2	ASM118372v2
Escherichia coli	GCF_025995615.1	ASM2599561v1
Salmonella enterica	GCF_021266405.1	ASM2126640v1
Staphylococcus aureus	GCF_030533765.1	ASM3053376v1
Listeria monocytogenes	GCF_022869685.1	ASM2286968v1
Staphylococcus aureus	GCF_020388765.1	ASM2038876v1
Staphylococcus aureus	GCF_025232045.1	ASM2523204v1
Staphylococcus aureus	GCF_028596245.1	ASM2859624v1
Salmonella enterica	GCF_037856515.1	ASM3785651v1
Staphylococcus aureus	GCF_006158985.1	ASM615898v1
Staphylococcus aureus	GCF_020388255.1	ASM2038825v1
Pseudomonas aeruginosa	GCF_038396885.1	ASM3839688v1
Escherichia coli	GCF_040545955.1	ASM4054595v1
Escherichia coli	GCF_008124085.1	ASM812408v1
Salmonella enterica	GCF_029674785.1	ASM2967478v1
Listeria monocytogenes	GCF_002116675.1	ASM211667v1
Escherichia coli	GCF_001901425.1	ASM190142v1
Staphylococcus aureus	GCF_015767475.1	ASM1576747v1
Escherichia coli	GCF_005221625.1	ASM522162v1
Salmonella enterica	GCF_003718075.1	ASM371807v1
Escherichia coli	GCF_012934615.1	ASM1293461v1
Salmonella enterica	GCF_024442255.1	ASM2444225v1
Salmonella enterica	GCF_003589805.1	ASM358980v1
Escherichia coli	GCF_004301465.1	ASM430146v1
Escherichia coli	GCF_040267615.1	MRSN116333
Pseudomonas aeruginosa	GCF_002812905.2	ASM281290v2
Escherichia coli	GCF_023024425.1	ASM2302442v1
Salmonella enterica	GCF_001975245.1	ASM197524v1
Salmonella enterica	GCF_001975285.1	ASM197528v1
Pseudomonas aeruginosa	GCF_022453765.1	ASM2245376v1
Escherichia coli	GCF_010365545.1	ASM1036554v1
Escherichia coli	GCF_040543495.1	ASM4054349v1
Salmonella enterica	GCF_028596185.1	ASM2859618v1
Escherichia coli	GCF_001806285.1	ASM180628v1
Escherichia coli	GCF_029201525.1	ASM2920152v1
Pseudomonas aeruginosa	GCF_021398755.1	ASM2139875v1
Escherichia coli	GCF_037094635.1	ASM3709463v1
Pseudomonas aeruginosa	GCF_003073615.1	ASM307361v1
Escherichia coli	GCF_022353905.1	ASM2235390v1
Escherichia coli	GCF_015291845.1	ASM1529184v1
Escherichia coli	GCF_001679985.1	ASM167998v1
Pseudomonas aeruginosa	GCF_003812885.1	ASM381288v1
Listeria monocytogenes	GCF_000568935.1	ASM56893v1
Escherichia coli	GCF_030295505.1	ASM3029550v1
Escherichia coli	GCF_003172465.2	ASM317246v2
Salmonella enterica	GCF_034494365.1	ASM3449436v1
Staphylococcus aureus	GCF_008244725.1	ASM824472v1
Listeria monocytogenes	GCF_001998915.1	ASM199891v1
Salmonella enterica	GCF_003347075.1	ASM334707v1
Salmonella enterica	GCF_000623335.1	ASM62333v1
Salmonella enterica	GCF_012052445.1	ASM1205244v1
Escherichia coli	GCF_002853805.1	ASM285380v1
Staphylococcus aureus	GCF_037045985.2	BSN80_Closure
Escherichia coli	GCF_010365485.1	ASM1036548v1
Escherichia coli	GCF_036884435.1	ASM3688443v1
Escherichia coli	GCF_034331185.1	ASM3433118v2
Escherichia coli	GCF_030384845.1	ASM3038484v1
Escherichia coli	GCF_037553545.1	ASM3755354v1
Escherichia coli	GCF_023658385.1	ASM2365838v1
Escherichia coli	GCF_003812945.1	ASM381294v1
Pseudomonas aeruginosa	GCF_001542835.1	ASM154283v1
Staphylococcus aureus	GCF_038024755.1	WGS_using_MinION_R10.4.1_of_Staphylococcus_aureus_TUM22705
Escherichia coli	GCF_030285485.1	ASM3028548v1
Staphylococcus aureus	GCF_003827915.1	ASM382791v1
Pseudomonas aeruginosa	GCF_030563585.1	ASM3056358v1
Escherichia coli	GCF_001900905.1	ASM190090v1
Staphylococcus aureus	GCF_024741775.1	ASM2474177v1
Escherichia coli	GCF_024300765.1	ASM2430076v1
Escherichia coli	GCF_029224105.1	ASM2922410v1
Staphylococcus aureus	GCF_037039335.1	ASM3703933v1
Listeria monocytogenes	GCF_027504085.1	ASM2750408v1
Escherichia coli	GCF_025995675.1	ASM2599567v1
Listeria monocytogenes	GCF_030168165.1	ASM3016816v1
Salmonella enterica	GCF_009664595.1	ASM966459v1
Pseudomonas aeruginosa	GCF_020990465.1	ASM2099046v1
Listeria monocytogenes	GCF_023515845.1	ASM2351584v1
Enterococcus faecalis	GCF_022691485.1	ASM2269148v1
Escherichia coli	GCF_963924195.1	ST38_2_FIN
Pseudomonas aeruginosa	GCF_036233375.1	ASM3623337v1
Escherichia coli	GCF_900149875.1	EPEC1
Bacillus subtilis	GCF_004101485.1	ASM410148v1
Escherichia coli	GCF_018771545.1	ASM1877154v1
Pseudomonas aeruginosa	GCF_026727735.1	ASM2672773v1
Salmonella enterica	GCF_001448485.2	ASM144848v2
Escherichia coli	GCF_014169275.1	ASM1416927v1
Escherichia coli	GCF_013305705.1	ASM1330570v1
Salmonella enterica	GCF_037957205.1	ASM3795720v1
Escherichia coli	GCF_022919035.1	ASM2291903v1
Pseudomonas aeruginosa	GCF_013305845.1	ASM1330584v1
Escherichia coli	GCF_002078275.1	ASM207827v1
Escherichia coli	GCF_014168955.1	ASM1416895v1
Salmonella enterica	GCF_900205265.1	lupe_GEN0059_5
Salmonella enterica	GCF_026013745.1	ASM2601374v1
Escherichia coli	GCF_030039395.1	ASM3003939v1
Salmonella enterica	GCF_022760155.1	ASM2276015v1
Salmonella enterica	GCF_021474305.1	ASM2147430v1
Escherichia coli	GCF_025563475.1	ASM2556347v1
Escherichia coli	GCF_003956445.1	ASM395644v1
Salmonella enterica	GCF_016454445.1	ASM1645444v1
Pseudomonas aeruginosa	GCF_023380065.1	ASM2338006v1
Salmonella enterica	GCF_019105565.1	ASM1910556v2
Listeria monocytogenes	GCF_029891485.2	ASM2989148v2
Listeria monocytogenes	GCF_001998985.1	ASM199898v1
Pseudomonas aeruginosa	GCF_011045375.1	ASM1104537v1
Pseudomonas aeruginosa	GCF_030866885.1	ASM3086688v1
Salmonella enterica	GCF_003718315.1	ASM371831v1
Escherichia coli	GCF_013085025.1	ASM1308502v1
Escherichia coli	GCF_025583375.2	ASM2558337v2
Salmonella enterica	GCF_000016045.1	ASM1604v1
Pseudomonas aeruginosa	GCF_030908445.1	ASM3090844v1
Staphylococcus aureus	GCF_900637155.1	49386_H02
Pseudomonas aeruginosa	GCF_030121975.1	ASM3012197v1
Salmonella enterica	GCF_004941405.1	ASM494140v1
Escherichia coli	GCF_019428745.1	ASM1942874v1
Escherichia coli	GCF_030295585.1	ASM3029558v1
Listeria monocytogenes	GCF_018735785.1	ASM1873578v1
Escherichia coli	GCF_022569795.1	ASM2256979v1
Pseudomonas aeruginosa	GCF_036232065.1	ASM3623206v1
Escherichia coli	GCF_003711005.1	ASM371100v1
Salmonella enterica	GCF_021266225.1	ASM2126622v1
Escherichia coli	GCF_003018995.1	ASM301899v1
Escherichia coli	GCF_030515405.1	ASM3051540v1
Pseudomonas aeruginosa	GCF_033394235.1	ASM3339423v1
Staphylococcus aureus	GCF_022405655.1	ASM2240565v1
Pseudomonas aeruginosa	GCF_022810865.1	ASM2281086v1
Salmonella enterica	GCF_011465945.1	ASM1146594v1
Staphylococcus aureus	GCF_000953255.1	Staphylococcus_aureus_Sa_ILRI_217
Escherichia coli	GCF_039909535.1	ASM3990953v1
Salmonella enterica	GCF_036821985.1	ASM3682198v1
Staphylococcus aureus	GCF_029204165.1	ASM2920416v1
Escherichia coli	GCF_008926185.1	ASM892618v1
Escherichia coli	GCF_904863445.1	MSB1_9D
Escherichia coli	GCF_001677495.1	ASM167749v1
Pseudomonas aeruginosa	GCF_024734795.1	ASM2473479v1
Staphylococcus aureus	GCF_003193965.1	ASM319396v1
Pseudomonas aeruginosa	GCF_000829885.1	ASM82988v1
Staphylococcus aureus	GCF_030063985.1	ASM3006398v1
Escherichia coli	GCF_030295545.1	ASM3029554v1
Escherichia coli	GCF_017165035.1	ASM1716503v1
Salmonella enterica	GCF_016454585.1	ASM1645458v1
Escherichia coli	GCF_024917995.1	ASM2491799v1
Salmonella enterica	GCF_016454185.1	ASM1645418v1
Pseudomonas aeruginosa	GCF_033230305.1	ASM3323030v1
Escherichia coli	GCF_020683145.1	ASM2068314v1
Escherichia coli	GCF_015571715.1	ASM1557171v1
Staphylococcus aureus	GCF_017798245.1	ASM1779824v1
Salmonella enterica	GCF_006517075.1	ASM651707v1
Salmonella enterica	GCF_014334215.1	ASM1433421v1
Listeria monocytogenes	GCF_000196035.1	ASM19603v1
Pseudomonas aeruginosa	GCF_036232205.1	ASM3623220v1
Escherichia coli	GCF_005221785.1	ASM522178v1
Escherichia coli	GCF_020217445.1	ASM2021744v1
Escherichia coli	GCF_000967155.2	HUSEC2011CHR1
Escherichia coli	GCF_003491165.1	ASM349116v1
Escherichia coli	GCF_015571915.1	ASM1557191v1
Escherichia coli	GCF_024971795.1	ASM2497179v1
Escherichia coli	GCF_034265375.1	ASM3426537v1
Bacillus subtilis	GCF_001902555.1	ASM190255v1
Escherichia coli	GCF_024585605.1	ASM2458560v1
Staphylococcus aureus	GCF_038024745.1	WGS_using_MinION_R10.4.1_of_Staphylococcus_aureus_TUM22707
Escherichia coli	GCF_022493395.1	ASM2249339v1
Staphylococcus aureus	GCF_013003945.1	ASM1300394v1
Enterococcus faecalis	GCF_040371495.1	ASM4037149v1
Staphylococcus aureus	GCF_003193765.1	ASM319376v1
Staphylococcus aureus	GCF_022405235.1	ASM2240523v1
Staphylococcus aureus	GCF_900635245.1	40415_C02
Escherichia coli	GCF_040267625.1	MRSN124611
Escherichia coli	GCF_024917335.1	ASM2491733v1
Bacillus subtilis	GCF_039621415.1	ASM3962141v1
Salmonella enterica	GCF_002208255.1	ASM220825v1
Pseudomonas aeruginosa	GCF_022810905.1	ASM2281090v1
Enterococcus faecalis	GCF_036281635.1	ASM3628163v1
Salmonella enterica	GCF_000623135.1	ASM62313v2
Bacillus subtilis	GCF_037754115.1	ASM3775411v1
Staphylococcus aureus	GCF_003955945.1	ASM395594v1
Staphylococcus aureus	GCF_001027045.1	ASM102704v1
Salmonella enterica	GCF_003994635.1	ASM399463v1
Staphylococcus aureus	GCF_030533935.1	ASM3053393v1
Bacillus subtilis	GCF_024917115.1	ASM2491711v1
Staphylococcus aureus	GCF_029204145.1	ASM2920414v1
Staphylococcus aureus	GCF_009912775.1	ASM991277v1
Enterococcus faecalis	GCF_036352175.1	ASM3635217v1
Escherichia coli	GCF_036498465.1	ASM3649846v1
Bacillus subtilis	GCF_004101405.1	ASM410140v1
Escherichia coli	GCF_003400045.2	ASM340004v2
Staphylococcus aureus	GCF_024363305.1	ASM2436330v1
Pseudomonas aeruginosa	GCF_030444675.1	ASM3044467v1
Escherichia coli	GCF_002164635.4	ASM216463v4
Escherichia coli	GCF_027925505.1	ASM2792550v1
Staphylococcus aureus	GCF_000412775.1	ASM41277v1
Escherichia coli	GCF_002855415.1	ASM285541v1
Escherichia coli	GCF_030142245.1	ASM3014224v1
Pseudomonas aeruginosa	GCF_032292255.1	ASM3229225v2
Salmonella enterica	GCF_004768625.1	ASM476862v1
Salmonella enterica	GCF_008244845.1	ASM824484v1
Salmonella enterica	GCF_019670465.1	ASM1967046v1
Staphylococcus aureus	GCF_037482265.1	BSN155-2
Staphylococcus aureus	GCF_003595505.1	ASM359550v1
Staphylococcus aureus	GCF_030408935.1	ASM3040893v1
Escherichia coli	GCF_002741335.1	ASM274133v1
Escherichia coli	GCF_030996505.1	ASM3099650v1
Escherichia coli	GCF_904711295.1	2015-01-466
Escherichia coli	GCF_040234295.1	ASM4023429v1
Salmonella enterica	GCF_000487915.2	ASM48791v2
Staphylococcus aureus	GCF_002000865.1	ASM200086v1
Escherichia coli	GCF_005885955.1	ASM588595v1
Escherichia coli	GCF_010669005.1	ASM1066900v1
Escherichia coli	GCF_000022225.1	ASM2222v1
Enterococcus faecalis	GCF_022212965.1	ASM2221296v1
Bacillus subtilis	GCF_024918995.1	ASM2491899v1
Staphylococcus aureus	GCF_030758835.1	ASM3075883v1
Escherichia coli	GCF_024917715.1	ASM2491771v1
Staphylococcus aureus	GCF_031879475.1	ASM3187947v1
Escherichia coli	GCF_020716665.1	ASM2071666v1
Escherichia coli	GCF_002903105.1	ASM290310v1
Enterococcus faecalis	GCF_028532705.1	ASM2853270v1
Escherichia coli	GCF_030708315.1	ASM3070831v1
Pseudomonas aeruginosa	GCF_016584725.1	ASM1658472v1
Escherichia coli	GCF_030413805.1	ASM3041380v1
Escherichia coli	GCF_020883395.1	ASM2088339v1
Staphylococcus aureus	GCF_003194025.1	ASM319402v1
Staphylococcus aureus	GCF_019551375.1	ASM1955137v1
Listeria monocytogenes	GCF_004771195.1	ASM477119v1
Salmonella enterica	GCF_004792435.1	ASM479243v1
Escherichia coli	GCF_014361285.1	ASM1436128v1
Salmonella enterica	GCF_031036835.1	ASM3103683v1
Escherichia coli	GCF_020683045.1	ASM2068304v1
Staphylococcus aureus	GCF_900324325.1	14_5418
Enterococcus faecalis	GCF_036277495.1	ASM3627749v1
Staphylococcus aureus	GCF_019134635.1	ASM1913463v1
Listeria monocytogenes	GCF_905219385.1	QI0055
Escherichia coli	GCF_030013735.1	ASM3001373v1
Listeria monocytogenes	GCF_022220825.1	ASM2222082v1
Escherichia coli	GCF_023277345.1	ASM2327734v1
Salmonella enterica	GCF_039830155.1	STY_12013191
Pseudomonas aeruginosa	GCF_036234315.1	ASM3623431v1
Escherichia coli	GCF_963585905.1	F1053
Staphylococcus aureus	GCF_009739775.1	ASM973977v1
Escherichia coli	GCF_019973795.1	ASM1997379v1
Escherichia coli	GCF_021307345.1	ASM2130734v1
Enterococcus faecalis	GCF_030517505.1	ASM3051750v1
Staphylococcus aureus	GCF_032809245.1	ASM3280924v1
Staphylococcus aureus	GCF_020388655.1	ASM2038865v1
Enterococcus faecalis	GCF_023702145.1	ASM2370214v1
Limosilactobacillus fermentum	GCF_035621415.1	ASM3562141v1
Pseudomonas aeruginosa	GCF_951805275.2	Paer3796A.1
Salmonella enterica	GCF_016454225.1	ASM1645422v1
Escherichia coli	GCF_033439065.1	ASM3343906v1
Bacillus subtilis	GCF_025021505.1	ASM2502150v1
Pseudomonas aeruginosa	GCF_027570775.1	ASM2757077v1
Escherichia coli	GCF_000262125.1	ASM26212v1
Staphylococcus aureus	GCF_022405455.1	ASM2240545v1
Escherichia coli	GCF_039912655.1	ASM3991265v1
Salmonella enterica	GCF_020691725.1	ASM2069172v1
Salmonella enterica	GCF_003032035.1	ASM303203v1
Escherichia coli	GCF_000167875.2	ASM16787v2
Salmonella enterica	GCF_001623645.2	ASM162364v2
Bacillus subtilis	GCF_037753205.1	ASM3775320v1
Escherichia coli	GCF_029227895.1	ASM2922789v1
Salmonella enterica	GCF_002386325.1	ASM238632v1
Escherichia coli	GCF_001900695.1	ASM190069v1
Salmonella enterica	GCF_027943645.1	ASM2794364v1
Pseudomonas aeruginosa	GCF_001729505.1	ASM172950v1
Salmonella enterica	GCF_021474245.1	ASM2147424v1
Enterococcus faecalis	GCF_030517445.1	ASM3051744v1
Escherichia coli	GCF_001753505.1	ASM175350v1
Listeria monocytogenes	GCF_015689035.1	ASM1568903v1
Escherichia coli	GCF_038396555.1	ASM3839655v1
Pseudomonas aeruginosa	GCF_038431915.1	ASM3843191v1
Pseudomonas aeruginosa	GCF_014467035.1	ASM1446703v1
Escherichia coli	GCF_025426195.1	ASM2542619v1
Escherichia coli	GCF_023167605.1	ASM2316760v1
Salmonella enterica	GCF_013376955.1	ASM1337695v1
Escherichia coli	GCF_024917955.1	ASM2491795v1
Salmonella enterica	GCF_001972545.2	ASM197254v2
Pseudomonas aeruginosa	GCF_036233715.1	ASM3623371v1
Escherichia coli	GCF_002741455.1	ASM274145v1
Pseudomonas aeruginosa	GCF_036418275.1	ASM3641827v1
Salmonella enterica	GCF_037860935.1	ASM3786093v1
Bacillus subtilis	GCF_037742535.1	ASM3774253v1
Pseudomonas aeruginosa	GCF_034480705.1	ASM3448070v1
Salmonella enterica	GCF_022870605.1	ASM2287060v1
Escherichia coli	GCF_021398955.1	ASM2139895v1
Escherichia coli	GCF_022558405.1	ASM2255840v1
Listeria monocytogenes	GCF_027504065.1	ASM2750406v1
Escherichia coli	GCF_032368225.1	ASM3236822v1
Limosilactobacillus fermentum	GCF_017068315.1	ASM1706831v1
Escherichia coli	GCF_039583295.1	ASM3958329v1
Pseudomonas aeruginosa	GCF_036233155.1	ASM3623315v1
Pseudomonas aeruginosa	GCF_024652945.3	ASM2465294v3
Salmonella enterica	GCF_009756555.1	ASM975655v1
Escherichia coli	GCF_905330145.2	AI2843v1_cpp
Escherichia coli	GCF_014863745.1	ASM1486374v1
Salmonella enterica	GCF_034377425.1	ASM3437742v1
Pseudomonas aeruginosa	GCF_036232285.1	ASM3623228v1
Escherichia coli	GCF_000233895.1	ASM23389v1
Escherichia coli	GCF_021498045.1	ASM2149804v1
Salmonella enterica	GCF_000487015.2	ASM48701v2
Staphylococcus aureus	GCF_009912475.1	ASM991247v1
Escherichia coli	GCF_000010745.1	ASM1074v1
Staphylococcus aureus	GCF_030262395.2	R8014_Closure
Escherichia coli	GCF_039909525.1	ASM3990952v1
Salmonella enterica	GCF_040822475.1	ASM4082247v1
Escherichia coli	GCF_000971615.1	ASM97161v1
Listeria monocytogenes	GCF_004771175.1	ASM477117v1
Staphylococcus aureus	GCF_002089115.2	ASM208911v2
Staphylococcus aureus	GCF_009739735.1	ASM973973v1
Staphylococcus aureus	GCF_025559525.1	ASM2555952v1
Escherichia coli	GCF_019428645.1	ASM1942864v1
Escherichia coli	GCF_025563515.1	ASM2556351v1
Escherichia coli	GCF_022494805.1	ASM2249480v1
Listeria monocytogenes	GCF_016802645.1	ASM1680264v1
Salmonella enterica	GCF_004136155.1	ASM413615v1
Escherichia coli	GCF_024298465.1	ASM2429846v1
Escherichia coli	GCF_022759765.1	ASM2275976v1
Escherichia coli	GCF_022494685.1	ASM2249468v1
Escherichia coli	GCF_005222005.1	ASM522200v1
Listeria monocytogenes	GCF_030730795.2	ASM3073079v2
Pseudomonas aeruginosa	GCF_029962165.1	ASM2996216v1
Escherichia coli	GCF_035666095.1	ASM3566609v1
Escherichia coli	GCF_963575355.1	F1005
Pseudomonas aeruginosa	GCF_033395015.1	ASM3339501v1
Pseudomonas aeruginosa	GCF_027571135.1	ASM2757113v1
Escherichia coli	GCF_002967855.2	ASM296785v2
Escherichia coli	GCF_021166395.1	ASM2116639v1
Salmonella enterica	GCF_003718175.1	ASM371817v1
Staphylococcus aureus	GCF_030533725.1	ASM3053372v1
Escherichia coli	GCF_002237325.1	ASM223732v1
Escherichia coli	GCF_025995355.1	ASM2599535v1
Escherichia coli	GCF_002196475.1	ASM219647v1
Escherichia coli	GCF_017639025.1	ASM1763902v1
Pseudomonas aeruginosa	GCF_028595865.2	ASM2859586v2
Staphylococcus aureus	GCF_020388135.1	ASM2038813v1
Salmonella enterica	GCF_001689935.1	ASM168993v1
Staphylococcus aureus	GCF_034043015.1	ASM3404301v1
Pseudomonas aeruginosa	GCF_022570415.1	ASM2257041v1
Escherichia coli	GCF_003352425.1	ASM335242v1
Escherichia coli	GCF_030295605.1	ASM3029560v1
Escherichia coli	GCF_036498285.1	ASM3649828v1
Salmonella enterica	GCF_006385115.1	ASM638511v1
Salmonella enterica	GCF_001953015.1	ASM195301v1
Pseudomonas aeruginosa	GCF_013343415.1	ASM1334341v1
Limosilactobacillus fermentum	GCF_040235315.1	ASM4023531v1
Escherichia coli	GCF_021184105.1	ASM2118410v1
Escherichia coli	GCF_036505315.1	ASM3650531v1
Escherichia coli	GCF_022493235.1	ASM2249323v1
Salmonella enterica	GCF_009664555.1	ASM966455v1
Salmonella enterica	GCF_001409135.1	10259
Escherichia coli	GCF_036287685.1	ASM3628768v1
Escherichia coli	GCF_900636075.1	38670_C01
Listeria monocytogenes	GCF_037056005.1	ASM3705600v1
Staphylococcus aureus	GCF_000815205.1	ASM81520v1
Escherichia coli	GCF_022385215.1	ASM2238521v1
Escherichia coli	GCF_013340825.1	ASM1334082v1
Salmonella enterica	GCF_030254725.1	ASM3025472v1
Escherichia coli	GCF_001900415.1	ASM190041v1
Escherichia coli	GCF_036704625.1	ASM3670462v1
Escherichia coli	GCF_001901105.1	ASM190110v1
Escherichia coli	GCF_003956385.1	ASM395638v1
Escherichia coli	GCF_008364465.2	ASM836446v2
Escherichia coli	GCF_030295625.1	ASM3029562v1
Enterococcus faecalis	GCF_036352195.1	ASM3635219v1
Escherichia coli	GCF_025995255.1	ASM2599525v1
Pseudomonas aeruginosa	GCF_028751785.1	ASM2875178v1
Escherichia coli	GCF_016903375.1	ASM1690337v1
Escherichia coli	GCF_002180195.1	ASM218019v1
Escherichia coli	GCF_011691525.1	ASM1169152v1
Staphylococcus aureus	GCF_006088835.1	ASM608883v1
Escherichia coli	GCF_022558925.1	ASM2255892v1
Salmonella enterica	GCF_016454705.1	ASM1645470v1
Staphylococcus aureus	GCF_033808255.1	ASM3380825v1
Enterococcus faecalis	GCF_031186115.1	ASM3118611v1
Staphylococcus aureus	GCF_022404655.1	ASM2240465v1
Salmonella enterica	GCF_003312565.1	ASM331256v1
Limosilactobacillus fermentum	GCF_026184215.1	ASM2618421v1
Escherichia coli	GCF_033802545.1	ASM3380254v1
Escherichia coli	GCF_036503815.1	ASM3650381v1
Escherichia coli	GCF_005221505.1	ASM522150v1
Pseudomonas aeruginosa	GCF_036232565.1	ASM3623256v1
Salmonella enterica	GCF_001690055.1	ASM169005v1
Salmonella enterica	GCF_030436365.1	ASM3043636v1
Escherichia coli	GCF_030035545.1	ASM3003554v1
Escherichia coli	GCF_021559855.1	ASM2155985v1
Escherichia coli	GCF_004135855.1	ASM413585v1
Salmonella enterica	GCF_003324835.1	ASM332483v1
Escherichia coli	GCF_004010715.1	ASM401071v1
Pseudomonas aeruginosa	GCF_029961505.1	ASM2996150v1
Staphylococcus aureus	GCF_014696835.1	ASM1469683v2
Pseudomonas aeruginosa	GCF_027594685.1	ASM2759468v1
Escherichia coli	GCF_030996785.1	ASM3099678v1
Salmonella enterica	GCF_000272755.4	ASM27275v4
Escherichia coli	GCF_003667405.1	ASM366740v1
Escherichia coli	GCF_037953405.1	ASM3795340v1
Escherichia coli	GCF_024918375.1	ASM2491837v1
Salmonella enterica	GCF_000487515.2	ASM48751v2
Pseudomonas aeruginosa	GCF_027570435.1	ASM2757043v1
Staphylococcus aureus	GCF_026625285.1	ASM2662528v1
Staphylococcus aureus	GCF_000144955.2	ASM14495v2
Escherichia coli	GCF_021496425.1	ASM2149642v1
Escherichia coli	GCF_016404165.2	ASM1640416v2
Escherichia coli	GCF_021534905.1	ASM2153490v1
Escherichia coli	GCF_016944735.1	ASM1694473v1
Salmonella enterica	GCF_039777965.1	ASM3977796v1
Listeria monocytogenes	GCF_002213965.1	ASM221396v1
Salmonella enterica	GCF_000750475.1	ASM75047v1
Pseudomonas aeruginosa	GCF_029916825.1	ASM2991682v1
Pseudomonas aeruginosa	GCF_024300845.1	ASM2430084v1
Staphylococcus aureus	GCF_000016805.1	ASM1680v1
Escherichia coli	GCF_022369175.1	ASM2236917v1
Listeria monocytogenes	GCF_003433415.1	ASM343341v1
Salmonella enterica	GCF_004136115.1	ASM413611v1
Salmonella enterica	GCF_019670365.1	ASM1967036v1
Escherichia coli	GCF_010365405.1	ASM1036540v1
Escherichia coli	GCF_021498145.1	ASM2149814v1
Escherichia coli	GCF_017639125.1	ASM1763912v1
Escherichia coli	GCF_027925765.1	ASM2792576v1
Escherichia coli	GCF_003355175.1	ASM335517v1
Pseudomonas aeruginosa	GCF_025263585.1	ASM2526358v1
Escherichia coli	GCF_002951695.1	ASM295169v1
Escherichia coli	GCF_024585665.1	ASM2458566v1
Escherichia coli	GCF_025254605.1	ASM2525460v1
Escherichia coli	GCF_964048515.1	30602_6_35
Escherichia coli	GCF_018141245.1	ASM1814124v1
Pseudomonas aeruginosa	GCF_001721765.1	ASM172176v1
Salmonella enterica	GCF_019670325.1	ASM1967032v1
Listeria monocytogenes	GCF_001027205.1	ASM102720v1
Limosilactobacillus fermentum	GCF_003255875.1	ASM325587v1
Enterococcus faecalis	GCF_022557275.1	ASM2255727v1
Pseudomonas aeruginosa	GCF_013341295.1	ASM1334129v1
Escherichia coli	GCF_030708195.1	ASM3070819v1
Escherichia coli	GCF_025426235.1	ASM2542623v1
Escherichia coli	GCF_013357365.1	ASM1335736v1
Escherichia coli	GCF_902810375.1	SC492
Listeria monocytogenes	GCF_000438685.2	ASM43868v2
Escherichia coli	GCF_001901085.1	ASM190108v1
Pseudomonas aeruginosa	GCF_021497285.1	ASM2149728v1
Escherichia coli	GCF_000019425.1	ASM1942v1
Staphylococcus aureus	GCF_033798765.1	ASM3379876v1
Salmonella enterica	GCF_030122195.1	ASM3012219v1
Escherichia coli	GCF_016775965.1	ASM1677596v1
Salmonella enterica	GCF_030127085.1	ASM3012708v1
Escherichia coli	GCF_014770655.1	ASM1477065v1
Escherichia coli	GCF_037101265.1	ASM3710126v1
Salmonella enterica	GCF_039778195.1	ASM3977819v1
Escherichia coli	GCF_030389295.1	ASM3038929v1
Salmonella enterica	GCF_003994655.1	ASM399465v1
Salmonella enterica	GCF_037888845.1	ASM3788884v1
Pseudomonas aeruginosa	GCF_001516385.1	ASM151638v1
Salmonella enterica	GCF_008931245.1	ASM893124v1
Escherichia coli	GCF_002494365.2	ASM249436v2
Enterococcus faecalis	GCF_030020515.1	ASM3002051v1
Listeria monocytogenes	GCF_000950775.1	ASM95077v1
Escherichia coli	GCF_905330295.2	AI2860v1_cpp
Staphylococcus aureus	GCF_003425885.1	ASM342588v1
Escherichia coli	GCF_003018815.1	ASM301881v1
Listeria monocytogenes	GCF_000093125.2	ASM9312v2
Escherichia coli	GCF_020410665.1	ASM2041066v1
Salmonella enterica	GCF_028892705.1	ASM2889270v1
Pseudomonas aeruginosa	GCF_035197965.1	ASM3519796v1
Escherichia coli	GCF_018972225.1	ASM1897222v1
Staphylococcus aureus	GCF_030534135.1	ASM3053413v1
Escherichia coli	GCF_002952895.1	ASM295289v1
Escherichia coli	GCF_001900555.1	ASM190055v1
Salmonella enterica	GCF_900477895.1	47022_G01
Escherichia coli	GCF_001753485.1	ASM175348v1
Salmonella enterica	GCF_000493295.2	ASM49329v2
Salmonella enterica	GCF_003719255.1	ASM371925v1
Salmonella enterica	GCF_003717855.1	ASM371785v1
Salmonella enterica	GCF_002208315.1	ASM220831v1
Salmonella enterica	GCF_028893195.1	ASM2889319v1
Salmonella enterica	GCF_028596085.1	ASM2859608v1
Staphylococcus aureus	GCF_036670055.1	ASM3667005v1
Escherichia coli	GCF_030039325.1	ASM3003932v1
Escherichia coli	GCF_005222265.1	ASM522226v1
Salmonella enterica	GCF_024364925.1	ASM2436492v1
Pseudomonas aeruginosa	GCF_001721805.1	ASM172180v1
Listeria monocytogenes	GCF_029872295.2	ASM2987229v2
Pseudomonas aeruginosa	GCF_036417915.1	ASM3641791v1
Escherichia coli	GCF_036923325.1	STEC27
Pseudomonas aeruginosa	GCF_036232765.1	ASM3623276v1
Escherichia coli	GCF_030013025.1	ASM3001302v1
Escherichia coli	GCF_016696665.1	ASM1669666v1
Escherichia coli	GCF_030168675.1	ASM3016867v1
Escherichia coli	GCF_013166975.1	ASM1316697v1
Escherichia coli	GCF_022558805.1	ASM2255880v1
Escherichia coli	GCF_008042015.2	ASM804201v2
Escherichia coli	GCF_016776085.1	ASM1677608v1
Escherichia coli	GCF_030733925.1	ASM3073392v1
Escherichia coli	GCF_029623635.1	ASM2962363v1
Escherichia coli	GCF_022699465.1	ASM2269946v1
Salmonella enterica	GCF_005885855.1	ASM588585v1
Escherichia coli	GCF_002945135.3	ASM294513v3
Escherichia coli	GCF_018968645.1	ASM1896864v1
Escherichia coli	GCF_023206615.1	ASM2320661v1
Enterococcus faecalis	GCF_030020705.1	ASM3002070v1
Escherichia coli	GCF_014170615.1	ASM1417061v1
Salmonella enterica	GCF_006165185.1	ASM616518v1
Staphylococcus aureus	GCF_001019485.2	ASM101948v2
Staphylococcus aureus	GCF_019551415.1	ASM1955141v1
Salmonella enterica	GCF_004919225.1	ASM491922v1
Escherichia coli	GCF_030347015.1	ASM3034701v1
Escherichia coli	GCF_031545925.1	ASM3154592v1
Staphylococcus aureus	GCF_034024715.1	ASM3402471v1
Salmonella enterica	GCF_028893415.1	ASM2889341v1
Escherichia coli	GCF_002157245.1	ASM215724v1
Listeria monocytogenes	GCF_002285655.1	ASM228565v1
Pseudomonas aeruginosa	GCF_036236975.1	ASM3623697v1
Escherichia coli	GCF_017639045.1	ASM1763904v1
Escherichia coli	GCF_003018575.1	ASM301857v1
Pseudomonas aeruginosa	GCF_016745135.1	ASM1674513v1
Pseudomonas aeruginosa	GCF_036688165.2	ASM3668816v2
Enterococcus faecalis	GCF_036270335.1	ASM3627033v1
Escherichia coli	GCF_001753545.1	ASM175354v1
Salmonella enterica	GCF_003717075.1	ASM371707v1
Salmonella enterica	GCF_008244785.1	ASM824478v1
Staphylococcus aureus	GCF_009739845.1	ASM973984v1
Listeria monocytogenes	GCF_018106265.1	ASM1810626v1
Salmonella enterica	GCF_024364965.1	ASM2436496v1
Salmonella enterica	GCF_002234515.1	ASM223451v1
Escherichia coli	GCF_030012785.1	ASM3001278v1
Escherichia coli	GCF_012934535.1	ASM1293453v1
Escherichia coli	GCF_020540945.1	ASM2054094v1
Escherichia coli	GCF_030168755.1	ASM3016875v1
Escherichia coli	GCF_016944695.1	ASM1694469v1
Escherichia coli	GCF_003856575.1	ASM385657v1
Escherichia coli	GCF_029536635.1	ASM2953663v1
Pseudomonas aeruginosa	GCF_025790885.1	ASM2579088v1
Staphylococcus aureus	GCF_000010465.1	ASM1046v1
Staphylococcus aureus	GCF_018336535.1	ASM1833653v1
Staphylococcus aureus	GCF_020388395.1	ASM2038839v1
Escherichia coli	GCF_016904455.1	ASM1690445v1
Pseudomonas aeruginosa	GCF_023572735.3	ASM2357273v3
Bacillus subtilis	GCF_033413615.1	ASM3341361v1
Pseudomonas aeruginosa	GCF_033375815.1	ASM3337581v1
Salmonella enterica	GCF_002761375.1	ASM276137v1
Salmonella enterica	GCF_022533545.1	ASM2253354v1
Pseudomonas aeruginosa	GCF_036233535.1	ASM3623353v1
Escherichia coli	GCF_029318935.1	ASM2931893v1
Escherichia coli	GCF_017164855.1	ASM1716485v1
Escherichia coli	GCF_002953775.1	ASM295377v1
Staphylococcus aureus	GCF_024363385.1	ASM2436338v1
Escherichia coli	GCF_028471885.1	ASM2847188v1
Escherichia coli	GCF_002180275.1	ASM218027v1
Staphylococcus aureus	GCF_030252735.1	ASM3025273v1
Listeria monocytogenes	GCF_014983505.1	ASM1498350v1
Escherichia coli	GCF_017088445.1	ASM1708844v1
Pseudomonas aeruginosa	GCF_009720405.1	ASM972040v1
Escherichia coli	GCF_025200635.1	ASM2520063v1
Listeria monocytogenes	GCF_001483425.1	ASM148342v1
Escherichia coli	GCF_002209105.2	ASM220910v2
Escherichia coli	GCF_002249955.1	ASM224995v1
Bacillus subtilis	GCF_019599105.1	ASM1959910v1
Salmonella enterica	GCF_009729895.1	ASM972989v1
Pseudomonas aeruginosa	GCF_019857425.1	ASM1985742v1
Pseudomonas aeruginosa	GCF_001900195.1	ASM190019v1
Escherichia coli	GCF_021496405.1	ASM2149640v1
Escherichia coli	GCF_020023255.1	ASM2002325v1
Escherichia coli	GCF_000599625.1	ASM59962v1
Escherichia coli	GCF_039909355.1	ASM3990935v1
Salmonella enterica	GCF_000940895.2	ASM94089v2
Escherichia coli	GCF_003095635.1	ASM309563v1
Staphylococcus aureus	GCF_038096285.1	BSN152
Escherichia coli	GCF_029990555.1	ASM2999055v1
Escherichia coli	GCF_001693635.1	ASM169363v1
Staphylococcus aureus	GCF_002202095.1	ASM220209v1
Escherichia coli	GCF_027944895.1	ASM2794489v1
Bacillus subtilis	GCF_022700975.1	ASM2270097v1
Escherichia coli	GCF_964052875.1	30859_5_21
Escherichia coli	GCF_008931765.1	ASM893176v1
Salmonella enterica	GCF_037773035.1	ASM3777303v1
Staphylococcus aureus	GCF_016065215.1	ASM1606521v1
Escherichia coli	GCF_031884895.1	ASM3188489v1
Staphylococcus aureus	GCF_030758915.1	ASM3075891v1
Staphylococcus aureus	GCF_020887155.1	ASM2088715v1
Escherichia coli	GCF_030991425.1	ASM3099142v1
Listeria monocytogenes	GCF_001188025.2	ASM118802v2
Escherichia coli	GCF_014168935.1	ASM1416893v1
Escherichia coli	GCF_949786305.1	EC0026B_R2
Salmonella enterica	GCF_020714645.1	ASM2071464v1
Listeria monocytogenes	GCF_000808055.1	ASM80805v1
Enterococcus faecalis	GCF_020881975.1	ASM2088197v1
Escherichia coli	GCF_025723205.1	ASM2572320v1
Staphylococcus aureus	GCF_022405795.1	ASM2240579v1
Escherichia coli	GCF_013085205.1	ASM1308520v1
Listeria monocytogenes	GCF_002557735.1	ASM255773v1
Staphylococcus aureus	GCF_900324315.1	12_LA_293
Escherichia coli	GCF_024599975.1	ASM2459997v1
Salmonella enterica	GCF_006384195.1	ASM638419v1
Escherichia coli	GCF_040250355.1	ASM4025035v1
Pseudomonas aeruginosa	GCF_002968955.1	ASM296895v1
Escherichia coli	GCF_016889565.1	ASM1688956v1
Pseudomonas aeruginosa	GCF_009662315.1	ASM966231v1
Salmonella enterica	GCF_000020705.1	ASM2070v1
Escherichia coli	GCF_036884615.1	ASM3688461v1
Pseudomonas aeruginosa	GCF_039512425.1	ASM3951242v1
Staphylococcus aureus	GCF_031583045.1	ASM3158304v1
Salmonella enterica	GCF_011465535.1	ASM1146553v1
Escherichia coli	GCF_001651965.2	ASM165196v2
Escherichia coli	GCF_030908705.1	ASM3090870v1
Bacillus subtilis	GCF_024585045.1	ASM2458504v1
Escherichia coli	GCF_021166015.1	ASM2116601v1
Salmonella enterica	GCF_030122275.1	ASM3012227v1
Staphylococcus aureus	GCF_034043295.1	ASM3404329v1
Staphylococcus aureus	GCF_022404755.1	ASM2240475v1
Pseudomonas aeruginosa	GCF_027570675.1	ASM2757067v1
Enterococcus faecalis	GCF_020616775.1	ASM2061677v1
Escherichia coli	GCF_015509005.1	ASM1550900v1
Pseudomonas aeruginosa	GCF_036418055.1	ASM3641805v1
Bacillus subtilis	GCF_905315705.2	NRS6153B
Escherichia coli	GCF_002853965.1	ASM285396v1
Listeria monocytogenes	GCF_028674005.1	ASM2867400v1
Salmonella enterica	GCF_003324855.1	ASM332485v1
Escherichia coli	GCF_004526255.1	ASM452625v1
Salmonella enterica	GCF_013358425.1	ASM1335842v1
Escherichia coli	GCF_028622955.1	ASM2862295v1
Pseudomonas aeruginosa	GCF_038432515.1	ASM3843251v1
Escherichia coli	GCF_013168195.1	ASM1316819v1
Bacillus subtilis	GCF_029537135.1	ASM2953713v1
Escherichia coli	GCF_002968735.1	ASM296873v1
Escherichia coli	GCF_024971055.1	ASM2497105v1
Escherichia coli	GCF_002393365.1	ASM239336v1
Salmonella enterica	GCF_009664655.1	ASM966465v1
Staphylococcus aureus	GCF_001019395.2	ASM101939v2
Staphylococcus aureus	GCF_006094915.1	ASM609491v1
Escherichia coli	GCF_024225435.1	ASM2422543v1
Escherichia coli	GCF_030013365.1	ASM3001336v1
Bacillus subtilis	GCF_003665195.1	ASM366519v1
Staphylococcus aureus	GCF_900324285.1	4_LA_208
Escherichia coli	GCF_013282315.1	ASM1328231v1
Pseudomonas aeruginosa	GCF_027594965.1	ASM2759496v1
Salmonella enterica	GCF_001692495.1	ASM169249v1
Escherichia coli	GCF_002011965.1	ASM201196v1
Escherichia coli	GCF_033564035.1	ASM3356403v1
Listeria monocytogenes	GCF_002214085.1	ASM221408v1
Staphylococcus aureus	GCF_022404575.1	ASM2240457v1
Escherichia coli	GCF_016944715.1	ASM1694471v1
Escherichia coli	GCF_030708275.1	ASM3070827v1
Escherichia coli	GCF_904711305.1	2016-02-324
Pseudomonas aeruginosa	GCF_000524595.1	ASM52459v1
Staphylococcus aureus	GCF_034034275.1	ASM3403427v1
Salmonella enterica	GCF_002761335.1	ASM276133v1
Staphylococcus aureus	GCF_022405975.1	ASM2240597v1
Pseudomonas aeruginosa	GCF_014155905.1	ASM1415590v1
Escherichia coli	GCF_015571675.1	ASM1557167v1
Pseudomonas aeruginosa	GCF_016134915.1	ASM1613491v1
Salmonella enterica	GCF_028596065.2	ASM2859606v2
Staphylococcus aureus	GCF_022693225.1	ASM2269322v1
Bacillus subtilis	GCF_023612315.1	ASM2361231v1
Salmonella enterica	GCF_005160405.1	ASM516040v1
Escherichia coli	GCF_016126995.1	ASM1612699v1
Escherichia coli	GCF_964055375.1	30859_5_40
Escherichia coli	GCF_016890005.1	ASM1689000v1
Staphylococcus aureus	GCF_029167705.1	ASM2916770v1
Staphylococcus aureus	GCF_009912035.1	ASM991203v1
Escherichia coli	GCF_001890265.1	ASM189026v1
Salmonella enterica	GCF_007833775.1	ASM783377v1
Escherichia coli	GCF_019428525.1	ASM1942852v1
Staphylococcus aureus	GCF_024741715.1	ASM2474171v1
Escherichia coli	GCF_023539035.1	ASM2353903v1
Pseudomonas aeruginosa	GCF_021513455.1	ASM2151345v1
Salmonella enterica	GCF_000626175.1	ASM62617v1
Escherichia coli	GCF_002951655.1	ASM295165v1
Staphylococcus aureus	GCF_024363505.1	ASM2436350v1
Escherichia coli	GCF_004141955.1	ASM414195v1
Salmonella enterica	GCF_003718475.1	ASM371847v1
Salmonella enterica	GCF_039774785.1	ASM3977478v1
Escherichia coli	GCF_001610755.1	ASM161075v1
Salmonella enterica	GCF_001623625.1	ASM162362v1
Staphylococcus aureus	GCF_018987365.1	ASM1898736v1
Staphylococcus aureus	GCF_037046505.2	BSN82_Closure
Escherichia coli	GCF_040549775.1	ASM4054977v1
Escherichia coli	GCF_000233875.1	ASM23387v1
Staphylococcus aureus	GCF_019669385.1	ASM1966938v1
Bacillus subtilis	GCF_006165085.1	ASM616508v1
Escherichia coli	GCF_028473305.1	ASM2847330v1
Escherichia coli	GCF_002788295.1	ASM278829v1
Escherichia coli	GCF_001469815.1	ASM146981v1
Escherichia coli	GCF_039645365.1	ASM3964536v1
Escherichia coli	GCF_004193755.1	ASM419375v1
Bacillus subtilis	GCF_004101425.1	ASM410142v1
Escherichia coli	GCF_032375265.1	ASM3237526v1
Salmonella enterica	GCF_030027965.1	ASM3002796v1
Listeria monocytogenes	GCF_000438625.1	ASM43862v1
Escherichia coli	GCF_030347095.1	ASM3034709v1
Staphylococcus aureus	GCF_030064045.1	ASM3006404v1
Escherichia coli	GCF_002953755.1	ASM295375v1
Staphylococcus aureus	GCF_001640925.1	ASM164092v1
Staphylococcus aureus	GCF_030644165.1	ASM3064416v1
Bacillus subtilis	GCF_905311425.2	NRS6105B
Bacillus subtilis	GCF_905315395.2	NRS6134B
Enterococcus faecalis	GCF_017280235.1	ASM1728023v1
Salmonella enterica	GCF_030505995.1	ASM3050599v1
Enterococcus faecalis	GCF_028335345.1	ASM2833534v1
Escherichia coli	GCF_022369015.1	ASM2236901v1
Escherichia coli	GCF_030012645.1	ASM3001264v1
Staphylococcus aureus	GCF_037201955.1	BSN139
Escherichia coli	GCF_025643475.1	ASM2564347v1
Escherichia coli	GCF_033802505.1	ASM3380250v1
Escherichia coli	GCF_030707915.1	ASM3070791v1
Staphylococcus aureus	GCF_000485885.1	ASM48588v1
Pseudomonas aeruginosa	GCF_036233655.1	ASM3623365v1
Escherichia coli	GCF_002996665.1	ASM299666v1
Escherichia coli	GCF_009931235.1	ASM993123v1
Escherichia coli	GCF_037584545.1	ASM3758454v1
Escherichia coli	GCF_040105125.1	NS30
Escherichia coli	GCF_964046695.1	30134_6_3
Salmonella enterica	GCF_020714845.1	ASM2071484v1
Salmonella enterica	GCF_002777175.1	ASM277717v1
Escherichia coli	GCF_016889185.1	ASM1688918v1
Salmonella enterica	GCF_016903075.1	ASM1690307v1
Salmonella enterica	GCF_023330765.1	ASM2333076v1
Salmonella enterica	GCF_003717615.1	ASM371761v1
Escherichia coli	GCF_010669025.1	ASM1066902v1
Salmonella enterica	GCF_032465795.1	ASM3246579v1
Escherichia coli	GCF_030347075.1	ASM3034707v1
Salmonella enterica	GCF_002209225.1	ASM220922v2
Bacillus subtilis	GCF_037749985.1	ASM3774998v1
Escherichia coli	GCF_016776145.1	ASM1677614v1
Staphylococcus aureus	GCF_022385275.1	ASM2238527v1
Escherichia coli	GCF_003019055.1	ASM301905v1
Salmonella enterica	GCF_028893235.1	ASM2889323v1
Staphylococcus aureus	GCF_021513355.1	ASM2151335v1
Staphylococcus aureus	GCF_903932605.1	HU-14
Pseudomonas aeruginosa	GCF_951691365.1	Paer4782MK.1
Escherichia coli	GCF_000953515.1	EcHMS174Chr
Salmonella enterica	GCF_000018385.1	ASM1838v1
Enterococcus faecalis	GCF_028598965.2	ASM2859896v2
Listeria monocytogenes	GCF_008807955.1	ASM880795v1
Staphylococcus aureus	GCF_024741535.1	ASM2474153v1
Salmonella enterica	GCF_009650055.1	ASM965005v1
Staphylococcus aureus	GCF_040315155.1	LA31
Escherichia coli	GCF_009664185.1	ASM966418v1
Pseudomonas aeruginosa	GCF_018279285.1	ASM1827928v1
Escherichia coli	GCF_025643435.1	ASM2564343v1
Staphylococcus aureus	GCF_022699245.1	ASM2269924v1
Staphylococcus aureus	GCF_003193665.1	ASM319366v1
Escherichia coli	GCF_024700745.2	ASM2470074v2
Escherichia coli	GCF_964049475.1	30345_1_220
Escherichia coli	GCF_034642615.1	ASM3464261v1
Enterococcus faecalis	GCF_020844125.1	ASM2084412v1
Salmonella enterica	GCF_001623775.1	ASM162377v1
Pseudomonas aeruginosa	GCF_001516245.2	ASM151624v2
Escherichia coli	GCF_006965465.1	ASM696546v1
Staphylococcus aureus	GCF_030533785.1	ASM3053378v1
Staphylococcus aureus	GCF_001465675.1	ASM146567v1
Escherichia coli	GCF_026506355.1	ASM2650635v1
Pseudomonas aeruginosa	GCF_002753655.1	ASM275365v1
Escherichia coli	GCF_013167815.1	ASM1316781v1
Pseudomonas aeruginosa	GCF_036233335.1	ASM3623333v1
Escherichia coli	GCF_000978815.2	ASM97881v2
Salmonella enterica	GCF_000623455.2	ASM62345v2
Staphylococcus aureus	GCF_020034535.1	ASM2003453v1
Pseudomonas aeruginosa	GCF_031851725.1	ASM3185172v1
Escherichia coli	GCF_002900305.1	ASM290030v1
Escherichia coli	GCF_031852335.1	ASM3185233v1
Escherichia coli	GCF_022493455.1	ASM2249345v1
Staphylococcus aureus	GCF_003595365.1	ASM359536v1
Salmonella enterica	GCF_016028495.1	ASM1602849v1
Escherichia coli	GCF_023516035.1	ASM2351603v1
Staphylococcus aureus	GCF_003595465.1	ASM359546v1
Staphylococcus aureus	GCF_022404735.1	ASM2240473v1
Pseudomonas aeruginosa	GCF_031222225.1	ASM3122222v1
Salmonella enterica	GCF_000750395.2	ASM75039v2
Escherichia coli	GCF_030013325.1	ASM3001332v1
Escherichia coli	GCF_008807655.1	ASM880765v1
Pseudomonas aeruginosa	GCF_030183355.2	NA
Escherichia coli	GCF_030013715.1	ASM3001371v1
Staphylococcus aureus	GCF_003111745.1	ASM311174v1
Escherichia coli	GCF_013372345.1	ASM1337234v1
Salmonella enterica	GCF_009930675.1	ASM993067v1
Escherichia coli	GCF_025999655.1	ASM2599965v1
Staphylococcus aureus	GCF_900636335.1	40798_F01
Escherichia coli	GCF_013376575.1	ASM1337657v1
Pseudomonas aeruginosa	GCF_002192475.1	ASM219247v1
Enterococcus faecalis	GCF_002208945.1	ASM220894v2
Salmonella enterica	GCF_024722255.1	ASM2472225v1
Escherichia coli	GCF_022493515.1	ASM2249351v1
Escherichia coli	GCF_013167675.1	ASM1316767v1
Escherichia coli	GCF_013402895.1	ASM1340289v1
Escherichia coli	GCF_030384705.1	ASM3038470v1
Escherichia coli	GCF_964055715.1	30859_5_96
Escherichia coli	GCF_905332355.1	AI2831v1_cp
Listeria monocytogenes	GCF_016767835.1	ASM1676783v1
Listeria monocytogenes	GCF_001454845.1	ASM145484v1
Escherichia coli	GCF_040554385.1	ASM4055438v1
Listeria monocytogenes	GCF_001454925.1	ASM145492v1
Staphylococcus aureus	GCF_030252695.1	ASM3025269v1
Escherichia coli	GCF_007833295.1	ASM783329v1
Escherichia coli	GCF_013167995.1	ASM1316799v1
Escherichia coli	GCF_001308065.1	ASM130806v1
Pseudomonas aeruginosa	GCF_026727715.1	ASM2672771v1
Escherichia coli	GCF_014623205.1	ASM1462320v1
Escherichia coli	GCF_014169175.1	ASM1416917v1
Escherichia coli	GCF_905330955.2	AI2959v1_cpp
Pseudomonas aeruginosa	GCF_031223175.1	ASM3122317v1
Salmonella enterica	GCF_002761015.1	ASM276101v1
Pseudomonas aeruginosa	GCF_036232365.1	ASM3623236v1
Staphylococcus aureus	GCF_026625265.1	ASM2662526v1
Staphylococcus aureus	GCF_009728755.1	ASM972875v1
Staphylococcus aureus	GCF_900017775.1	NZAK3
Escherichia coli	GCF_040784905.1	ASM4078490v1
Pseudomonas aeruginosa	GCF_013467605.1	ASM1346760v1
Staphylococcus aureus	GCF_018987345.1	ASM1898734v1
Escherichia coli	GCF_039851985.1	ASM3985198v1
Staphylococcus aureus	GCF_034017875.1	ASM3401787v1
Salmonella enterica	GCF_002760975.1	ASM276097v1
Bacillus subtilis	GCF_009662155.1	ASM966215v1
Escherichia coli	GCF_024917795.1	ASM2491779v1
Pseudomonas aeruginosa	GCF_014930935.1	ASM1493093v1
Escherichia coli	GCF_002310675.1	ASM231067v1
Staphylococcus aureus	GCF_022870005.1	ASM2287000v1
Staphylococcus aureus	GCF_030219425.1	ASM3021942v1
Escherichia coli	GCF_026651145.1	ASM2665114v1
Escherichia coli	GCF_030515195.1	ASM3051519v1
Listeria monocytogenes	GCF_003812545.1	ASM381254v1
Listeria monocytogenes	GCF_001027085.1	ASM102708v1
Pseudomonas aeruginosa	GCF_030185815.2	NA
Escherichia coli	GCF_032366635.1	ASM3236663v1
Escherichia coli	GCF_002925525.1	YDC107
Escherichia coli	GCF_001544635.1	ASM154463v1
Pseudomonas aeruginosa	GCF_015697645.1	ASM1569764v1
Escherichia coli	GCF_030389165.1	ASM3038916v1
Salmonella enterica	GCF_028893395.1	ASM2889339v1
Escherichia coli	GCF_004358385.1	ASM435838v1
Salmonella enterica	GCF_023330705.1	ASM2333070v1
Escherichia coli	GCF_024298745.1	ASM2429874v1
Escherichia coli	GCF_003018155.1	ASM301815v1
Escherichia coli	GCF_004358405.1	ASM435840v1
Enterococcus faecalis	GCF_023299625.1	ASM2329962v1
Pseudomonas aeruginosa	GCF_003194245.1	ASM319424v1
Escherichia coli	GCF_002589795.1	ASM258979v1
Escherichia coli	GCF_009950125.1	ASM995012v1
Escherichia coli	GCF_000974885.1	ASM97488v1
Escherichia coli	GCF_037094615.1	ASM3709461v1
Escherichia coli	GCF_023516115.1	ASM2351611v1
Escherichia coli	GCF_029991185.1	ASM2999118v1
Escherichia coli	GCF_003956365.1	ASM395636v1
Salmonella enterica	GCF_004919465.1	ASM491946v1
Listeria monocytogenes	GCF_001999065.1	ASM199906v1
Salmonella enterica	GCF_031037015.1	ASM3103701v1
Escherichia coli	GCF_003627855.1	ASM362785v1
Salmonella enterica	GCF_004847505.1	ASM484750v1
Escherichia coli	GCF_010706435.1	ASM1070643v1
Salmonella enterica	GCF_001890185.1	ASM189018v1
Escherichia coli	GCF_020616495.1	ASM2061649v1
Listeria monocytogenes	GCF_018968745.1	ASM1896874v1
Escherichia coli	GCF_014169615.1	ASM1416961v1
Staphylococcus aureus	GCF_029167685.1	ASM2916768v1
Pseudomonas aeruginosa	GCF_022810925.1	ASM2281092v1
Salmonella enterica	GCF_004124215.2	ASM412421v2
Pseudomonas aeruginosa	GCF_000026645.1	ASM2664v1
Staphylococcus aureus	GCF_020388215.1	ASM2038821v1
Escherichia coli	GCF_034120885.1	ASM3412088v2
Escherichia coli	GCF_040267605.1	MRSN126096
Pseudomonas aeruginosa	GCF_027570855.1	ASM2757085v1
Staphylococcus aureus	GCF_020388275.1	ASM2038827v1
Escherichia coli	GCF_024700885.2	ASM2470088v2
Staphylococcus aureus	GCF_030063965.1	ASM3006396v1
Escherichia coli	GCF_000005845.2	ASM584v2
Staphylococcus aureus	GCF_900096745.1	AUS0325
Escherichia coli	GCF_003290205.1	ASM329020v1
Bacillus subtilis	GCF_000827065.1	ASM82706v1
Listeria monocytogenes	GCF_030168145.1	ASM3016814v1
Bacillus subtilis	GCF_028870335.1	ASM2887033v1
Staphylococcus aureus	GCF_030533495.1	ASM3053349v1
Escherichia coli	GCF_018771465.1	ASM1877146v1
Escherichia coli	GCF_030036715.1	ASM3003671v1
Escherichia coli	GCF_030039375.1	ASM3003937v1
Salmonella enterica	GCF_003071485.1	ASM307148v1
Escherichia coli	GCF_005222285.1	ASM522228v1
Salmonella enterica	GCF_007431545.1	ASM743154v1
Escherichia coli	GCF_017165255.1	ASM1716525v1
Salmonella enterica	GCF_028747865.1	ASM2874786v1
Escherichia coli	GCF_030142475.1	ASM3014247v1
Salmonella enterica	GCF_037885305.1	ASM3788530v1
Escherichia coli	GCF_002953055.1	ASM295305v1
Escherichia coli	GCF_030297395.1	ASM3029739v1
Escherichia coli	GCF_963575425.1	F637
Pseudomonas aeruginosa	GCF_030122115.1	ASM3012211v1
Salmonella enterica	GCF_006517055.1	ASM651705v1
Escherichia coli	GCF_009650175.1	ASM965017v1
Escherichia coli	GCF_003018275.1	ASM301827v1
Salmonella enterica	GCF_003324915.1	ASM332491v1
Pseudomonas aeruginosa	GCF_018448985.1	ASM1844898v1
Escherichia coli	GCF_029625175.1	ASM2962517v1
Salmonella enterica	GCF_025808235.1	ASM2580823v1
Escherichia coli	GCF_016403625.2	ASM1640362v2
Listeria monocytogenes	GCF_013389395.1	ASM1338939v1
Staphylococcus aureus	GCF_024399355.1	ASM2439935v1
Salmonella enterica	GCF_003325335.1	ASM332533v1
Listeria monocytogenes	GCF_002848465.1	ASM284846v1
Pseudomonas aeruginosa	GCF_036232525.1	ASM3623252v1
Salmonella enterica	GCF_001692635.1	ASM169263v1
Escherichia coli	GCF_009931435.1	ASM993143v1
Salmonella enterica	GCF_000626235.1	ASM62623v1
Pseudomonas aeruginosa	GCF_000816985.1	ASM81698v1
Escherichia coli	GCF_018884285.1	ASM1888428v1
Pseudomonas aeruginosa	GCF_013343495.1	ASM1334349v1
Enterococcus faecalis	GCF_009662495.1	ASM966249v1
Escherichia coli	GCF_030007975.1	ASM3000797v1
Escherichia coli	GCF_016803935.1	ASM1680393v1
Escherichia coli	GCF_000974465.1	ASM97446v1
Pseudomonas aeruginosa	GCF_001679685.1	ASM167968v1
Escherichia coli	GCF_022559805.1	ASM2255980v1
Escherichia coli	GCF_000010485.1	ASM1048v1
Escherichia coli	GCF_029916805.1	ASM2991680v1
Escherichia coli	GCF_030717505.1	ASM3071750v1
Escherichia coli	GCF_900497485.1	ASM90049748v1
Escherichia coli	GCF_014622985.1	ASM1462298v1
Limosilactobacillus fermentum	GCF_023612195.1	ASM2361219v1
Escherichia coli	GCF_002952915.1	ASM295291v1
Pseudomonas aeruginosa	GCF_038420425.1	ASM3842042v1
Escherichia coli	GCF_022558865.1	ASM2255886v1
Escherichia coli	GCF_030708295.1	ASM3070829v1
Staphylococcus aureus	GCF_022163485.2	ASM2216348v2
Staphylococcus aureus	GCF_004771975.1	ASM477197v1
Salmonella enterica	GCF_031038955.1	ASM3103895v1
Limosilactobacillus fermentum	GCF_011032765.1	ASM1103276v1
Escherichia coli	GCF_002278115.2	ASM227811v2
Escherichia coli	GCF_016780285.1	ASM1678028v1
Escherichia coli	GCF_002967885.2	ASM296788v2
Staphylococcus aureus	GCF_003029645.1	ASM302964v1
Enterococcus faecalis	GCF_906464895.1	WE0851
Bacillus subtilis	GCF_004119775.1	ASM411977v1
Enterococcus faecalis	GCF_006494875.1	ASM649487v1
Escherichia coli	GCF_021441965.1	ASM2144196v1
Pseudomonas aeruginosa	GCF_019857285.1	ASM1985728v1
Escherichia coli	GCF_030707875.1	ASM3070787v1
Escherichia coli	GCF_022591215.1	ASM2259121v1
Escherichia coli	GCF_002944935.1	ASM294493v1
Escherichia coli	GCF_030036875.1	ASM3003687v1
Enterococcus faecalis	GCF_027942035.1	ASM2794203v1
Enterococcus faecalis	GCF_029910175.1	ASM2991017v1
Pseudomonas aeruginosa	GCF_024584495.1	ASM2458449v1
Staphylococcus aureus	GCF_030758815.1	ASM3075881v1
Enterococcus faecalis	GCF_003966385.1	ASM396638v1
Escherichia coli	GCF_016776025.1	ASM1677602v1
Escherichia coli	GCF_000618005.3	ASM61800v3
Pseudomonas aeruginosa	GCF_022811005.1	ASM2281100v1
Escherichia coli	GCF_002012125.1	ASM201212v1
Salmonella enterica	GCF_000487775.1	ASM48777v2
Bacillus subtilis	GCF_014298115.1	ASM1429811v1
Escherichia coli	GCF_002202175.1	ASM220217v1
Escherichia coli	GCF_030285525.1	ASM3028552v1
Listeria monocytogenes	GCF_018604285.1	ASM1860428v1
Staphylococcus aureus	GCF_028596045.1	ASM2859604v1
Escherichia coli	GCF_024918295.1	ASM2491829v1
Escherichia coli	GCF_028623045.1	ASM2862304v1
Escherichia coli	GCF_014170975.1	ASM1417097v1
Escherichia coli	GCF_005221885.1	ASM522188v1
Salmonella enterica	GCF_002266085.2	ASM226608v2
Escherichia coli	GCF_040030455.2	ASM4003045v1
Escherichia coli	GCF_964043425.1	30348_2_256
Bacillus subtilis	GCF_019464335.1	ASM1946433v1
Bacillus subtilis	GCF_964019285.1	ASM904v3
Escherichia coli	GCF_016780415.1	ASM1678041v1
Escherichia coli	GCF_020886575.2	ASM2088657v2
Salmonella enterica	GCF_016452005.1	ASM1645200v1
Pseudomonas aeruginosa	GCF_008033725.1	ASM803372v1
Escherichia coli	GCF_000599645.1	ASM59964v1
Escherichia coli	GCF_902810315.1	SC434
Salmonella enterica	GCF_023330845.1	ASM2333084v1
Escherichia coli	GCF_027944615.1	ASM2794461v1
Escherichia coli	GCF_014169415.1	ASM1416941v1
Staphylococcus aureus	GCF_003425915.1	ASM342591v1
Salmonella enterica	GCF_030254785.1	ASM3025478v1
Escherichia coli	GCF_011492885.1	ASM1149288v1
Staphylococcus aureus	GCF_029634905.1	ASM2963490v1
Listeria monocytogenes	GCF_018336695.1	ASM1833669v1
Escherichia coli	GCF_023169585.1	ASM2316958v1
Escherichia coli	GCF_005221805.1	ASM522180v1
Pseudomonas aeruginosa	GCF_021166295.1	ASM2116629v2
Escherichia coli	GCF_040500455.1	ASM4050045v1
Staphylococcus aureus	GCF_031826835.1	ASM3182683v1
Salmonella enterica	GCF_000026565.1	ASM2656v1
Salmonella enterica	GCF_030122535.1	ASM3012253v1
Pseudomonas aeruginosa	GCF_036233415.1	ASM3623341v1
Pseudomonas aeruginosa	GCF_003408495.1	ASM340849v1
Salmonella enterica	GCF_000484195.3	ASM48419v3
Listeria monocytogenes	GCF_000438745.2	ASM43874v2
Pseudomonas aeruginosa	GCF_029961405.1	ASM2996140v1
Escherichia coli	GCF_034423855.1	ASM3442385v1
Salmonella enterica	GCF_018310455.1	ASM1831045v1
Escherichia coli	GCF_003722195.1	ASM372219v1
Bacillus subtilis	GCF_037749255.1	ASM3774925v1
Salmonella enterica	GCF_016127835.1	ASM1612783v1
Escherichia coli	GCF_013388275.1	ASM1338827v1
Salmonella enterica	GCF_004124175.2	ASM412417v2
Pseudomonas aeruginosa	GCF_027571325.1	ASM2757132v1
Escherichia coli	GCF_014863665.1	ASM1486366v1
Escherichia coli	GCF_030708495.2	ASM3070849v2
Escherichia coli	GCF_020190405.1	ASM2019040v1
Escherichia coli	GCF_949786365.1	EC0880B_R2
Pseudomonas aeruginosa	GCF_001721785.1	ASM172178v1
Pseudomonas aeruginosa	GCF_036233315.1	ASM3623331v1
Limosilactobacillus fermentum	GCF_030290995.1	ASM3029099v1
Escherichia coli	GCF_030013225.1	ASM3001322v1
Staphylococcus aureus	GCF_009912855.1	ASM991285v1
Salmonella enterica	GCF_001535315.2	ASM153531v2
Escherichia coli	GCF_028201635.1	ASM2820163v1
Escherichia coli	GCF_001695515.1	ASM169551v1
Escherichia coli	GCF_039909815.1	ASM3990981v1
Pseudomonas aeruginosa	GCF_040560445.1	PA64
Salmonella enterica	GCF_001448665.2	ASM144866v2
Salmonella enterica	GCF_024266465.1	ASM2426646v1
Escherichia coli	GCF_024300705.1	ASM2430070v1
Escherichia coli	GCF_029991025.1	ASM2999102v1
Escherichia coli	GCF_902810415.1	SC476
Salmonella enterica	GCF_025310955.1	ASM2531095v1
Escherichia coli	GCF_012537835.1	ASM1253783v1
Listeria monocytogenes	GCF_038653055.1	ASM3865305v1
Bacillus subtilis	GCF_022647025.1	ASM2264702v1
Salmonella enterica	GCF_002761135.1	ASM276113v1
Limosilactobacillus fermentum	GCF_029691425.1	ASM2969142v1
Listeria monocytogenes	GCF_030168045.1	ASM3016804v1
Salmonella enterica	GCF_001975345.1	ASM197534v1
Salmonella enterica	GCF_000486405.2	ASM48640v2
Escherichia coli	GCF_019970995.1	ASM1997099v1
Escherichia coli	GCF_008124145.1	ASM812414v1
Pseudomonas aeruginosa	GCF_030866905.1	ASM3086690v1
Escherichia coli	GCF_018199975.1	ASM1819997v1
Listeria monocytogenes	GCF_014843315.1	ASM1484331v1
Staphylococcus aureus	GCF_038025015.1	WGS_using_MinION_R10.4.1_of_Staphylococcus_aureus_TUM22721
Pseudomonas aeruginosa	GCF_900618305.1	paerg009
Staphylococcus aureus	GCF_000210315.1	ASM21031v1
Escherichia coli	GCF_009949145.1	ASM994914v1
Bacillus subtilis	GCF_029542145.1	ASM2954214v1
Listeria monocytogenes	GCF_030758335.2	ASM3075833v2
Staphylococcus aureus	GCF_900635315.1	41255_H01
Salmonella enterica	GCF_002211865.1	ASM221186v1
Salmonella enterica	GCF_005885935.1	ASM588593v1
Escherichia coli	GCF_033037735.1	ASM3303773v1
Escherichia coli	GCF_904799825.1	2016-17-292
Escherichia coli	GCF_031675355.1	ASM3167535v2
Pseudomonas aeruginosa	GCF_000496605.2	ASM49660v2
Escherichia coli	GCF_002893905.2	ASM289390v2
Salmonella enterica	GCF_940618755.1	BRD948_WT
Enterococcus faecalis	GCF_030517125.1	ASM3051712v1
Staphylococcus aureus	GCF_009912335.1	ASM991233v1
Escherichia coli	GCF_000714595.1	ASM71459v1
Staphylococcus aureus	GCF_000237125.2	ASM23712v3
Pseudomonas aeruginosa	GCF_029201245.1	ASM2920124v1
Staphylococcus aureus	GCF_030533705.1	ASM3053370v1
Salmonella enterica	GCF_015697825.1	ASM1569782v1
Escherichia coli	GCF_900622665.1	MS14386
Salmonella enterica	GCF_004768645.1	ASM476864v1
Escherichia coli	GCF_026689335.1	ASM2668933v1
Bacillus subtilis	GCF_001604995.1	ASM160499v1
Salmonella enterica	GCF_027474565.1	ASM2747456v1
Escherichia coli	GCF_015571695.1	ASM1557169v1
Salmonella enterica	GCF_000623275.1	ASM62327v1
Salmonella enterica	GCF_003067985.2	ASM306798v2
Escherichia coli	GCF_019969585.1	ASM1996958v1
Limosilactobacillus fermentum	GCF_018884205.1	ASM1888420v1
Pseudomonas aeruginosa	GCF_001516205.2	ASM151620v2
Salmonella enterica	GCF_000252875.1	ASM25287v1
Salmonella enterica	GCF_000623375.1	ASM62337v1
Pseudomonas aeruginosa	GCF_000006765.1	ASM676v1
Escherichia coli	GCF_902810335.1	SC418
Escherichia coli	GCF_032386315.1	ASM3238631v1
Salmonella enterica	GCF_016454525.1	ASM1645452v1
Salmonella enterica	GCF_002211565.1	ASM221156v1
Escherichia coli	GCF_035621095.1	ASM3562109v1
Pseudomonas aeruginosa	GCF_038433795.1	ASM3843379v1
Pseudomonas aeruginosa	GCF_022811025.1	ASM2281102v1
Staphylococcus aureus	GCF_020889665.1	ASM2088966v1
Pseudomonas aeruginosa	GCF_002968695.1	ASM296869v1
Salmonella enterica	GCF_000750495.1	ASM75049v1
Bacillus subtilis	GCF_000344745.1	ASM34474v1
Salmonella enterica	GCF_000626275.2	ASM62627v2
Escherichia coli	GCF_030345595.1	ASM3034559v1
Limosilactobacillus fermentum	GCF_024665195.1	ASM2466519v1
Escherichia coli	GCF_029987875.1	ASM2998787v1
Escherichia coli	GCF_002951735.1	ASM295173v1
Salmonella enterica	GCF_008727615.1	ASM872761v1
Pseudomonas aeruginosa	GCF_001750705.1	ASM175070v1
Enterococcus faecalis	GCF_018517125.1	ASM1851712v1
Staphylococcus aureus	GCF_026547185.1	ASM2654718v1
Escherichia coli	GCF_029962405.1	ASM2996240v1
Listeria monocytogenes	GCF_008807895.1	ASM880789v1
Staphylococcus aureus	GCF_009911895.1	ASM991189v1
Bacillus subtilis	GCF_023369715.1	ASM2336971v1
Salmonella enterica	GCF_001409155.1	98_11262
Escherichia coli	GCF_016026235.1	ASM1602623v1
Limosilactobacillus fermentum	GCF_004063635.1	ASM406363v1
Enterococcus faecalis	GCF_030295845.1	ASM3029584v1
Escherichia coli	GCF_022558785.1	ASM2255878v1
Staphylococcus aureus	GCF_000253135.1	ASM25313v1
Enterococcus faecalis	GCF_025958785.1	ASM2595878v1
Bacillus subtilis	GCF_002201995.1	ASM220199v1
Escherichia coli	GCF_038396295.1	ASM3839629v1
Escherichia coli	GCF_001515725.1	ASM151572v1
Escherichia coli	GCF_002967955.2	ASM296795v2
Escherichia coli	GCF_013168055.1	ASM1316805v1
Escherichia coli	GCF_013315715.1	ASM1331571v1
Salmonella enterica	GCF_021183525.1	ASM2118352v1
Escherichia coli	GCF_022370515.1	ASM2237051v1
Listeria monocytogenes	GCF_002557815.1	ASM255781v1
Escherichia coli	GCF_019976915.1	ASM1997691v1
Escherichia coli	GCF_026240775.1	ASM2624077v1
Escherichia coli	GCF_023658365.1	ASM2365836v1
Escherichia coli	GCF_017088485.1	ASM1708848v1
Staphylococcus aureus	GCF_038096215.1	BSN165
Bacillus subtilis	GCF_028748025.1	ASM2874802v1
Bacillus subtilis	GCF_029537075.1	ASM2953707v1
Staphylococcus aureus	GCF_038024715.1	WGS_using_MinION_R10.4.1_of_Staphylococcus_aureus_TUM22744
Escherichia coli	GCF_008807295.1	ASM880729v1
Pseudomonas aeruginosa	GCF_023822305.1	ASM2382230v1
Salmonella enterica	GCF_016454785.1	ASM1645478v1
Escherichia coli	GCF_011022275.1	ASM1102227v1
Escherichia coli	GCF_014863805.1	ASM1486380v1
Salmonella enterica	GCF_003064405.2	ASM306440v2
Salmonella enterica	GCF_002507915.2	ASM250791v2
Listeria monocytogenes	GCF_000568475.1	ASM56847v1
Enterococcus faecalis	GCF_034644395.1	ASM3464439v1
Staphylococcus aureus	GCF_025559765.1	ASM2555976v1
Staphylococcus aureus	GCF_022404695.1	ASM2240469v1
Salmonella enterica	GCF_004324125.2	ASM432412v2
Escherichia coli	GCF_004771135.1	ASM477113v1
Escherichia coli	GCF_900636595.1	42925_A01
Escherichia coli	GCF_020683185.1	ASM2068318v1
Escherichia coli	GCF_030012585.1	ASM3001258v1
Staphylococcus aureus	GCF_022404775.1	ASM2240477v1
Salmonella enterica	GCF_002507715.2	ASM250771v2
Escherichia coli	GCF_013167515.1	ASM1316751v1
Escherichia coli	GCF_021535005.1	ASM2153500v1
Escherichia coli	GCF_005221685.1	ASM522168v1
Escherichia coli	GCF_005954625.1	ASM595462v1
Escherichia coli	GCF_001900735.1	ASM190073v1
Salmonella enterica	GCF_003718575.1	ASM371857v1
Escherichia coli	GCF_034424275.1	ASM3442427v1
Listeria monocytogenes	GCF_001454885.1	ASM145488v1
Bacillus subtilis	GCF_003665235.1	ASM366523v1
Escherichia coli	GCF_904833135.1	L1_E925
Pseudomonas aeruginosa	GCF_036232805.1	ASM3623280v1
Salmonella enterica	GCF_001185215.1	ASM118521v1
Escherichia coli	GCF_014169895.1	ASM1416989v1
Salmonella enterica	GCF_900205245.1	28930_B01_2
Escherichia coli	GCF_024918235.1	ASM2491823v1
Escherichia coli	GCF_012278675.1	ASM1227867v1
Escherichia coli	GCF_024300785.1	ASM2430078v1
Escherichia coli	GCF_027925805.1	ASM2792580v1
Escherichia coli	GCF_003194345.1	ASM319434v1
Escherichia coli	GCF_022493195.1	ASM2249319v1
Escherichia coli	GCF_018141225.1	ASM1814122v1
Salmonella enterica	GCF_004923415.2	ASM492341v2
Pseudomonas aeruginosa	GCF_031212645.1	ASM3121264v1
Escherichia coli	GCF_000968515.1	ASM96851v1
Staphylococcus aureus	GCF_026625545.1	ASM2662554v1
Escherichia coli	GCF_030296255.1	ASM3029625v1
Staphylococcus aureus	GCF_022405875.1	ASM2240587v1
Pseudomonas aeruginosa	GCF_013393665.2	ASM1339366v2
Escherichia coli	GCF_024330025.2	ASM2433002v2
Pseudomonas aeruginosa	GCF_021513395.1	ASM2151339v1
Staphylococcus aureus	GCF_009650155.1	ASM965015v1
Escherichia coli	GCF_951802855.1	ARM32
Escherichia coli	GCF_027925625.1	ASM2792562v1
Salmonella enterica	GCF_026873525.1	ASM2687352v1
Salmonella enterica	GCF_024266305.1	ASM2426630v1
Escherichia coli	GCF_005221985.1	ASM522198v1
Staphylococcus aureus	GCF_003354725.1	ASM335472v1
Enterococcus faecalis	GCF_030020455.1	ASM3002045v1
Escherichia coli	GCF_036499205.1	ASM3649920v1
Salmonella enterica	GCF_022559365.1	ASM2255936v1
Salmonella enterica	GCF_016025435.1	ASM1602543v1
Salmonella enterica	GCF_020715525.1	ASM2071552v1
Staphylococcus aureus	GCF_900474565.1	41315_B01
Staphylococcus aureus	GCF_005931035.2	ASM593103v2
Bacillus subtilis	GCF_022700955.1	ASM2270095v1
Escherichia coli	GCF_005221645.1	ASM522164v1
Limosilactobacillus fermentum	GCF_000010145.1	ASM1014v1
Salmonella enterica	GCF_907163175.1	AUSMDU00004549
Escherichia coli	GCF_024585365.1	ASM2458536v1
Staphylococcus aureus	GCF_026625465.1	ASM2662546v1
Bacillus subtilis	GCF_023521275.1	ASM2352127v1
Escherichia coli	GCF_024918755.1	ASM2491875v1
Salmonella enterica	GCF_034448755.1	ASM3444875v1
Pseudomonas aeruginosa	GCF_028961985.1	ASM2896198v1
Escherichia coli	GCF_036504575.1	ASM3650457v1
Escherichia coli	GCF_040745645.1	ASM4074564v1
Escherichia coli	GCF_900184875.1	Unitig
Escherichia coli	GCF_027944635.1	ASM2794463v1
Escherichia coli	GCF_003018895.1	ASM301889v1
Escherichia coli	GCF_017165115.1	ASM1716511v1
Pseudomonas aeruginosa	GCF_030505595.1	ASM3050559v1
Pseudomonas aeruginosa	GCF_000271365.1	ASM27136v1
Staphylococcus aureus	GCF_009913155.1	ASM991315v1
Salmonella enterica	GCF_023159325.1	ASM2315932v1
Salmonella enterica	GCF_000623295.1	ASM62329v1
Staphylococcus aureus	GCF_021491735.1	ASM2149173v1
Bacillus subtilis	GCF_016065415.1	ASM1606541v1
Staphylococcus aureus	GCF_036670065.1	ASM3667006v1
Staphylococcus aureus	GCF_003952625.1	ASM395262v1
Escherichia coli	GCF_022385195.1	ASM2238519v1
Staphylococcus aureus	GCF_040366375.1	ASM4036637v1
Salmonella enterica	GCF_004324115.2	ASM432411v2
Escherichia coli	GCF_022964815.1	ASM2296481v1
Pseudomonas aeruginosa	GCF_039622885.1	ASM3962288v1
Salmonella enterica	GCF_001409175.1	99_3134
Pseudomonas aeruginosa	GCF_029961245.1	ASM2996124v1
Staphylococcus aureus	GCF_021390135.1	ASM2139013v1
Salmonella enterica	GCF_037772145.1	ASM3777214v1
Salmonella enterica	GCF_016452105.1	ASM1645210v1
Bacillus subtilis	GCF_001747445.1	ASM174744v1
Escherichia coli	GCF_011404595.1	ASM1140459v1
Escherichia coli	GCF_030012745.1	ASM3001274v1
Escherichia coli	GCF_900636045.1	38656_G02
Escherichia coli	GCF_904865655.1	MSB1_8B
Escherichia coli	GCF_000827105.1	ASM82710v1
Staphylococcus aureus	GCF_037046245.2	BSN30_Closure
Escherichia coli	GCF_022494705.1	ASM2249470v1
Escherichia coli	GCF_019802685.1	ASM1980268v1
Escherichia coli	GCF_964049805.1	30224_1_305
Bacillus subtilis	GCF_024800645.1	ASM2480064v1
Salmonella enterica	GCF_901457625.1	ERS3381927
Escherichia coli	GCF_027945035.1	ASM2794503v1
Staphylococcus aureus	GCF_038024225.1	BSN214
Escherichia coli	GCF_017088465.1	ASM1708846v1
Bacillus subtilis	GCF_009662235.1	ASM966223v1
Bacillus subtilis	GCF_000523045.1	ASM52304v1
Escherichia coli	GCF_020541005.1	ASM2054100v1
Pseudomonas aeruginosa	GCF_022649105.1	ASM2264910v1
Escherichia coli	GCF_018316615.1	ASM1831661v1
Listeria monocytogenes	GCF_014983645.1	ASM1498364v1
Bacillus subtilis	GCF_905310995.2	NRS6103B
Salmonella enterica	GCF_000020745.1	ASM2074v1
Escherichia coli	GCF_016889265.1	ASM1688926v1
Salmonella enterica	GCF_003606225.1	ASM360622v1
Escherichia coli	GCF_019334645.1	ASM1933464v1
Escherichia coli	GCF_017352035.1	ASM1735203v1
Escherichia coli	GCF_003667425.1	ASM366742v1
Salmonella enterica	GCF_012054045.1	ASM1205404v1
Enterococcus faecalis	GCF_030020235.1	ASM3002023v1
Escherichia coli	GCF_002741555.1	ASM274155v1
Salmonella enterica	GCF_031187125.1	ASM3118712v1
Salmonella enterica	GCF_029537315.1	ASM2953731v1
Salmonella enterica	GCF_003717835.1	ASM371783v1
Escherichia coli	GCF_022493815.1	ASM2249381v1
Staphylococcus aureus	GCF_003073715.1	ASM307371v1
Escherichia coli	GCF_036493655.1	ASM3649365v1
Escherichia coli	GCF_003180975.1	ASM318097v1
Salmonella enterica	GCF_029692105.1	ASM2969210v1
Escherichia coli	GCF_026341465.2	ASM2634146v2
Staphylococcus aureus	GCF_002097595.2	ASM209759v2
Salmonella enterica	GCF_003717535.1	ASM371753v1
Escherichia coli	GCF_016904555.1	ASM1690455v1
Pseudomonas aeruginosa	GCF_026636195.1	ASM2663619v1
Escherichia coli	GCF_963575765.1	GENOMIC21-003
Escherichia coli	GCF_003018255.1	ASM301825v1
Escherichia coli	GCF_032375085.1	ASM3237508v1
Pseudomonas aeruginosa	GCF_025244965.1	ASM2524496v1
Escherichia coli	GCF_012149945.1	ASM1214994v1
Staphylococcus aureus	GCF_900620255.1	BPH2986
Listeria monocytogenes	GCF_001548585.2	ASM154858v2
Staphylococcus aureus	GCF_026625445.1	ASM2662544v1
Salmonella enterica	GCF_003325275.1	ASM332527v1
Pseudomonas aeruginosa	GCF_003369755.1	ASM336975v1
Escherichia coli	GCF_900497455.1	ASM90049745v1
Salmonella enterica	GCF_001148305.2	ERL082356
Salmonella enterica	GCF_024722475.1	ASM2472247v1
Escherichia coli	GCF_029224125.1	ASM2922412v1
Escherichia coli	GCF_024298765.1	ASM2429876v1
Escherichia coli	GCF_037819775.1	ASM3781977v1
Staphylococcus aureus	GCF_002000565.1	ASM200056v1
Escherichia coli	GCF_027944575.1	ASM2794457v1
Limosilactobacillus fermentum	GCF_002192435.1	ASM219243v1
Escherichia coli	GCF_031788295.1	ASM3178829v1
Staphylococcus aureus	GCF_020388965.1	ASM2038896v1
Salmonella enterica	GCF_004919345.1	ASM491934v1
Salmonella enterica	GCF_034259065.1	ASM3425906v1
Listeria monocytogenes	GCF_002848505.1	ASM284850v1
Pseudomonas aeruginosa	GCF_036233435.1	ASM3623343v1
Escherichia coli	GCF_030708235.1	ASM3070823v1
Staphylococcus aureus	GCF_037939205.1	BSN122
Escherichia coli	GCF_040255065.1	ASM4025506v1
Escherichia coli	GCF_020526845.2	ASM2052684v2
Listeria monocytogenes	GCF_003812565.1	ASM381256v1
Escherichia coli	GCF_013372305.1	ASM1337230v1
Escherichia coli	GCF_014189395.1	ASM1418939v1
Escherichia coli	GCF_002220215.1	ASM222021v1
Escherichia coli	GCF_002860085.1	ASM286008v1
Enterococcus faecalis	GCF_036272135.1	ASM3627213v1
Salmonella enterica	GCF_000442415.1	ASM44241v1
Staphylococcus aureus	GCF_004136255.1	ASM413625v1
Salmonella enterica	GCF_000742815.1	ASM74281v1
Escherichia coli	GCF_964049545.1	30821_1_88
Salmonella enterica	GCF_037875175.1	ASM3787517v1
Escherichia coli	GCF_000019385.1	ASM1938v1
Bacillus subtilis	GCF_032681245.1	ASM3268124v1
Escherichia coli	GCF_037529465.1	ASM3752946v1
Escherichia coli	GCF_004804185.1	ASM480418v1
Pseudomonas aeruginosa	GCF_030186885.2	NA
Escherichia coli	GCF_037568285.1	ASM3756828v1
Pseudomonas aeruginosa	GCF_900618275.1	paerg003
Salmonella enterica	GCF_000493535.2	DT2
Salmonella enterica	GCF_030644305.1	ASM3064430v1
Escherichia coli	GCF_020494055.1	ASM2049405v1
Listeria monocytogenes	GCF_003031935.1	ASM303193v1
Listeria monocytogenes	GCF_000582845.1	SV_1
Escherichia coli	GCF_014623245.1	ASM1462324v1
Escherichia coli	GCF_030296195.1	ASM3029619v1
Escherichia coli	GCF_005037845.1	ASM503784v2
Listeria monocytogenes	GCF_038432035.2	ASM3843203v2
Escherichia coli	GCF_008124245.1	ASM812424v1
Staphylococcus aureus	GCF_013046865.1	ASM1304686v1
Salmonella enterica	GCF_028735935.2	ASM2873593v2
Escherichia coli	GCF_037920625.1	ASM3792062v1
Salmonella enterica	GCF_037878215.1	ASM3787821v1
Salmonella enterica	GCF_009664575.1	ASM966457v1
Escherichia coli	GCF_021534985.1	ASM2153498v1
Listeria monocytogenes	GCF_014987905.1	ASM1498790v1
Escherichia coli	GCF_905330875.2	AI2949v1_cpp
Escherichia coli	GCF_018884345.1	ASM1888434v1
Salmonella enterica	GCF_009017315.1	ASM901731v1
Salmonella enterica	GCF_004337745.2	ASM433774v2
Salmonella enterica	GCF_000487035.2	ASM48703v2
Staphylococcus aureus	GCF_009912915.1	ASM991291v1
Listeria monocytogenes	GCF_001551855.1	ASM155185v1
Bacillus subtilis	GCF_039880435.1	ASM3988043v1
Escherichia coli	GCF_020883375.1	ASM2088337v1
Salmonella enterica	GCF_003325235.1	ASM332523v1
Salmonella enterica	GCF_001006525.1	ASM100652v1
Salmonella enterica	GCF_002760935.1	ASM276093v1
Pseudomonas aeruginosa	GCF_022570435.1	ASM2257043v1
Staphylococcus aureus	GCF_900620235.1	BPH2900
Escherichia coli	GCF_027945175.1	ASM2794517v1
Listeria monocytogenes	GCF_002213825.1	ASM221382v1
Listeria monocytogenes	GCF_002213885.1	ASM221388v1
Salmonella enterica	GCF_003716995.1	ASM371699v1
Escherichia coli	GCF_030389595.1	ASM3038959v1
Escherichia coli	GCF_030142415.1	ASM3014241v1
Pseudomonas aeruginosa	GCF_006364795.1	ASM636479v1
Escherichia coli	GCF_037557155.1	ASM3755715v1
Escherichia coli	GCF_010365385.1	ASM1036538v1
Escherichia coli	GCF_035621835.1	ASM3562183v1
Pseudomonas aeruginosa	GCF_027571285.1	ASM2757128v1
Staphylococcus aureus	GCF_023657535.1	ASM2365753v1
Escherichia coli	GCF_022376675.1	ASM2237667v1
Escherichia coli	GCF_030013475.1	ASM3001347v1
Salmonella enterica	GCF_016454505.1	ASM1645450v1
Salmonella enterica	GCF_001890445.1	ASM189044v1
Pseudomonas aeruginosa	GCF_022559545.1	ASM2255954v1
Salmonella enterica	GCF_037855395.1	ASM3785539v1
Staphylococcus aureus	GCF_022406125.1	ASM2240612v1
Staphylococcus aureus	GCF_900475245.1	43024_E01
Pseudomonas aeruginosa	GCF_012935295.1	ASM1293529v1
Listeria monocytogenes	GCF_002848485.1	ASM284848v1
Escherichia coli	GCF_003018055.1	ASM301805v1
Staphylococcus aureus	GCF_002204555.1	ASM220455v1
Enterococcus faecalis	GCF_906464915.2	WE0254
Escherichia coli	GCF_024971875.1	ASM2497187v1
Staphylococcus aureus	GCF_001725965.1	ASM172596v1
Staphylococcus aureus	GCF_025559705.1	ASM2555970v1
Escherichia coli	GCF_003043915.1	ASM304391v1
Salmonella enterica	GCF_000487155.2	ASM48715v2
Staphylococcus aureus	GCF_034043055.1	ASM3404305v1
Listeria monocytogenes	GCF_002213805.1	ASM221380v1
Salmonella enterica	GCF_000385905.1	ASM38590v1
Salmonella enterica	GCF_024266265.1	ASM2426626v1
Salmonella enterica	GCF_028893015.1	ASM2889301v1
Staphylococcus aureus	GCF_025558945.1	ASM2555894v1
Listeria monocytogenes	GCF_026975895.1	ASM2697589v1
Escherichia coli	GCF_029854535.1	ASM2985453v1
Salmonella enterica	GCF_026684115.1	ASM2668411v1
Salmonella enterica	GCF_028892725.1	ASM2889272v1
Salmonella enterica	GCF_009667835.1	ASM966783v1
Staphylococcus aureus	GCF_024741635.1	ASM2474163v1
Salmonella enterica	GCF_020736325.1	ASM2073632v1
Staphylococcus aureus	GCF_024741375.1	ASM2474137v1
Escherichia coli	GCF_013167135.1	ASM1316713v1
Escherichia coli	GCF_020905655.1	ASM2090565v1
Enterococcus faecalis	GCF_022213005.1	ASM2221300v1
Salmonella enterica	GCF_003717285.1	ASM371728v1
Escherichia coli	GCF_015508805.1	ASM1550880v1
Escherichia coli	GCF_030413745.1	ASM3041374v1
Pseudomonas aeruginosa	GCF_013394475.2	ASM1339447v2
Salmonella enterica	GCF_000698715.2	ASM69871v2
Escherichia coli	GCF_014825845.1	ASM1482584v1
Escherichia coli	GCF_024917815.1	ASM2491781v1
Escherichia coli	GCF_902810395.1	SC477
Salmonella enterica	GCF_001623745.2	ASM162374v2
Escherichia coli	GCF_017164935.1	ASM1716493v1
Pseudomonas aeruginosa	GCF_023571485.1	ASM2357148v1
Pseudomonas aeruginosa	GCF_019857365.1	ASM1985736v1
Pseudomonas aeruginosa	GCF_019857405.1	ASM1985740v1
Escherichia coli	GCF_011383085.1	ASM1138308v1
Escherichia coli	GCF_002850675.4	ASM285067v5
Escherichia coli	GCF_036497325.1	ASM3649732v1
Escherichia coli	GCF_040735505.1	ASM4073550v1
Escherichia coli	GCF_018986835.1	ASM1898683v1
Listeria monocytogenes	GCF_001483445.1	ASM148344v1
Bacillus subtilis	GCF_031326005.1	ASM3132600v1
Pseudomonas aeruginosa	GCF_023066865.1	ASM2306686v1
Salmonella enterica	GCF_011466815.1	ASM1146681v1
Escherichia coli	GCF_003344465.1	ASM334446v1
Escherichia coli	GCF_017570665.1	ASM1757066v1
Pseudomonas aeruginosa	GCF_002968655.1	ASM296865v1
Pseudomonas aeruginosa	GCF_030185915.2	NA
Listeria monocytogenes	GCF_000513615.1	ASM51361v1
Staphylococcus aureus	GCF_030533665.1	ASM3053366v1
Escherichia coli	GCF_021398485.1	ASM2139848v1
Salmonella enterica	GCF_002761495.1	ASM276149v1
Staphylococcus aureus	GCF_024805795.2	ASM2480579v2
Staphylococcus aureus	GCF_026625225.1	ASM2662522v1
Escherichia coli	GCF_032379415.1	ASM3237941v1
Staphylococcus aureus	GCF_022832755.1	ASM2283275v1
Escherichia coli	GCF_003017975.1	ASM301797v1
Staphylococcus aureus	GCF_029635105.1	ASM2963510v1
Enterococcus faecalis	GCF_020882055.1	ASM2088205v1
Pseudomonas aeruginosa	GCF_030121935.1	ASM3012193v1
Escherichia coli	GCF_030013265.1	ASM3001326v1
Escherichia coli	GCF_030384765.1	ASM3038476v1
Staphylococcus aureus	GCF_030643945.1	ASM3064394v1
Pseudomonas aeruginosa	GCF_027570715.1	ASM2757071v1
Enterococcus faecalis	GCF_030020425.1	ASM3002042v1
Pseudomonas aeruginosa	GCF_031219395.1	ASM3121939v1
Staphylococcus aureus	GCF_034809545.1	ASM3480954v1
Staphylococcus aureus	GCF_009913015.1	ASM991301v1
Staphylococcus aureus	GCF_001549655.1	ASM154965v1
Bacillus subtilis	GCF_004119875.1	ASM411987v1
Salmonella enterica	GCF_003032015.1	ASM303201v1
Bacillus subtilis	GCF_039903365.1	ASM3990336v1
Bacillus subtilis	GCF_009497795.1	ASM949779v1
Pseudomonas aeruginosa	GCF_020990485.1	ASM2099048v1
Pseudomonas aeruginosa	GCF_001457615.1	NCTC10332
Enterococcus faecalis	GCF_030517355.1	ASM3051735v1
Salmonella enterica	GCF_001973275.2	ASM197327v2
Staphylococcus aureus	GCF_900474555.1	40657_E01
Salmonella enterica	GCF_003717955.1	ASM371795v1
Salmonella enterica	GCF_007923125.1	ASM792312v1
Staphylococcus aureus	GCF_030717645.1	ASM3071764v1
Escherichia coli	GCF_009176965.1	ASM917696v1
Salmonella enterica	GCF_024266205.1	ASM2426620v1
Salmonella enterica	GCF_030931095.1	ASM3093109v1
Escherichia coli	GCF_024499175.1	ASM2449917v1
Salmonella enterica	GCF_033615035.1	ASM3361503v1
Staphylococcus aureus	GCF_038024215.1	BSN213
Escherichia coli	GCF_964050955.1	30859_5_29
Escherichia coli	GCF_003019175.1	ASM301917v1
Staphylococcus aureus	GCF_026547095.1	ASM2654709v1
Escherichia coli	GCF_004010695.1	ASM401069v1
Bacillus subtilis	GCF_905315035.2	NRS6121B
Salmonella enterica	GCF_002813975.1	ASM281397v1
Salmonella enterica	GCF_017893505.1	ASM1789350v1
Escherichia coli	GCF_026651165.1	ASM2665116v1
Escherichia coli	GCF_013168135.1	ASM1316813v1
Staphylococcus aureus	GCF_019738975.1	ASM1973897v1
Escherichia coli	GCF_027474445.1	ASM2747444v1
Escherichia coli	GCF_029625095.1	ASM2962509v1
Listeria monocytogenes	GCF_002214065.1	ASM221406v1
Escherichia coli	GCF_003112185.1	ASM311218v1
Escherichia coli	GCF_020808965.1	ASM2080896v1
Escherichia coli	GCF_963924185.1	ST38_1_FIN
Escherichia coli	GCF_022493415.1	ASM2249341v1
Pseudomonas aeruginosa	GCF_016745195.1	ASM1674519v1
Escherichia coli	GCF_037477985.1	ASM3747798v1
Escherichia coli	GCF_001644745.1	ASM164474v1
Salmonella enterica	GCF_940620125.1	BRD948_U
Bacillus subtilis	GCF_004103595.1	ASM410359v1
Salmonella enterica	GCF_003718495.1	ASM371849v1
Salmonella enterica	GCF_002794415.1	ASM279441v1
Pseudomonas aeruginosa	GCF_004102665.1	ASM410266v1
Escherichia coli	GCF_001612495.1	ASM161249v1
Staphylococcus aureus	GCF_024363485.1	ASM2436348v1
Pseudomonas aeruginosa	GCF_019857605.1	ASM1985760v1
Pseudomonas aeruginosa	GCF_021166335.2	ASM2116633v2
Pseudomonas aeruginosa	GCF_025452135.1	ASM2545213v1
Escherichia coli	GCF_902825205.1	SC467
Staphylococcus aureus	GCF_014696535.1	ASM1469653v2
Staphylococcus aureus	GCF_037199755.2	BSN38-MRSA1_Closure
Pseudomonas aeruginosa	GCF_002205355.1	ASM220535v1
Listeria monocytogenes	GCF_009730635.1	ASM973063v1
Escherichia coli	GCF_004924355.1	ASM492435v1
Staphylococcus aureus	GCF_026546985.1	ASM2654698v1
Escherichia coli	GCF_036222425.1	ASM3622242v1
Escherichia coli	GCF_030413765.1	ASM3041376v1
Salmonella enterica	GCF_903992995.2	5eeca14952c4e123c759a442
Limosilactobacillus fermentum	GCF_019890875.1	ASM1989087v1
Staphylococcus aureus	GCF_022405995.1	ASM2240599v1
Escherichia coli	GCF_024700815.2	ASM2470081v2
Staphylococcus aureus	GCF_003010875.1	ASM301087v1
Escherichia coli	GCF_002952695.1	ASM295269v1
Staphylococcus aureus	GCF_007726545.1	ASM772654v1
Escherichia coli	GCF_003112245.1	ASM311224v1
Escherichia coli	GCF_024508055.1	ASM2450805v1
Escherichia coli	GCF_020526745.2	ASM2052674v2
Staphylococcus aureus	GCF_015219905.1	ASM1521990v1
Escherichia coli	GCF_009866945.2	ASM986694v3
Salmonella enterica	GCF_028893475.1	ASM2889347v1
Pseudomonas aeruginosa	GCF_002287725.2	ASM228772v2
Salmonella enterica	GCF_000486585.2	ASM48658v2
Staphylococcus aureus	GCF_002356675.1	ASM235667v1
Bacillus subtilis	GCF_905310975.2	NRS6085B
Escherichia coli	GCF_005222345.1	ASM522234v1
Escherichia coli	GCF_013085905.2	ASM1308590v3
Escherichia coli	GCF_008632595.1	ASM863259v1
Staphylococcus aureus	GCF_015774835.1	ASM1577483v1
Escherichia coli	GCF_011404475.1	ASM1140447v1
Salmonella enterica	GCF_001692595.1	ASM169259v1
Staphylococcus aureus	GCF_040409915.1	ASM4040991v1
Salmonella enterica	GCF_001051815.2	ASM105181v2
Escherichia coli	GCF_002934895.1	ASM293489v1
Escherichia coli	GCF_030013205.1	ASM3001320v1
Escherichia coli	GCF_036506435.1	ASM3650643v1
Escherichia coli	GCF_030389855.1	ASM3038985v1
Bacillus subtilis	GCF_029537415.1	ASM2953741v1
Salmonella enterica	GCF_000272835.5	ASM27283v5
Staphylococcus aureus	GCF_029204095.1	ASM2920409v1
Escherichia coli	GCF_905071835.1	MSB1_4I
Salmonella enterica	GCF_020715545.1	ASM2071554v1
Staphylococcus aureus	GCF_900474525.1	40677_F01
Escherichia coli	GCF_011067085.1	ASM1106708v1
Escherichia coli	GCF_016889325.1	ASM1688932v1
Pseudomonas aeruginosa	GCF_021378395.1	ASM2137839v1
Escherichia coli	GCF_002214205.1	ASM221420v1
Salmonella enterica	GCF_019797945.1	ASM1979794v1
Escherichia coli	GCF_016903535.1	ASM1690353v1
Staphylococcus aureus	GCF_020886635.1	ASM2088663v1
Staphylococcus aureus	GCF_019669245.1	ASM1966924v1
Escherichia coli	GCF_036884415.1	ASM3688441v1
Staphylococcus aureus	GCF_034043315.1	ASM3404331v1
Pseudomonas aeruginosa	GCF_029961385.1	ASM2996138v1
Escherichia coli	GCF_005014075.1	ASM501407v1
Staphylococcus aureus	GCF_021172865.1	ASM2117286v1
Staphylococcus aureus	GCF_900323925.1	1549-WT
Escherichia coli	GCF_025583295.2	ASM2558329v2
Escherichia coli	GCF_013315755.1	ASM1331575v1
Listeria monocytogenes	GCF_014304675.1	ASM1430467v1
Staphylococcus aureus	GCF_007726325.1	ASM772632v1
Pseudomonas aeruginosa	GCF_031224875.1	ASM3122487v1
Salmonella enterica	GCF_000018705.1	ASM1870v1
Listeria monocytogenes	GCF_010442835.1	ASM1044283v1
Salmonella enterica	GCF_022655685.1	ASM2265568v1
Pseudomonas aeruginosa	GCF_036417995.1	ASM3641799v1
Salmonella enterica	GCF_016952595.1	ASM1695259v1
Salmonella enterica	GCF_030440635.1	ASM3044063v1
Escherichia coli	GCF_003076395.1	ASM307639v1
Staphylococcus aureus	GCF_900607265.1	BPH2003
Escherichia coli	GCF_014168595.1	ASM1416859v1
Enterococcus faecalis	GCF_023300025.1	ASM2330002v1
Escherichia coli	GCF_008364455.2	ASM836445v2
Pseudomonas aeruginosa	GCF_001516345.1	ASM151634v1
Escherichia coli	GCF_014770895.1	ASM1477089v1
Escherichia coli	GCF_030908685.1	ASM3090868v1
Escherichia coli	GCF_008823185.1	ASM882318v1
Escherichia coli	GCF_002357915.1	ASM235791v1
Salmonella enterica	GCF_008386295.1	ASM838629v1
Pseudomonas aeruginosa	GCF_018141645.1	ASM1814164v1
Listeria monocytogenes	GCF_001483405.1	ASM148340v1
Staphylococcus aureus	GCF_037938875.1	BSN123
Escherichia coli	GCF_031432875.1	ASM3143287v1
Escherichia coli	GCF_027474425.1	ASM2747442v1
Salmonella enterica	GCF_014840915.2	ASM1484091v2
Salmonella enterica	GCF_003717475.1	ASM371747v1
Pseudomonas aeruginosa	GCF_027571365.1	ASM2757136v1
Escherichia coli	GCF_024584845.1	ASM2458484v1
Escherichia coli	GCF_024585865.1	ASM2458586v1
Escherichia coli	GCF_030296295.1	ASM3029629v1
Escherichia coli	GCF_016904575.1	ASM1690457v1
Escherichia coli	GCF_963575435.1	F437
Salmonella enterica	GCF_030505815.1	ASM3050581v1
Escherichia coli	GCF_013391825.1	ASM1339182v1
Escherichia coli	GCF_009431955.1	ASM943195v1
Escherichia coli	GCF_016889625.1	ASM1688962v1
Bacillus subtilis	GCF_905311405.2	NRS6107B
Salmonella enterica	GCF_029953555.1	ASM2995355v1
Listeria monocytogenes	GCF_009648595.1	ASM964859v1
Escherichia coli	GCF_000952955.1	EcRV308Chr
Escherichia coli	GCF_014169435.1	ASM1416943v1
Pseudomonas aeruginosa	GCF_027359235.1	ASM2735923v1
Pseudomonas aeruginosa	GCF_033222185.1	ASM3322218v1
Staphylococcus aureus	GCF_002786465.1	ASM278646v1
Staphylococcus aureus	GCF_002795285.1	ASM279528v1
Escherichia coli	GCF_025398915.1	ASM2539891v1
Salmonella enterica	GCF_008727635.1	ASM872763v1
Escherichia coli	GCF_021484785.1	ASM2148478v1
Escherichia coli	GCF_001650275.1	ASM165027v1
Escherichia coli	GCF_026651105.1	ASM2665110v1
Escherichia coli	GCF_003571665.1	ASM357166v1
Staphylococcus aureus	GCF_020388175.1	ASM2038817v1
Escherichia coli	GCF_016446335.1	ASM1644633v1
Bacillus subtilis	GCF_027912355.1	ASM2791235v1
Escherichia coli	GCF_030384885.1	ASM3038488v1
Salmonella enterica	GCF_001975625.1	ASM197562v1
Listeria monocytogenes	GCF_001998945.1	ASM199894v1
Pseudomonas aeruginosa	GCF_027570575.1	ASM2757057v1
Staphylococcus aureus	GCF_003354785.1	ASM335478v1
Staphylococcus aureus	GCF_038129325.1	BSN55-2
Escherichia coli	GCF_027944815.1	ASM2794481v1
Escherichia coli	GCF_003030365.1	ASM303036v1
Escherichia coli	GCF_964038895.1	30345_1_335
Escherichia coli	GCF_002741535.1	ASM274153v1
Salmonella enterica	GCF_004324095.2	ASM432409v2
Escherichia coli	GCF_034336645.2	ASM3433664v2
Escherichia coli	GCF_037543915.1	ASM3754391v1
Escherichia coli	GCF_017570645.1	ASM1757064v1
Escherichia coli	GCF_028743335.1	ASM2874333v1
Salmonella enterica	GCF_029590355.1	ASM2959035v1
Escherichia coli	GCF_013371725.1	ASM1337172v1
Staphylococcus aureus	GCF_014696415.1	ASM1469641v2
Escherichia coli	GCF_902810345.1	SC455
Escherichia coli	GCF_005221965.1	ASM522196v1
Escherichia coli	GCF_039555125.1	ASM3955512v1
Escherichia coli	GCF_905330275.2	AI2858v1_cpp
Escherichia coli	GCF_037542475.1	ASM3754247v1
Escherichia coli	GCF_000833635.2	ASM83363v2
Bacillus subtilis	GCF_035319605.1	ASM3531960v1
Salmonella enterica	GCF_016452165.1	ASM1645216v1
Enterococcus faecalis	GCF_030295445.1	ASM3029544v1
Staphylococcus aureus	GCF_030534035.1	ASM3053403v1
Salmonella enterica	GCF_021183545.1	ASM2118354v1
Escherichia coli	GCF_028752675.1	ASM2875267v1
Escherichia coli	GCF_020827615.1	ASM2082761v1
Escherichia coli	GCF_030515515.1	ASM3051551v1
Salmonella enterica	GCF_001833225.2	ASM183322v2
Pseudomonas aeruginosa	GCF_032681185.1	ASM3268118v1
Bacillus subtilis	GCF_964017255.1	ASM904v2
Staphylococcus aureus	GCF_004208595.1	ASM420859v1
Salmonella enterica	GCF_028735975.1	ASM2873597v1
Escherichia coli	GCF_036499005.1	ASM3649900v1
Escherichia coli	GCF_004295365.1	ASM429536v1
Pseudomonas aeruginosa	GCF_036233135.1	ASM3623313v1
Staphylococcus aureus	GCF_000189455.2	ASM18945v3
Listeria monocytogenes	GCF_009866885.1	ASM986688v1
Escherichia coli	GCF_030295075.1	ASM3029507v1
Escherichia coli	GCF_026689355.1	ASM2668935v1
Escherichia coli	GCF_004355105.2	ASM435510v2
Pseudomonas aeruginosa	GCF_002968585.1	ASM296858v1
Salmonella enterica	GCF_002313085.1	ASM231308v1
Enterococcus faecalis	GCF_019222705.1	ASM1922270v1
Escherichia coli	GCF_900635205.1	39081_F01
Salmonella enterica	GCF_003717755.1	ASM371775v1
Salmonella enterica	GCF_013206965.1	ASM1320696v1
Escherichia coli	GCF_002220265.1	ASM222026v1
Escherichia coli	GCF_036495545.1	ASM3649554v1
Staphylococcus aureus	GCF_900474695.1	41004_B01
Escherichia coli	GCF_013372325.1	ASM1337232v1
Staphylococcus aureus	GCF_001717975.2	ASM171797v3
Escherichia coli	GCF_002215095.1	ASM221509v1
Salmonella enterica	GCF_019969195.1	ASM1996919v1
Escherichia coli	GCF_900635635.1	31436_D01
Salmonella enterica	GCF_003717895.1	ASM371789v1
Escherichia coli	GCF_014169695.1	ASM1416969v1
Salmonella enterica	GCF_013207105.1	ASM1320710v1
Staphylococcus aureus	GCF_037199675.2	BSN83_Closure
Escherichia coli	GCF_029625155.1	ASM2962515v1
Salmonella enterica	GCF_024266525.1	ASM2426652v1
Bacillus subtilis	GCF_000953615.1	BS49Ch
Escherichia coli	GCF_003346835.1	ASM334683v1
Listeria monocytogenes	GCF_028673915.1	ASM2867391v1
Escherichia coli	GCF_014262945.1	ASM1426294v1
Staphylococcus aureus	GCF_009912635.1	ASM991263v1
Escherichia coli	GCF_030515595.1	ASM3051559v1
Escherichia coli	GCF_023546885.1	ASM2354688v1
Escherichia coli	GCF_027947615.1	ASM2794761v1
Staphylococcus aureus	GCF_022406035.1	ASM2240603v1
Escherichia coli	GCF_904831845.1	L6_E562_ETEC
Escherichia coli	GCF_036702845.1	ASM3670284v1
Escherichia coli	GCF_014169595.1	ASM1416959v1
Staphylococcus aureus	GCF_003342775.1	ASM334277v1
Escherichia coli	GCF_036499565.1	ASM3649956v1
Escherichia coli	GCF_026651205.1	ASM2665120v1
Staphylococcus aureus	GCF_009911815.1	ASM991181v1
Bacillus subtilis	GCF_025449235.1	ASM2544923v1
Pseudomonas aeruginosa	GCF_030122155.1	ASM3012215v1
Escherichia coli	GCF_014826015.1	ASM1482601v1
Salmonella enterica	GCF_003177255.1	ASM317725v1
Escherichia coli	GCF_037286755.1	ASM3728675v1
Escherichia coli	GCF_034422715.1	ASM3442271v1
Escherichia coli	GCF_009950475.1	ASM995047v1
Escherichia coli	GCF_019211745.1	ASM1921174v1
Salmonella enterica	GCF_011466595.1	ASM1146659v1
Pseudomonas aeruginosa	GCF_024972855.1	ASM2497285v1
Pseudomonas aeruginosa	GCF_000981825.1	ASM98182v1
Escherichia coli	GCF_029636785.1	ASM2963678v1
Pseudomonas aeruginosa	GCF_036232085.1	ASM3623208v1
Escherichia coli	GCF_013167415.1	ASM1316741v1
Salmonella enterica	GCF_022936365.1	ASM2293636v1
Bacillus subtilis	GCF_024507835.1	ASM2450783v1
Escherichia coli	GCF_040267445.1	ASM4026744v1
Escherichia coli	GCF_031852295.1	ASM3185229v1
Escherichia coli	GCF_031785675.1	ASM3178567v1
Escherichia coli	GCF_009720465.1	ASM972046v1
Limosilactobacillus fermentum	GCF_016617695.1	ASM1661769v1
Staphylococcus aureus	GCF_038786585.1	RKI_12-03119_Sau
Escherichia coli	GCF_008634095.2	ASM863409v2
Pseudomonas aeruginosa	GCF_000510305.1	ASM51030v1
Staphylococcus aureus	GCF_900620225.1	BPH2819
Enterococcus faecalis	GCF_025958445.1	ASM2595844v1
Pseudomonas aeruginosa	GCF_019857245.1	ASM1985724v1
Salmonella enterica	GCF_004136035.1	ASM413603v1
Staphylococcus aureus	GCF_034043195.1	ASM3404319v1
Salmonella enterica	GCF_022870685.1	ASM2287068v1
Escherichia coli	GCF_005221725.1	ASM522172v1
Escherichia coli	GCF_904866225.1	MSB1_8G
Staphylococcus aureus	GCF_040363755.1	ASM4036375v1
Escherichia coli	GCF_016904395.1	ASM1690439v1
Salmonella enterica	GCF_016452065.1	ASM1645206v1
Escherichia coli	GCF_025369855.1	ASM2536985v1
Staphylococcus aureus	GCF_001457495.1	NCTC13435
Escherichia coli	GCF_019645975.1	ASM1964597v1
Escherichia coli	GCF_005221745.1	ASM522174v1
Enterococcus faecalis	GCF_036273895.1	ASM3627389v1
Staphylococcus aureus	GCF_022693165.1	ASM2269316v1
Escherichia coli	GCF_002165115.2	ASM216511v2
Escherichia coli	GCF_020541025.1	ASM2054102v1
Escherichia coli	GCF_013201255.1	ASM1320125v1
Escherichia coli	GCF_900636305.1	40415_B02
Escherichia coli	GCF_010725305.1	ASM1072530v1
Salmonella enterica	GCF_000430085.2	ASM43008v2
Escherichia coli	GCF_001806265.1	ASM180626v1
Salmonella enterica	GCF_006461415.2	ASM646141v2
Salmonella enterica	GCF_025808295.1	ASM2580829v1
Pseudomonas aeruginosa	GCF_027171385.1	ASM2717138v1
Escherichia coli	GCF_020424045.1	ASM2042404v1
Escherichia coli	GCF_904863385.1	MSB1_1A
Escherichia coli	GCF_016775865.1	ASM1677586v1
Limosilactobacillus fermentum	GCF_024800585.1	ASM2480058v1
Escherichia coli	GCF_024585005.1	ASM2458500v1
Pseudomonas aeruginosa	GCF_900637045.1	46837_C02
Escherichia coli	GCF_006337025.1	ASM633702v1
Salmonella enterica	GCF_001931595.1	ASM193159v1
Pseudomonas aeruginosa	GCF_003206535.1	ASM320653v1
Staphylococcus aureus	GCF_030644045.1	ASM3064404v1
Escherichia coli	GCF_900497095.1	ASM90049709v1
Salmonella enterica	GCF_028893135.1	ASM2889313v1
Staphylococcus aureus	GCF_024363345.1	ASM2436334v1
Escherichia coli	GCF_014168855.1	ASM1416885v1
Escherichia coli	GCF_020149665.1	ASM2014966v1
Staphylococcus aureus	GCF_022405755.1	ASM2240575v1
Salmonella enterica	GCF_024917195.1	ASM2491719v1
Escherichia coli	GCF_015571775.1	ASM1557177v1
Pseudomonas aeruginosa	GCF_000504045.1	ASM50404v1
Staphylococcus aureus	GCF_001444345.1	ASM144434v1
Salmonella enterica	GCF_005885895.1	ASM588589v1
Enterococcus faecalis	GCF_032680945.1	ASM3268094v1
Escherichia coli	GCF_016458945.1	ASM1645894v1
Enterococcus faecalis	GCF_032681025.1	ASM3268102v1
Pseudomonas aeruginosa	GCF_013343535.1	ASM1334353v1
Staphylococcus aureus	GCF_038426605.1	ASM3842660v1
Escherichia coli	GCF_037560265.1	ASM3756026v1
Escherichia coli	GCF_000219515.2	ASM21951v3
Escherichia coli	GCF_030162075.2	ASM3016207v2
Salmonella enterica	GCF_037888885.1	ASM3788888v1
Salmonella enterica	GCF_000505705.1	ASM50570v1
Salmonella enterica	GCF_002224405.1	ASM222440v1
Salmonella enterica	GCF_030166355.1	ASM3016635v1
Bacillus subtilis	GCF_030123085.1	ASM3012308v1
Salmonella enterica	GCF_025159055.2	ASM2515905v2
Listeria monocytogenes	GCF_001889645.2	ASM188964v2
Bacillus subtilis	GCF_030053795.1	ASM3005379v1
Escherichia coli	GCF_029854475.1	ASM2985447v1
Salmonella enterica	GCF_022559465.1	ASM2255946v1
Staphylococcus aureus	GCF_026625365.1	ASM2662536v1
Pseudomonas aeruginosa	GCF_030444655.1	ASM3044465v1
Escherichia coli	GCF_021869725.1	ASM2186972v1
Salmonella enterica	GCF_004324135.2	ASM432413v2
Listeria monocytogenes	GCF_018336735.1	ASM1833673v1
Escherichia coli	GCF_003571685.1	ASM357168v1
Salmonella enterica	GCF_029594695.1	ASM2959469v1
Listeria monocytogenes	GCF_030168105.1	ASM3016810v1
Escherichia coli	GCF_016811855.1	ASM1681185v1
Escherichia coli	GCF_003956285.1	ASM395628v1
Staphylococcus aureus	GCF_020003145.1	ASM2000314v1
Escherichia coli	GCF_014623405.1	ASM1462340v1
Salmonella enterica	GCF_031038995.1	ASM3103899v1
Salmonella enterica	GCF_037831375.1	ASM3783137v1
Staphylococcus aureus	GCF_038428225.1	ASM3842822v1
Pseudomonas aeruginosa	GCF_039908025.1	UNIFI_Paer_26059
Bacillus subtilis	GCF_905315025.2	NRS6131B
Bacillus subtilis	GCF_024802585.1	ASM2480258v1
Escherichia coli	GCF_035621115.1	ASM3562111v1
Staphylococcus aureus	GCF_000967365.1	ASM96736v1
Escherichia coli	GCF_006777065.1	ASM677706v1
Escherichia coli	GCF_022493695.1	ASM2249369v1
Escherichia coli	GCF_013166995.1	ASM1316699v1
Escherichia coli	GCF_904426485.1	2015-01-2097
Salmonella enterica	GCF_030435995.1	ASM3043599v1
Listeria monocytogenes	GCF_001454865.1	ASM145486v1
Enterococcus faecalis	GCF_023299785.1	ASM2329978v1
Salmonella enterica	GCF_021496255.1	ASM2149625v1
Listeria monocytogenes	GCF_018736025.1	ASM1873602v1
Escherichia coli	GCF_900474625.1	39888_E01
Escherichia coli	GCF_037575085.1	ASM3757508v1
Escherichia coli	GCF_014168975.1	ASM1416897v1
Listeria monocytogenes	GCF_030732085.2	ASM3073208v2
Pseudomonas aeruginosa	GCF_036233095.1	ASM3623309v1
Salmonella enterica	GCF_009734305.1	ASM973430v1
Salmonella enterica	GCF_002760955.1	ASM276095v1
Staphylococcus aureus	GCF_009912615.1	ASM991261v1
Escherichia coli	GCF_003288455.1	ASM328845v1
Pseudomonas aeruginosa	GCF_030388285.1	ASM3038828v1
Escherichia coli	GCF_013394575.1	ASM1339457v1
Salmonella enterica	GCF_024266785.1	ASM2426678v1
Staphylococcus aureus	GCF_003425835.1	ASM342583v1
Escherichia coli	GCF_036495185.1	ASM3649518v1
Escherichia coli	GCF_024298485.1	ASM2429848v1
Salmonella enterica	GCF_040822485.1	ASM4082248v1
Escherichia coli	GCF_030552915.1	ASM3055291v1
Staphylococcus aureus	GCF_022832835.1	ASM2283283v1
Salmonella enterica	GCF_019710395.2	ASM1971039v3
Salmonella enterica	GCF_009650395.1	ASM965039v1
Escherichia coli	GCF_008364515.2	ASM836451v2
Escherichia coli	GCF_030036795.1	ASM3003679v1
Staphylococcus aureus	GCF_015219925.1	ASM1521992v1
Listeria monocytogenes	GCF_034119725.1	ASM3411972v1
Salmonella enterica	GCF_030979995.1	ASM3097999v1
Escherichia coli	GCF_016403675.2	ASM1640367v2
Escherichia coli	GCF_900635165.1	38670_F01
Escherichia coli	GCF_017356665.1	ASM1735666v1
Escherichia coli	GCF_963575505.1	F200
Salmonella enterica	GCF_016454725.1	ASM1645472v1
Staphylococcus aureus	GCF_019551175.1	ASM1955117v1
Escherichia coli	GCF_013201505.1	ASM1320150v1
Staphylococcus aureus	GCF_038429955.1	ASM3842995v1
Salmonella enterica	GCF_005885835.1	ASM588583v1
Bacillus subtilis	GCF_013285325.1	ASM1328532v1
Escherichia coli	GCF_017165095.1	ASM1716509v1
Listeria monocytogenes	GCF_003032055.1	ASM303205v1
Staphylococcus aureus	GCF_030533745.1	ASM3053374v1
Escherichia coli	GCF_026651085.1	ASM2665108v1
Staphylococcus aureus	GCF_034042935.1	ASM3404293v1
Pseudomonas aeruginosa	GCF_019857545.1	ASM1985754v1
Escherichia coli	GCF_013315995.1	ASM1331599v1
Escherichia coli	GCF_014863765.1	ASM1486376v1
Escherichia coli	GCF_019434375.1	ASM1943437v1
Enterococcus faecalis	GCF_023299485.1	ASM2329948v1
Escherichia coli	GCF_022969555.2	ASM2296955v2
Escherichia coli	GCF_030142205.1	ASM3014220v1
Pseudomonas aeruginosa	GCF_001879525.1	ASM187952v1
Escherichia coli	GCF_030845355.1	ASM3084535v1
Escherichia coli	GCF_002357875.1	ASM235787v1
Escherichia coli	GCF_018394415.1	ASM1839441v1
Escherichia coli	GCF_026001065.1	ASM2600106v1
Salmonella enterica	GCF_900477905.1	46983_G02
Escherichia coli	GCF_024331535.2	ASM2433153v2
Enterococcus faecalis	GCF_014489455.1	ASM1448945v1
Escherichia coli	GCF_963575415.1	F719
Salmonella enterica	GCF_019931635.1	ASM1993163v1
Staphylococcus aureus	GCF_022405335.1	ASM2240533v1
Escherichia coli	GCF_003288295.1	ASM328829v1
Escherichia coli	GCF_030717485.1	ASM3071748v1
Escherichia coli	GCF_001901445.1	ASM190144v1
Pseudomonas aeruginosa	GCF_036418295.1	ASM3641829v1
Pseudomonas aeruginosa	GCF_021497405.1	ASM2149740v1
Escherichia coli	GCF_030161935.2	ASM3016193v2
Salmonella enterica	GCF_022670695.1	ASM2267069v1
Salmonella enterica	GCF_020714885.1	ASM2071488v1
Escherichia coli	GCF_022918835.1	ASM2291883v1
Escherichia coli	GCF_034421835.1	ASM3442183v1
Pseudomonas aeruginosa	GCF_021513595.1	ASM2151359v1
Pseudomonas aeruginosa	GCF_033219955.1	ASM3321995v1
Staphylococcus aureus	GCF_004026185.1	ASM402618v1
Staphylococcus aureus	GCF_001465635.1	ASM146563v1
Pseudomonas aeruginosa	GCF_022699485.1	ASM2269948v1
Escherichia coli	GCF_032998425.1	ASM3299842v1
Bacillus subtilis	GCF_004101345.1	ASM410134v1
Enterococcus faecalis	GCF_006766145.1	ASM676614v1
Escherichia coli	GCF_036884545.1	ASM3688454v1
Pseudomonas aeruginosa	GCF_030121915.1	ASM3012191v1
Staphylococcus aureus	GCF_000597965.1	ASM59796v1
Escherichia coli	GCF_013343595.1	ASM1334359v1
Pseudomonas aeruginosa	GCF_001900265.1	ASM190026v1
Escherichia coli	GCF_018884405.1	ASM1888440v1
Escherichia coli	GCF_011045235.1	ASM1104523v1
Bacillus subtilis	GCF_018986855.1	ASM1898685v1
Pseudomonas aeruginosa	GCF_036232885.1	ASM3623288v1
Escherichia coli	GCF_031543765.1	ASM3154376v1
Limosilactobacillus fermentum	GCF_024054255.2	ASM2405425v2
Salmonella enterica	GCF_013161625.1	ASM1316162v1
Escherichia coli	GCF_002903125.1	ASM290312v1
Escherichia coli	GCF_016889485.1	ASM1688948v1
Salmonella enterica	GCF_019967915.1	ASM1996791v1
Escherichia coli	GCF_020886495.2	ASM2088649v2
Pseudomonas aeruginosa	GCF_033392255.1	ASM3339225v1
Escherichia coli	GCF_003717595.1	ASM371759v1
Staphylococcus aureus	GCF_008329885.1	ASM832988v1
Escherichia coli	GCF_003181035.1	ASM318103v1
Escherichia coli	GCF_030316195.1	ASM3031619v1
Escherichia coli	GCF_035609265.1	ASM3560926v1
Escherichia coli	GCF_011996085.1	ASM1199608v1
Escherichia coli	GCF_000974405.1	ASM97440v1
Pseudomonas aeruginosa	GCF_036233495.1	ASM3623349v1
Salmonella enterica	GCF_002220345.1	ASM222034v1
Staphylococcus aureus	GCF_009857055.1	ASM985705v1
Staphylococcus aureus	GCF_016413705.1	ASM1641370v1
Salmonella enterica	GCF_016454285.1	ASM1645428v1
Escherichia coli	GCF_001660565.1	ASM166056v1
Escherichia coli	GCF_040436705.1	ASM4043670v1
Salmonella enterica	GCF_001833255.2	ASM183325v2
Salmonella enterica	GCF_031184215.1	ASM3118421v1
Escherichia coli	GCF_900636005.1	38389_A01
Escherichia coli	GCF_026427755.1	ASM2642775v1
Staphylococcus aureus	GCF_009912355.1	ASM991235v1
Limosilactobacillus fermentum	GCF_009676625.1	ASM967662v1
Salmonella enterica	GCF_000473275.1	ASM47327v1
Pseudomonas aeruginosa	GCF_033232085.1	ASM3323208v1
Salmonella enterica	GCF_000188735.1	ASM18873v1
Salmonella enterica	GCF_020714785.1	ASM2071478v1
Pseudomonas aeruginosa	GCF_000271985.2	ASM27198v2
Staphylococcus aureus	GCF_034042995.1	ASM3404299v1
Staphylococcus aureus	GCF_001019255.2	ASM101925v2
Escherichia coli	GCF_019431165.1	ASM1943116v1
Escherichia coli	GCF_036549195.1	ASM3654919v1
Pseudomonas aeruginosa	GCF_037287545.1	ASM3728754v1
Escherichia coli	GCF_040267775.1	ASM4026777v1
Staphylococcus aureus	GCF_025559405.1	ASM2555940v1
Escherichia coli	GCF_035621595.1	ASM3562159v1
Pseudomonas aeruginosa	GCF_033375015.1	ASM3337501v1
Escherichia coli	GCF_014771275.1	ASM1477127v1
Escherichia coli	GCF_032382315.1	ASM3238231v1
Bacillus subtilis	GCF_038762065.1	ASM3876206v1
Staphylococcus aureus	GCF_037199635.2	BSN117_Closure
Salmonella enterica	GCF_004919205.1	ASM491920v1
Salmonella enterica	GCF_949361515.1	GENOMIC20-001
Escherichia coli	GCF_003018235.1	ASM301823v1
Escherichia coli	GCF_030996405.1	ASM3099640v1
Pseudomonas aeruginosa	GCF_014792125.1	ASM1479212v1
Escherichia coli	GCF_008080655.1	ASM808065v1
Escherichia coli	GCF_003966425.1	ASM396642v1
Staphylococcus aureus	GCF_037095035.2	BSN85_Closure
Escherichia coli	GCF_001678925.1	ASM167892v1
Staphylococcus aureus	GCF_001018735.2	ASM101873v2
Salmonella enterica	GCF_003717035.1	ASM371703v1
Salmonella enterica	GCF_000750255.1	ASM75025v1
Enterococcus faecalis	GCF_033802825.1	ASM3380282v1
Escherichia coli	GCF_022559245.1	ASM2255924v1
Enterococcus faecalis	GCF_029278545.1	ASM2927854v1
Escherichia coli	GCF_014169195.1	ASM1416919v1
Escherichia coli	GCF_022354045.1	ASM2235404v1
Escherichia coli	GCF_900636605.1	42912_F02
Escherichia coli	GCF_013167595.1	ASM1316759v1
Salmonella enterica	GCF_000487295.3	ASM48729v3
Listeria monocytogenes	GCF_001908335.2	ASM190833v2
Salmonella enterica	GCF_009756475.1	ASM975647v1
Staphylococcus aureus	GCF_003073775.1	ASM307377v1
Escherichia coli	GCF_012915625.1	ASM1291562v2
Staphylococcus aureus	GCF_031826815.1	ASM3182681v1
Staphylococcus aureus	GCF_024734775.1	ASM2473477v1
Salmonella enterica	GCF_002946375.1	ASM294637v1
Staphylococcus aureus	GCF_009739795.1	ASM973979v1
Escherichia coli	GCF_003856615.1	ASM385661v1
Staphylococcus aureus	GCF_034022875.1	ASM3402287v1
Salmonella enterica	GCF_003030105.1	ASM303010v1
Escherichia coli	GCF_032351055.1	ASM3235105v1
Salmonella enterica	GCF_037861145.1	ASM3786114v1
Staphylococcus aureus	GCF_900324265.1	9_LA_281
Staphylococcus aureus	GCF_003595405.1	ASM359540v1
Escherichia coli	GCF_019969525.1	ASM1996952v1
Escherichia coli	GCF_001021635.2	ASM102163v2
Escherichia coli	GCF_964054695.1	30821_1_335
Salmonella enterica	GCF_025808355.1	ASM2580835v1
Escherichia coli	GCF_000671295.1	ASM67129v1
Escherichia coli	GCF_030039225.1	ASM3003922v1
Enterococcus faecalis	GCF_000007785.1	ASM778v1
Escherichia coli	GCF_904831805.1	L7_E1373_ETEC
Pseudomonas aeruginosa	GCF_022570475.1	ASM2257047v1
Escherichia coli	GCF_033802405.1	ASM3380240v1
Staphylococcus aureus	GCF_003186105.1	ASM318610v1
Escherichia coli	GCF_036500705.1	ASM3650070v1
Escherichia coli	GCF_032296485.1	ASM3229648v1
Salmonella enterica	GCF_009930575.1	ASM993057v1
Escherichia coli	GCF_039909185.1	ASM3990918v1
Salmonella enterica	GCF_022559485.1	ASM2255948v1
Escherichia coli	GCF_005383105.2	ASM538310v2
Escherichia coli	GCF_035581925.1	ASM3558192v1
Escherichia coli	GCF_016889525.1	ASM1688952v1
Limosilactobacillus fermentum	GCF_036784755.1	ASM3678475v1
Escherichia coli	GCF_019969645.1	ASM1996964v1
Escherichia coli	GCF_037269235.1	ASM3726923v1
Salmonella enterica	GCF_039778255.1	ASM3977825v1
Enterococcus faecalis	GCF_020906605.1	ASM2090660v1
Bacillus subtilis	GCF_000706705.1	ASM70670v1
Bacillus subtilis	GCF_033113625.1	ASM3311362v1
Escherichia coli	GCF_033970745.1	ASM3397074v1
Escherichia coli	GCF_007954215.2	ASM795421v2
Listeria monocytogenes	GCF_002213545.1	ASM221354v1
Salmonella enterica	GCF_900166885.1	39674_D01
Escherichia coli	GCF_005890115.1	ASM589011v1
Staphylococcus aureus	GCF_030717625.1	ASM3071762v1
Escherichia coli	GCF_019428785.1	ASM1942878v1
Pseudomonas aeruginosa	GCF_001874465.1	ASM187446v1
Salmonella enterica	GCF_006287295.1	ASM628729v2
Salmonella enterica	GCF_012050385.1	ASM1205038v1
Escherichia coli	GCF_017164795.1	ASM1716479v1
Bacillus subtilis	GCF_000497485.1	ASM49748v1
Staphylococcus aureus	GCF_002000845.1	ASM200084v1
Escherichia coli	GCF_001901005.1	ASM190100v1
Staphylococcus aureus	GCF_036670135.1	ASM3667013v1
Salmonella enterica	GCF_000487615.2	ASM48761v2
Escherichia coli	GCF_001618325.1	ASM161832v1
Salmonella enterica	GCF_015697805.1	ASM1569780v1
Pseudomonas aeruginosa	GCF_024266805.1	ASM2426680v1
Escherichia coli	GCF_000801165.1	ASM80116v1
Salmonella enterica	GCF_021513315.1	ASM2151331v1
Escherichia coli	GCF_003956485.1	ASM395648v1
Listeria monocytogenes	GCF_900231485.1	JF5861_complete_genome
Pseudomonas aeruginosa	GCF_001518975.1	ASM151897v1
Enterococcus faecalis	GCF_040436415.1	ASM4043641v1
Salmonella enterica	GCF_024266485.1	ASM2426648v1
Escherichia coli	GCF_005391285.2	ASM539128v2
Escherichia coli	GCF_040552425.1	ASM4055242v1
Staphylococcus aureus	GCF_038113395.1	BSN160
Escherichia coli	GCF_036884485.1	ASM3688448v1
Escherichia coli	GCF_005037725.1	ASM503772v2
Salmonella enterica	GCF_003595645.1	ASM359564v1
Salmonella enterica	GCF_025311235.1	ASM2531123v1
Escherichia coli	GCF_024734095.1	ASM2473409v1
Escherichia coli	GCF_023373585.1	ASM2337358v1
Pseudomonas aeruginosa	GCF_036233515.1	ASM3623351v1
Staphylococcus aureus	GCF_036490635.1	ASM3649063v1
Escherichia coli	GCF_022654545.1	ASM2265454v1
Escherichia coli	GCF_024396535.1	ASM2439653v1
Escherichia coli	GCF_000258145.1	ASM25814v1
Enterococcus faecalis	GCF_000172575.2	ASM17257v2
Salmonella enterica	GCF_000329365.2	ASM32936v2
Escherichia coli	GCF_016774415.1	ASM1677441v1
Escherichia coli	GCF_030389755.1	ASM3038975v1
Staphylococcus aureus	GCF_033061535.1	ASM3306153v1
Pseudomonas aeruginosa	GCF_030444635.1	ASM3044463v1
Pseudomonas aeruginosa	GCF_026870135.1	ASM2687013v1
Staphylococcus aureus	GCF_029634765.1	ASM2963476v1
Pseudomonas aeruginosa	GCF_037890725.1	ASM3789072v1
Escherichia coli	GCF_023516135.1	ASM2351613v1
Salmonella enterica	GCF_000240905.2	ASM24090v3
Bacillus subtilis	GCF_025502545.1	ASM2550254v1
Staphylococcus aureus	GCF_030717565.1	ASM3071756v1
Escherichia coli	GCF_031661555.1	ASM3166155v1
Salmonella enterica	GCF_030254745.1	ASM3025474v1
Staphylococcus aureus	GCF_019669345.1	ASM1966934v1
Escherichia coli	GCF_029625455.1	ASM2962545v1
Staphylococcus aureus	GCF_034042955.1	ASM3404295v1
Escherichia coli	GCF_008124265.1	ASM812426v1
Escherichia coli	GCF_037280675.1	ASM3728067v1
Staphylococcus aureus	GCF_000828035.1	ASM82803v1
Escherichia coli	GCF_017165155.1	ASM1716515v1
Escherichia coli	GCF_032681125.1	ASM3268112v1
Pseudomonas aeruginosa	GCF_016743115.1	ASM1674311v1
Listeria monocytogenes	GCF_009648675.1	ASM964867v1
Staphylococcus aureus	GCF_034028035.1	ASM3402803v1
Escherichia coli	GCF_022117635.1	ASM2211763v1
Escherichia coli	GCF_040436475.1	ASM4043647v1
Escherichia coli	GCF_000931565.1	ASM93156v1
Enterococcus faecalis	GCF_025958065.1	ASM2595806v1
Escherichia coli	GCF_017638985.1	ASM1763898v1
Salmonella enterica	GCF_001922185.1	ASM192218v1
Pseudomonas aeruginosa	GCF_014854655.1	ASM1485465v1
Pseudomonas aeruginosa	GCF_036233675.1	ASM3623367v1
Salmonella enterica	GCF_021545725.1	ASM2154572v1
Salmonella enterica	GCF_949361545.1	GENOMIC20-002
Escherichia coli	GCF_036870985.1	ASM3687098v1
Listeria monocytogenes	GCF_001644625.1	ASM164462v1
Escherichia coli	GCF_910591805.1	UR2111869Assembly
Escherichia coli	GCF_022493275.1	ASM2249327v1
Salmonella enterica	GCF_001623845.1	ASM162384v1
Escherichia coli	GCF_019971075.1	ASM1997107v1
Staphylococcus aureus	GCF_040365755.1	ASM4036575v1
Escherichia coli	GCF_016903935.1	ASM1690393v1
Staphylococcus aureus	GCF_020177155.3	ASM2017715v3
Escherichia coli	GCF_030037615.1	ASM3003761v1
Bacillus subtilis	GCF_027942395.1	ASM2794239v1
Pseudomonas aeruginosa	GCF_036232845.1	ASM3623284v1
Staphylococcus aureus	GCF_020389265.1	ASM2038926v1
Pseudomonas aeruginosa	GCF_023093975.1	ASM2309397v1
Staphylococcus aureus	GCF_025560825.1	ASM2556082v1
Pseudomonas aeruginosa	GCF_036232745.1	ASM3623274v1
Escherichia coli	GCF_023206695.1	ASM2320669v1
Escherichia coli	GCF_000468515.1	ASM46851v1
Escherichia coli	GCF_030053855.1	ASM3005385v1
Escherichia coli	GCF_016890105.1	ASM1689010v1
Staphylococcus aureus	GCF_020526105.1	ASM2052610v1
Bacillus subtilis	GCF_004101565.1	ASM410156v1
Bacillus subtilis	GCF_004101465.1	ASM410146v1
Escherichia coli	GCF_002078295.1	ASM207829v1
Pseudomonas aeruginosa	GCF_025021745.1	ASM2502174v1
Salmonella enterica	GCF_000625855.1	ASM62585v2
Escherichia coli	GCF_035972895.1	ASM3597289v1
Escherichia coli	GCF_036506655.1	ASM3650665v1
Salmonella enterica	GCF_002741885.1	ASM274188v1
Staphylococcus aureus	GCF_000025145.1	ASM2514v1
Staphylococcus aureus	GCF_038024725.1	WGS_using_MinION_R10.4.1_of_Staphylococcus_aureus_TUM22741
Escherichia coli	GCF_016889865.1	ASM1688986v1
Salmonella enterica	GCF_003184325.1	ASM318432v1
Escherichia coli	GCF_001900675.1	ASM190067v1
Staphylococcus aureus	GCF_030758895.1	ASM3075889v1
Escherichia coli	GCF_003073815.1	ASM307381v1
Pseudomonas aeruginosa	GCF_033225445.1	ASM3322544v1
Escherichia coli	GCF_009867015.2	ASM986701v2
Escherichia coli	GCF_001693315.1	ASM169331v1
Salmonella enterica	GCF_037887095.1	ASM3788709v1
Staphylococcus aureus	GCF_024363325.1	ASM2436332v1
Staphylococcus aureus	GCF_004193895.1	ASM419389v1
Limosilactobacillus fermentum	GCF_029223925.1	ASM2922392v1
Escherichia coli	GCF_009914295.1	ASM991429v1
Escherichia coli	GCF_030012725.1	ASM3001272v1
Escherichia coli	GCF_037280805.1	ASM3728080v1
Salmonella enterica	GCF_004798785.1	ASM479878v1
Listeria monocytogenes	GCF_009866905.1	ASM986690v1
Escherichia coli	GCF_001280405.1	ASM128040v1
Salmonella enterica	GCF_001441245.1	ASM144124v1
Staphylococcus aureus	GCF_020702575.2	ASM2070257v2
Escherichia coli	GCF_002012025.1	ASM201202v1
Escherichia coli	GCF_905330215.2	AI2852v1_cpp
Salmonella enterica	GCF_014854835.1	ASM1485483v1
Escherichia coli	GCF_037094565.1	ASM3709456v1
Salmonella enterica	GCF_027942095.1	ASM2794209v1
Escherichia coli	GCF_002079225.1	ASM207922v1
Pseudomonas aeruginosa	GCF_000829255.1	ASM82925v1
Escherichia coli	GCF_040763135.1	ASM4076313v1
Escherichia coli	GCF_018884485.1	ASM1888448v1
Escherichia coli	GCF_001280325.1	ASM128032v1
Staphylococcus aureus	GCF_021491835.1	ASM2149183v1
Salmonella enterica	GCF_001447115.1	ASM144711v1
Escherichia coli	GCF_022493655.1	ASM2249365v1
Listeria monocytogenes	GCF_001999125.1	ASM199912v1
Staphylococcus aureus	GCF_003194405.1	ASM319440v1
Listeria monocytogenes	GCF_018336655.1	ASM1833665v1
Escherichia coli	GCF_904864615.1	MSB1_7A
Listeria monocytogenes	GCF_028673815.1	ASM2867381v1
Pseudomonas aeruginosa	GCF_038069315.1	ASM3806931v2
Escherichia coli	GCF_021398935.1	ASM2139893v1
Pseudomonas aeruginosa	GCF_035205985.1	ASM3520598v1
Salmonella enterica	GCF_028893275.1	ASM2889327v1
Salmonella enterica	GCF_003717795.1	ASM371779v1
Listeria monocytogenes	GCF_006364035.1	ASM636403v1
Escherichia coli	GCF_001890285.2	ASM189028v2
Pseudomonas aeruginosa	GCF_009497675.1	ASM949767v1
Bacillus subtilis	GCF_019704475.1	ASM1970447v1
Salmonella enterica	GCF_003031875.1	ASM303187v1
Escherichia coli	GCF_900166955.1	E._coli_KV7
Staphylococcus aureus	GCF_003595445.1	ASM359544v1
Staphylococcus aureus	GCF_037199685.2	BSN81_Closure
Escherichia coli	GCF_036500925.1	ASM3650092v1
Escherichia coli	GCF_023658015.1	ASM2365801v1
Salmonella enterica	GCF_022936485.1	ASM2293648v1
Bacillus subtilis	GCF_039619305.1	ASM3961930v1
Escherichia coli	GCF_030708535.1	ASM3070853v1
Enterococcus faecalis	GCF_020882095.1	ASM2088209v1
Escherichia coli	GCF_000273425.1	Esch_coli_MG12655_V1
Escherichia coli	GCF_036505855.1	ASM3650585v1
Salmonella enterica	GCF_000623395.2	ASM62339v2
Listeria monocytogenes	GCF_002105635.1	ASM210563v1
Escherichia coli	GCF_003956425.1	ASM395642v1
Salmonella enterica	GCF_013377315.1	ASM1337731v1
Salmonella enterica	GCF_004919185.1	ASM491918v1
Escherichia coli	GCF_002968935.1	ASM296893v1
Escherichia coli	GCF_008926125.1	ASM892612v1
Bacillus subtilis	GCF_001704095.1	ASM170409v1
Salmonella enterica	GCF_030127065.1	ASM3012706v1
Staphylococcus aureus	GCF_900324065.1	24117-SCV
Escherichia coli	GCF_025908275.1	ASM2590827v1
Salmonella enterica	GCF_004919145.1	ASM491914v1
Escherichia coli	GCF_022494075.1	ASM2249407v1
Salmonella enterica	GCF_023379985.1	ASM2337998v1
Staphylococcus aureus	GCF_020702135.2	ASM2070213v2
Escherichia coli	GCF_000026245.1	ASM2624v1
Salmonella enterica	GCF_023330785.1	ASM2333078v1
Salmonella enterica	GCF_030436425.1	ASM3043642v1
Salmonella enterica	GCF_039778155.1	ASM3977815v1
Staphylococcus aureus	GCF_900474535.1	40853_C01
Staphylococcus aureus	GCF_015475575.1	ASM1547557v1
Escherichia coli	GCF_030013825.1	ASM3001382v1
Pseudomonas aeruginosa	GCF_016743035.1	ASM1674303v1
Staphylococcus aureus	GCF_030015595.1	ASM3001559v1
Salmonella enterica	GCF_002947135.1	ASM294713v1
Salmonella enterica	GCF_037826765.1	ASM3782676v1
Salmonella enterica	GCF_026873325.1	ASM2687332v1
Salmonella enterica	GCF_038381885.1	ASM3838188v1
Escherichia coli	GCF_036493855.1	ASM3649385v1
Staphylococcus aureus	GCF_022691405.1	ASM2269140v1
Enterococcus faecalis	GCF_023375265.1	ASM2337526v1
Pseudomonas aeruginosa	GCF_900070375.1	PAO1OR
Escherichia coli	GCF_022514105.1	ASM2251410v1
Salmonella enterica	GCF_004328765.1	ASM432876v1
Listeria monocytogenes	GCF_029872275.2	ASM2987227v2
Escherichia coli	GCF_030515555.1	ASM3051555v1
Escherichia coli	GCF_030515535.1	ASM3051553v1
Bacillus subtilis	GCF_000782835.1	ASM78283v1
Staphylococcus aureus	GCF_001515765.1	ASM151576v1
Escherichia coli	GCF_017900995.1	ASM1790099v1
Salmonella enterica	GCF_021474265.1	ASM2147426v1
Bacillus subtilis	GCF_040712175.1	JM553
Escherichia coli	GCF_039912305.1	ASM3991230v1
Salmonella enterica	GCF_031039875.1	ASM3103987v1
Listeria monocytogenes	GCF_002213685.1	ASM221368v1
Staphylococcus aureus	GCF_002803885.1	ASM280388v1
Enterococcus faecalis	GCF_028335685.1	ASM2833568v1
Salmonella enterica	GCF_002211845.1	ASM221184v1
Salmonella enterica	GCF_000020885.1	ASM2088v1
Staphylococcus aureus	GCF_003945405.1	ASM394540v1
Escherichia coli	GCF_037039445.1	ASM3703944v1
Pseudomonas aeruginosa	GCF_036835625.1	ASM3683562v1
Salmonella enterica	GCF_005094845.1	ASM509484v1
Escherichia coli	GCF_025677685.1	ASM2567768v1
Staphylococcus aureus	GCF_009176875.1	ASM917687v1
Escherichia coli	GCF_002163695.1	ASM216369v1
Staphylococcus aureus	GCF_001735655.2	ASM173565v2
Pseudomonas aeruginosa	GCF_032231045.1	ASM3223104v1
Salmonella enterica	GCF_900185485.1	BL60006
Bacillus subtilis	GCF_014171535.1	ASM1417153v1
Salmonella enterica	GCF_028993675.1	ASM2899367v1
Escherichia coli	GCF_000184185.1	ASM18418v1
Escherichia coli	GCF_002310615.1	ASM231061v1
Staphylococcus aureus	GCF_023657575.1	ASM2365757v1
Limosilactobacillus fermentum	GCF_029011825.1	ASM2901182v1
Escherichia coli	GCF_003017375.1	ASM301737v1
Escherichia coli	GCF_001900355.1	ASM190035v1
Pseudomonas aeruginosa	GCF_036232165.1	ASM3623216v1
Staphylococcus aureus	GCF_037039295.1	ASM3703929v1
Staphylococcus aureus	GCF_003354705.1	ASM335470v1
Salmonella enterica	GCF_001051625.2	ASM105162v2
Escherichia coli	GCF_019646015.1	ASM1964601v1
Escherichia coli	GCF_024300685.1	ASM2430068v1
Salmonella enterica	GCF_003718015.1	ASM371801v1
Staphylococcus aureus	GCF_030345235.1	ASM3034523v1
Escherichia coli	GCF_900520305.1	ASM90052030v1
Staphylococcus aureus	GCF_020388885.1	ASM2038888v1
Escherichia coli	GCF_015136895.1	ASM1513689v1
Escherichia coli	GCF_028743555.1	ASM2874355v1
Salmonella enterica	GCF_000743055.1	ASM74305v1
Escherichia coli	GCF_030028175.1	ASM3002817v1
Escherichia coli	GCF_022964775.1	ASM2296477v1
Pseudomonas aeruginosa	GCF_040735975.1	CI00795_hybrid_assembly
Bacillus subtilis	GCF_020773035.1	ASM2077303v1
Salmonella enterica	GCF_020714865.1	ASM2071486v1
Escherichia coli	GCF_905071865.1	MSB1_1D
Salmonella enterica	GCF_030931115.1	ASM3093111v1
Escherichia coli	GCF_022439465.1	ASM2243946v1
Salmonella enterica	GCF_900184385.1	STMU2UK
Escherichia coli	GCF_025996615.1	ASM2599661v1
Escherichia coli	GCF_016942655.1	ASM1694265v1
Escherichia coli	GCF_002057245.1	ASM205724v1
Pseudomonas aeruginosa	GCF_000496455.2	ASM49645v2
Escherichia coli	GCF_016903595.1	ASM1690359v1
Listeria monocytogenes	GCF_006364655.1	ASM636465v1
Pseudomonas aeruginosa	GCF_008033765.1	ASM803376v1
Staphylococcus aureus	GCF_003193785.1	ASM319378v1
Salmonella enterica	GCF_039778185.1	ASM3977818v1
Escherichia coli	GCF_902705295.2	Combinated_assembly_ONT-Illumina_-_2022_update
Escherichia coli	GCF_018884585.1	ASM1888458v1
Escherichia coli	GCF_014295255.1	ASM1429525v1
Pseudomonas aeruginosa	GCF_024089395.1	ASM2408939v1
Staphylococcus aureus	GCF_005889995.1	ASM588999v1
Pseudomonas aeruginosa	GCF_019443665.1	ASM1944366v1
Bacillus subtilis	GCF_019704435.1	ASM1970443v1
Escherichia coli	GCF_020526825.2	ASM2052682v2
Escherichia coli	GCF_003402955.1	ASM340295v1
Escherichia coli	GCF_016776385.1	ASM1677638v1
Escherichia coli	GCF_022846235.1	ASM2284623v1
Escherichia coli	GCF_964047955.1	30224_1_291
Listeria monocytogenes	GCF_029891535.2	ASM2989153v2
Listeria monocytogenes	GCF_014843335.1	ASM1484333v1
Escherichia coli	GCF_001651925.2	ASM165192v2
Escherichia coli	GCF_030389275.1	ASM3038927v1
Staphylococcus aureus	GCF_003354605.1	ASM335460v1
Salmonella enterica	GCF_009729955.1	ASM972995v1
Escherichia coli	GCF_016942615.1	ASM1694261v1
Listeria monocytogenes	GCF_016757715.1	ASM1675771v1
Listeria monocytogenes	GCF_001952755.1	ASM195275v1
Salmonella enterica	GCF_006088735.1	ASM608873v1
Staphylococcus aureus	GCF_003073635.1	ASM307363v1
Enterococcus faecalis	GCF_022212845.1	ASM2221284v1
Salmonella enterica	GCF_001454965.1	ASM145496v1
Pseudomonas aeruginosa	GCF_902172305.2	Pseudomonas_aeruginosa_PAKAF
Bacillus subtilis	GCF_009662415.1	ASM966241v1
Escherichia coli	GCF_904865835.1	MSB1_9I
Salmonella enterica	GCF_001931615.1	ASM193161v1
Escherichia coli	GCF_030169195.1	ASM3016919v1
Escherichia coli	GCF_037541525.1	ASM3754152v1
Escherichia coli	GCF_029870635.2	ASM2987063v2
Escherichia coli	GCF_900520395.1	ASM90052039v1
Escherichia coli	GCF_014117345.2	ASM1411734v2
Escherichia coli	GCF_024585505.1	ASM2458550v1
Escherichia coli	GCF_033802565.1	ASM3380256v1
Escherichia coli	GCF_014607555.1	ASM1460755v1
Salmonella enterica	GCF_028892765.1	ASM2889276v1
Escherichia coli	GCF_016811875.1	ASM1681187v1
Salmonella enterica	GCF_024364845.1	ASM2436484v1
Escherichia coli	GCF_002953795.1	ASM295379v1
Escherichia coli	GCF_002953895.1	ASM295389v1
Staphylococcus aureus	GCF_022405815.1	ASM2240581v1
Salmonella enterica	GCF_000020925.1	ASM2092v1
Salmonella enterica	GCF_019670285.1	ASM1967028v1
Staphylococcus aureus	GCF_034020215.1	ASM3402021v1
Salmonella enterica	GCF_028893035.1	ASM2889303v1
Staphylococcus aureus	GCF_018135565.1	ASM1813556v1
Escherichia coli	GCF_002142675.1	ASM214267v1
Escherichia coli	GCF_001901365.1	ASM190136v1
Escherichia coli	GCF_003956165.1	ASM395616v1
Staphylococcus aureus	GCF_022693265.1	ASM2269326v1
Escherichia coli	GCF_027944735.1	ASM2794473v1
Staphylococcus aureus	GCF_024741595.1	ASM2474159v1
Escherichia coli	GCF_030553115.1	ASM3055311v1
Staphylococcus aureus	GCF_900478245.1	35910_A02
Salmonella enterica	GCF_005144945.1	ASM514494v1
Escherichia coli	GCF_030988915.1	ASM3098891v1
Salmonella enterica	GCF_003971525.1	ASM397152v1
Pseudomonas aeruginosa	GCF_016105505.1	ASM1610550v1
Pseudomonas aeruginosa	GCF_033216995.1	ASM3321699v1
Salmonella enterica	GCF_037888895.1	ASM3788889v1
Staphylococcus aureus	GCF_000815165.1	ASM81516v1
Enterococcus faecalis	GCF_023299685.1	ASM2329968v1
Bacillus subtilis	GCF_004101445.1	ASM410144v1
Staphylococcus aureus	GCF_001278745.1	ASM127874v1
Salmonella enterica	GCF_014521465.1	ASM1452146v1
Salmonella enterica	GCF_030122355.1	ASM3012235v1
Pseudomonas aeruginosa	GCF_030034655.1	ASM3003465v1
Escherichia coli	GCF_000010765.1	ASM1076v1
Pseudomonas aeruginosa	GCF_016105665.1	ASM1610566v1
Escherichia coli	GCF_015534995.1	ASM1553499v1
Escherichia coli	GCF_002879975.1	ASM287997v1
Salmonella enterica	GCF_028747885.1	ASM2874788v1
Escherichia coli	GCF_963575575.1	F829
Escherichia coli	GCF_026248845.1	ASM2624884v1
Salmonella enterica	GCF_003067445.2	ASM306744v2
Escherichia coli	GCF_024585025.1	ASM2458502v1
Enterococcus faecalis	GCF_022691465.1	ASM2269146v1
Pseudomonas aeruginosa	GCF_001515915.2	ASM151591v2
Escherichia coli	GCF_008761535.2	ASM876153v3
Pseudomonas aeruginosa	GCF_009911735.1	ASM991173v1
Escherichia coli	GCF_032681165.1	ASM3268116v1
Escherichia coli	GCF_013315675.1	ASM1331567v1
Staphylococcus aureus	GCF_022691425.1	ASM2269142v1
Salmonella enterica	GCF_022559445.1	ASM2255944v1
Salmonella enterica	GCF_000486045.2	ASM48604v2
Escherichia coli	GCF_002863685.1	ASM286368v1
Escherichia coli	GCF_026651185.1	ASM2665118v1
Escherichia coli	GCF_034338325.2	ASM3433832v2
Escherichia coli	GCF_013085185.1	ASM1308518v1
Salmonella enterica	GCF_012051085.1	ASM1205108v1
Escherichia coli	GCF_003336405.1	ASM333640v1
Staphylococcus aureus	GCF_002895385.1	ASM289538v1
Salmonella enterica	GCF_000624055.2	ASM62405v2
Bacillus subtilis	GCF_029637165.1	ASM2963716v1
Escherichia coli	GCF_016904255.1	ASM1690425v1
Listeria monocytogenes	GCF_018604265.1	ASM1860426v1
Escherichia coli	GCF_022488205.1	ASM2248820v1
Staphylococcus aureus	GCF_009912535.1	ASM991253v1
Pseudomonas aeruginosa	GCF_022670795.1	ASM2267079v1
Escherichia coli	GCF_025996315.1	ASM2599631v1
Escherichia coli	GCF_000974535.1	ASM97453v1
Staphylococcus aureus	GCF_011032785.1	ASM1103278v1
Listeria monocytogenes	GCF_000438605.1	ASM43860v1
Enterococcus faecalis	GCF_020882075.1	ASM2088207v1
Enterococcus faecalis	GCF_025958925.1	ASM2595892v1
Staphylococcus aureus	GCF_019551095.1	ASM1955109v1
Enterococcus faecalis	GCF_032680925.1	ASM3268092v1
Staphylococcus aureus	GCF_009739695.1	ASM973969v1
Enterococcus faecalis	GCF_023299225.1	ASM2329922v1
Staphylococcus aureus	GCF_034040575.1	ASM3404057v1
Escherichia coli	GCF_040267585.1	MRSN129130
Salmonella enterica	GCF_030122435.1	ASM3012243v1
Listeria monocytogenes	GCF_018604245.1	ASM1860424v1
Escherichia coli	GCF_023653885.1	ASM2365388v1
Escherichia coli	GCF_015139155.1	ASM1513915v1
Escherichia coli	GCF_022494825.1	ASM2249482v1
Pseudomonas aeruginosa	GCF_037267025.1	ASM3726702v1
Escherichia coli	GCF_012934675.1	ASM1293467v1
Escherichia coli	GCF_004010595.1	ASM401059v1
Escherichia coli	GCF_016944755.1	ASM1694475v1
Limosilactobacillus fermentum	GCF_018866265.1	ASM1886626v1
Staphylococcus aureus	GCF_033802645.2	ASM3380264v2
Salmonella enterica	GCF_001692575.1	ASM169257v1
Pseudomonas aeruginosa	GCF_000496645.1	ASM49664v1
Escherichia coli	GCF_016903835.1	ASM1690383v1
Escherichia coli	GCF_900196535.2	ASM90019653v2
Escherichia coli	GCF_017165395.1	ASM1716539v1
Salmonella enterica	GCF_001705055.1	ASM170505v1
Escherichia coli	GCF_003018375.1	ASM301837v1
Staphylococcus aureus	GCF_003354745.1	ASM335474v1
Staphylococcus aureus	GCF_034043215.1	ASM3404321v1
Escherichia coli	GCF_022759805.1	ASM2275980v1
Staphylococcus aureus	GCF_009912415.1	ASM991241v1
Staphylococcus aureus	GCF_020702615.2	ASM2070261v2
Salmonella enterica	GCF_001690135.1	ASM169013v1
Pseudomonas aeruginosa	GCF_019466095.1	ASM1946609v1
Escherichia coli	GCF_013084945.1	ASM1308494v1
Escherichia coli	GCF_901733115.1	Escherichia_coli_MAD
Escherichia coli	GCF_037744325.1	ASM3774432v1
Enterococcus faecalis	GCF_000391485.2	ASM39148v2
Pseudomonas aeruginosa	GCF_022638055.1	ASM2263805v1
Salmonella enterica	GCF_003030125.1	ASM303012v1
Staphylococcus aureus	GCF_032077755.1	ASM3207775v1
Staphylococcus aureus	GCF_020389505.1	ASM2038950v1
Escherichia coli	GCF_024585925.1	ASM2458592v1
Salmonella enterica	GCF_031039735.1	ASM3103973v1
Staphylococcus aureus	GCF_001019125.2	ASM101912v2
Escherichia coli	GCF_000258025.1	ASM25802v1
Salmonella enterica	GCF_019670345.1	ASM1967034v1
Pseudomonas aeruginosa	GCF_036237035.1	ASM3623703v1
Escherichia coli	GCF_021390295.2	ASM2139029v2
Salmonella enterica	GCF_003986675.1	ASM398667v1
Escherichia coli	GCF_016904435.1	ASM1690443v1
Staphylococcus aureus	GCF_001019435.2	ASM101943v2
Escherichia coli	GCF_018884445.1	ASM1888444v1
Salmonella enterica	GCF_003717675.1	ASM371767v1
Pseudomonas aeruginosa	GCF_025908315.1	ASM2590831v1
Escherichia coli	GCF_014217155.1	ASM1421715v1
Pseudomonas aeruginosa	GCF_001516105.1	ASM151610v1
Escherichia coli	GCF_023658265.1	ASM2365826v1
Salmonella enterica	GCF_024266345.1	ASM2426634v1
Bacillus subtilis	GCF_003665215.1	ASM366521v1
Salmonella enterica	GCF_001620135.2	ASM162013v2
Escherichia coli	GCF_002012165.1	ASM201216v1
Listeria monocytogenes	GCF_001999025.1	ASM199902v1
Escherichia coli	GCF_002741575.1	ASM274157v1
Staphylococcus aureus	GCF_030534215.1	ASM3053421v1
Salmonella enterica	GCF_037822845.1	ASM3782284v1
Bacillus subtilis	GCF_009662455.1	ASM966245v1
Escherichia coli	GCF_004114395.1	ASM411439v1
Escherichia coli	GCF_022576915.1	ASM2257691v1
Pseudomonas aeruginosa	GCF_036233235.1	ASM3623323v1
Listeria monocytogenes	GCF_003900515.1	ASM390051v2
Enterococcus faecalis	GCF_028335705.1	ASM2833570v1
Salmonella enterica	GCF_025399015.1	ASM2539901v1
Escherichia coli	GCF_040543435.1	ASM4054343v1
Escherichia coli	GCF_014169995.1	ASM1416999v1
Salmonella enterica	GCF_003064365.2	ASM306436v2
Salmonella enterica	GCF_015241115.1	ASM1524111v1
Escherichia coli	GCF_003571765.1	ASM357176v1
Escherichia coli	GCF_029542125.1	ASM2954212v1
Staphylococcus aureus	GCF_025559565.1	ASM2555956v1
Escherichia coli	GCF_030707995.1	ASM3070799v1
Escherichia coli	GCF_030345415.1	ASM3034541v1
Salmonella enterica	GCF_008727535.1	ASM872753v1
Bacillus subtilis	GCF_905310985.2	NRS6099B
Escherichia coli	GCF_002843685.1	ASM284368v1
Escherichia coli	GCF_009627495.1	ASM962749v1
Bacillus subtilis	GCF_039880445.1	ASM3988044v1
Escherichia coli	GCF_016776185.1	ASM1677618v1
Pseudomonas aeruginosa	GCF_030444495.1	ASM3044449v1
Bacillus subtilis	GCF_023702515.1	ASM2370251v1
Salmonella enterica	GCF_001833305.2	ASM183330v2
Salmonella enterica	GCF_011465815.1	ASM1146581v1
Salmonella enterica	GCF_016454425.1	ASM1645442v1
Escherichia coli	GCF_010365345.1	ASM1036534v1
Salmonella enterica	GCF_003130605.1	ASM313060v1
Escherichia coli	GCF_000332755.1	ASM33275v1
Staphylococcus aureus	GCF_014696685.1	ASM1469668v2
Bacillus subtilis	GCF_040616335.1	TIED-A
Bacillus subtilis	GCF_002202035.1	ASM220203v1
Salmonella enterica	GCF_001956735.1	ASM195673v1
Staphylococcus aureus	GCF_009912975.1	ASM991297v1
Pseudomonas aeruginosa	GCF_016745155.1	ASM1674515v1
Escherichia coli	GCF_022759845.1	ASM2275984v1
Escherichia coli	GCF_002090355.1	ASM209035v1
Staphylococcus aureus	GCF_036670075.1	ASM3667007v1
Salmonella enterica	GCF_027920345.1	ASM2792034v1
Escherichia coli	GCF_022494605.1	ASM2249460v1
Staphylococcus aureus	GCF_033952345.2	BSN53_Closure
Salmonella enterica	GCF_022559345.1	ASM2255934v1
Salmonella enterica	GCF_003717515.1	ASM371751v1
Escherichia coli	GCF_014854675.1	ASM1485467v1
Escherichia coli	GCF_023657995.1	ASM2365799v1
Escherichia coli	GCF_029988575.1	ASM2998857v1
Listeria monocytogenes	GCF_001005985.1	ASM100598v1
Salmonella enterica	GCF_005890095.1	ASM589009v1
Staphylococcus aureus	GCF_037095045.2	BSN77_Closure
Escherichia coli	GCF_022591475.1	ASM2259147v1
Salmonella enterica	GCF_000483715.2	ASM48371v2
Staphylococcus aureus	GCF_036670125.1	ASM3667012v1
Staphylococcus aureus	GCF_003354665.1	ASM335466v1
Escherichia coli	GCF_025995475.1	ASM2599547v1
Pseudomonas aeruginosa	GCF_027570795.1	ASM2757079v1
Salmonella enterica	GCF_006517015.1	ASM651701v1
Escherichia coli	GCF_025369915.1	ASM2536991v1
Escherichia coli	GCF_009618015.1	ASM961801v1
Pseudomonas aeruginosa	GCF_027570935.1	ASM2757093v1
Pseudomonas aeruginosa	GCF_022810945.1	ASM2281094v1
Escherichia coli	GCF_015535015.1	ASM1553501v1
Escherichia coli	GCF_021534885.1	ASM2153488v1
Escherichia coli	GCF_016939795.1	ASM1693979v1
Pseudomonas aeruginosa	GCF_009648875.1	ASM964887v1
Salmonella enterica	GCF_015732575.1	S520
Staphylococcus aureus	GCF_037199595.2	BSN92_Closure
Staphylococcus aureus	GCF_002089095.2	ASM208909v2
Pseudomonas aeruginosa	GCF_000284555.1	ASM28455v1
Escherichia coli	GCF_015571795.1	ASM1557179v1
Escherichia coli	GCF_009720605.1	ASM972060v1
Staphylococcus aureus	GCF_015774815.1	ASM1577481v1
Pseudomonas aeruginosa	GCF_019915485.1	ASM1991548v1
Escherichia coli	GCF_040549815.1	ASM4054981v1
Salmonella enterica	GCF_018460045.1	ASM1846004v1
Salmonella enterica	GCF_002507745.2	ASM250774v2
Salmonella enterica	GCF_015052745.1	ASM1505274v1
Pseudomonas aeruginosa	GCF_003369775.1	ASM336977v1
Staphylococcus aureus	GCF_003354905.1	ASM335490v1
Pseudomonas aeruginosa	GCF_027571055.1	ASM2757105v1
Staphylococcus aureus	GCF_002085525.1	ASM208552v1
Enterococcus faecalis	GCF_023375545.1	ASM2337554v1
Escherichia coli	GCF_028551585.1	ASM2855158v1
Escherichia coli	GCF_030013575.1	ASM3001357v1
Escherichia coli	GCF_000021125.1	ASM2112v1
Salmonella enterica	GCF_022350005.1	ASM2235000v1
Escherichia coli	GCF_022493255.1	ASM2249325v1
Listeria monocytogenes	GCF_030168205.1	ASM3016820v1
Escherichia coli	GCF_034641715.1	ASM3464171v1
Escherichia coli	GCF_012934575.1	ASM1293457v1
Enterococcus faecalis	GCF_016743895.1	ASM1674389v1
Salmonella enterica	GCF_002983965.1	ASM298396v1
Escherichia coli	GCF_900174635.1	WI2
Escherichia coli	GCF_002741475.1	ASM274147v1
Salmonella enterica	GCF_001051695.2	ASM105169v2
Escherichia coli	GCF_022493675.1	ASM2249367v1
Escherichia coli	GCF_011044355.1	ASM1104435v1
Escherichia coli	GCF_009832985.1	ASM983298v1
Salmonella enterica	GCF_037771175.1	ASM3777117v1
Staphylococcus aureus	GCF_003944865.1	ASM394486v1
Staphylococcus aureus	GCF_000204665.1	ASM20466v1
Salmonella enterica	GCF_003641285.1	ASM364128v1
Salmonella enterica	GCF_001623705.1	ASM162370v1
Staphylococcus aureus	GCF_009731595.1	ASM973159v1
Escherichia coli	GCF_014076685.2	ASM1407668v2
Salmonella enterica	GCF_022936405.1	ASM2293640v1
Salmonella enterica	GCF_001834965.2	ASM183496v2
Escherichia coli	GCF_029909715.1	ASM2990971v1
Escherichia coli	GCF_003571825.1	ASM357182v1
Escherichia coli	GCF_019375055.2	ASM1937505v2
Salmonella enterica	GCF_028892865.1	ASM2889286v1
Staphylococcus aureus	GCF_017161095.1	ASM1716109v1
Salmonella enterica	GCF_001756025.2	ASM175602v2
Listeria monocytogenes	GCF_001999145.1	ASM199914v1
Escherichia coli	GCF_020809385.1	ASM2080938v1
Escherichia coli	GCF_023206675.1	ASM2320667v1
Escherichia coli	GCF_002142715.1	ASM214271v1
Escherichia coli	GCF_014904315.2	ASM1490431v2
Salmonella enterica	GCF_019339425.1	ASM1933942v1
Escherichia coli	GCF_020827655.1	ASM2082765v1
Escherichia coli	GCF_036884395.1	ASM3688439v1
Limosilactobacillus fermentum	GCF_030291755.1	ASM3029175v1
Salmonella enterica	GCF_016454245.1	ASM1645424v1
Escherichia coli	GCF_001442495.1	ASM144249v1
Escherichia coli	GCF_001280385.1	ASM128038v1
Escherichia coli	GCF_016775985.1	ASM1677598v1
Escherichia coli	GCF_020042705.1	ASM2004270v1
Escherichia coli	GCF_018141125.1	ASM1814112v1
Staphylococcus aureus	GCF_025559125.1	ASM2555912v1
Pseudomonas aeruginosa	GCF_029961665.1	ASM2996166v1
Escherichia coli	GCF_902703415.1	Combinated_assembly_ONT_-_Illumina
Escherichia coli	GCF_036502285.1	ASM3650228v1
Staphylococcus aureus	GCF_023170045.1	ASM2317004v1
Salmonella enterica	GCF_000335995.2	ASM33599v2
Escherichia coli	GCF_900636795.1	44087_H02
Escherichia coli	GCF_015277555.1	ASM1527755v1
Escherichia coli	GCF_022493215.1	ASM2249321v1
Bacillus subtilis	GCF_905315015.2	NRS6132B
Escherichia coli	GCF_037750835.1	ASM3775083v1
Pseudomonas aeruginosa	GCF_036237095.1	ASM3623709v1
Escherichia coli	GCF_002056635.1	ASM205663v1
Pseudomonas aeruginosa	GCF_027571035.1	ASM2757103v1
Staphylococcus aureus	GCF_900636695.1	43874_B01
Escherichia coli	GCF_036501505.1	ASM3650150v1
Pseudomonas aeruginosa	GCF_008245185.1	ASM824518v1
Bacillus subtilis	GCF_004119655.1	ASM411965v1
Pseudomonas aeruginosa	GCF_003288435.1	ASM328843v1
Escherichia coli	GCF_013357345.1	ASM1335734v1
Enterococcus faecalis	GCF_036280735.1	ASM3628073v1
Listeria monocytogenes	GCF_002214145.1	ASM221414v1
Salmonella enterica	GCF_028551175.1	ASM2855117v1
Staphylococcus aureus	GCF_024612055.1	ASM2461205v1
Escherichia coli	GCF_951802865.1	ARM86
Salmonella enterica	GCF_004135835.1	ASM413583v1
Escherichia coli	GCF_018884525.1	ASM1888452v1
Staphylococcus aureus	GCF_022693285.1	ASM2269328v1
Escherichia coli	GCF_037563415.1	ASM3756341v1
Escherichia coli	GCF_033802465.1	ASM3380246v1
Salmonella enterica	GCF_001558355.2	ASM155835v2
Staphylococcus aureus	GCF_000462955.1	ASM46295v1
Escherichia coli	GCF_019355475.1	ASM1935547v1
Staphylococcus aureus	GCF_022369535.1	ASM2236953v1
Staphylococcus aureus	GCF_004118995.1	ASM411899v1
Bacillus subtilis	GCF_037201935.1	ASM3720193v1
Staphylococcus aureus	GCF_003354565.1	ASM335456v1
Salmonella enterica	GCF_003325215.1	ASM332521v1
Pseudomonas aeruginosa	GCF_036418145.1	ASM3641814v1
Escherichia coli	GCF_030295055.1	ASM3029505v1
Pseudomonas aeruginosa	GCF_013347245.1	ASM1334724v1
Escherichia coli	GCF_024585645.1	ASM2458564v1
Escherichia coli	GCF_026247825.1	ASM2624782v1
Staphylococcus aureus	GCF_009912375.1	ASM991237v1
Staphylococcus aureus	GCF_003031425.1	ASM303142v1
Pseudomonas aeruginosa	GCF_023612335.1	ASM2361233v1
Bacillus subtilis	GCF_004101365.1	ASM410136v1
Bacillus subtilis	GCF_022654795.1	ASM2265479v1
Listeria monocytogenes	GCF_008807915.1	ASM880791v1
Escherichia coli	GCF_024735245.1	ASM2473524v1
Escherichia coli	GCF_013167155.1	ASM1316715v1
Salmonella enterica	GCF_008727595.1	ASM872759v1
Salmonella enterica	GCF_009017335.1	ASM901733v1
Escherichia coli	GCF_007995175.1	ASM799517v1
Escherichia coli	GCF_004759025.1	ASM475902v1
Escherichia coli	GCF_013168215.1	ASM1316821v1
Escherichia coli	GCF_013694465.1	ASM1369446v1
Salmonella enterica	GCF_016025375.1	ASM1602537v1
Escherichia coli	GCF_001183685.1	ASM118368v1
Escherichia coli	GCF_002716885.1	ASM271688v1
Staphylococcus aureus	GCF_009911855.1	ASM991185v1
Pseudomonas aeruginosa	GCF_025200845.1	ASM2520084v1
Escherichia coli	GCF_001677515.1	ASM167751v1
Salmonella enterica	GCF_037775235.1	ASM3777523v1
Salmonella enterica	GCF_000626335.1	ASM62633v1
Bacillus subtilis	GCF_034258595.1	ASM3425859v1
Staphylococcus aureus	GCF_038024735.1	WGS_using_MinION_R10.4.1_of_Staphylococcus_aureus_TUM22730
Pseudomonas aeruginosa	GCF_001900225.1	ASM190022v1
Staphylococcus aureus	GCF_030758855.1	ASM3075885v1
Staphylococcus aureus	GCF_030533955.1	ASM3053395v1
Escherichia coli	GCF_002952095.1	ASM295209v1
Escherichia coli	GCF_008761515.1	ASM876151v1
Staphylococcus aureus	GCF_001548295.1	ASM154829v1
Escherichia coli	GCF_916098155.1	CNR65D6gen
Staphylococcus aureus	GCF_037414495.1	BSN131
Staphylococcus aureus	GCF_019551355.1	ASM1955135v1
Pseudomonas aeruginosa	GCF_001516165.2	ASM151616v2
Staphylococcus aureus	GCF_020389485.1	ASM2038948v1
Escherichia coli	GCF_013167775.1	ASM1316777v1
Staphylococcus aureus	GCF_000237265.1	ASM23726v1
Staphylococcus aureus	GCF_020889645.1	ASM2088964v1
Listeria monocytogenes	GCF_000613085.1	R479A_18022011
Escherichia coli	GCF_005221925.1	ASM522192v1
Escherichia coli	GCF_028609765.1	ASM2860976v1
Staphylococcus aureus	GCF_001548415.1	ASM154841v1
Escherichia coli	GCF_030013435.1	ASM3001343v1
Escherichia coli	GCF_002310635.1	ASM231063v1
Escherichia coli	GCF_016767775.1	ASM1676777v1
Salmonella enterica	GCF_001620155.1	ASM162015v1
Salmonella enterica	GCF_039778205.1	ASM3977820v1
Pseudomonas aeruginosa	GCF_027570895.1	ASM2757089v1
Escherichia coli	GCF_033098885.1	ASM3309888v1
Escherichia coli	GCF_000978845.2	ASM97884v2
Enterococcus faecalis	GCF_017280035.1	ASM1728003v1
Escherichia coli	GCF_024585785.1	ASM2458578v1
Escherichia coli	GCF_037572835.1	ASM3757283v1
Staphylococcus aureus	GCF_000009645.1	ASM964v1
Escherichia coli	GCF_034644455.1	ASM3464445v1
Staphylococcus aureus	GCF_026625925.1	ASM2662592v1
Escherichia coli	GCF_002587005.1	ASM258700v1
Escherichia coli	GCF_030908665.1	ASM3090866v1
Staphylococcus aureus	GCF_003354545.1	ASM335454v1
Pseudomonas aeruginosa	GCF_022569855.1	ASM2256985v1
Escherichia coli	GCF_025995415.1	ASM2599541v1
Staphylococcus aureus	GCF_020702545.2	ASM2070254v2
Bacillus subtilis	GCF_002142595.1	ASM214259v1
Salmonella enterica	GCF_001975555.1	ASM197555v1
Salmonella enterica	GCF_001975645.1	ASM197564v1
Staphylococcus aureus	GCF_022494565.1	ASM2249456v1
Escherichia coli	GCF_016432805.1	ASM1643280v1
Escherichia coli	GCF_016904075.1	ASM1690407v1
Escherichia coli	GCF_000599685.1	ASM59968v1
Salmonella enterica	GCF_029591745.1	ASM2959174v1
Escherichia coli	GCF_034640615.1	ASM3464061v1
Staphylococcus aureus	GCF_019551235.1	ASM1955123v1
Salmonella enterica	GCF_000430145.2	ASM43014v3
Salmonella enterica	GCF_029692005.1	ASM2969200v1
Escherichia coli	GCF_002951795.1	ASM295179v1
Listeria monocytogenes	GCF_002105655.1	ASM210565v1
Escherichia coli	GCF_014622725.1	ASM1462272v1
Salmonella enterica	GCF_028893335.1	ASM2889333v1
Escherichia coli	GCF_025398375.1	ASM2539837v1
Pseudomonas aeruginosa	GCF_002205335.1	ASM220533v1
Salmonella enterica	GCF_026248385.1	ASM2624838v1
Escherichia coli	GCF_033970845.1	ASM3397084v1
Salmonella enterica	GCF_023518175.1	ASM2351817v1
Escherichia coli	GCF_030995165.1	ASM3099516v1
Pseudomonas aeruginosa	GCF_023101265.1	ASM2310126v1
Salmonella enterica	GCF_029592045.1	ASM2959204v1
Escherichia coli	GCF_029674705.1	ASM2967470v1
Escherichia coli	GCF_026248885.1	ASM2624888v1
Salmonella enterica	GCF_001975305.1	ASM197530v1
Staphylococcus aureus	GCF_038788575.1	18-02202-1_RKI_Sau
Salmonella enterica	GCF_025808275.1	ASM2580827v1
Pseudomonas aeruginosa	GCF_001447845.1	ASM144784v1
Escherichia coli	GCF_014295275.1	ASM1429527v1
Listeria monocytogenes	GCF_002213865.1	ASM221386v1
Staphylococcus aureus	GCF_004026165.1	ASM402616v1
Escherichia coli	GCF_026506375.1	ASM2650637v1
Escherichia coli	GCF_024508155.1	ASM2450815v1
Escherichia coli	GCF_900636055.1	38656_H02
Escherichia coli	GCF_016889025.1	ASM1688902v1
Escherichia coli	GCF_900618295.1	ecoli019
Pseudomonas aeruginosa	GCF_900636755.1	43941_E01
Salmonella enterica	GCF_003181075.1	ASM318107v1
Salmonella enterica	GCF_008313815.1	ASM831381v1
Salmonella enterica	GCF_004328805.1	ASM432880v1
Bacillus subtilis	GCF_020311615.1	ASM2031161v1
Escherichia coli	GCF_014858525.1	ASM1485852v1
Escherichia coli	GCF_004135915.1	ASM413591v1
Salmonella enterica	GCF_000623615.2	ASM62361v2
Pseudomonas aeruginosa	GCF_027570815.1	ASM2757081v1
Escherichia coli	GCF_024918195.1	ASM2491819v1
Staphylococcus aureus	GCF_013008375.1	ASM1300837v1
Enterococcus faecalis	GCF_028335445.1	ASM2833544v1
Pseudomonas aeruginosa	GCF_036232225.1	ASM3623222v1
Escherichia coli	GCF_034422435.1	ASM3442243v1
Escherichia coli	GCF_030035525.1	ASM3003552v1
Escherichia coli	GCF_017570605.1	ASM1757060v1
Staphylococcus aureus	GCF_029011215.1	ASM2901121v1
Salmonella enterica	GCF_000698515.2	ASM69851v2
Escherichia coli	GCF_009664205.1	ASM966420v1
Escherichia coli	GCF_022493835.1	ASM2249383v1
Bacillus subtilis	GCF_001697265.1	ASM169726v1
Escherichia coli	GCF_008931185.1	ASM893118v1
Escherichia coli	GCF_001901465.1	ASM190146v1
Staphylococcus aureus	GCF_038096235.1	BSN183
Escherichia coli	GCF_025244625.1	ASM2524462v1
Escherichia coli	GCF_013459015.1	ASM1345901v1
Listeria monocytogenes	GCF_002103235.2	ASM210323v2
Salmonella enterica	GCF_006165205.1	ASM616520v1
Salmonella enterica	GCF_009806735.1	ASM980673v1
Escherichia coli	GCF_002012005.1	ASM201200v1
Escherichia coli	GCF_003956305.1	ASM395630v1
Escherichia coli	GCF_022964895.1	ASM2296489v1
Salmonella enterica	GCF_016071195.1	ASM1607119v1
Staphylococcus aureus	GCF_900607285.1	BPH3244
Escherichia coli	GCF_964053165.1	30224_1_38
Salmonella enterica	GCF_001890165.1	ASM189016v1
Escherichia coli	GCF_017164915.1	ASM1716491v1
Staphylococcus aureus	GCF_002202075.1	ASM220207v1
Escherichia coli	GCF_034337405.2	ASM3433740v2
Salmonella enterica	GCF_037055435.1	ASM3705543v1
Enterococcus faecalis	GCF_013344625.1	ASM1334462v1
Salmonella enterica	GCF_031036455.1	ASM3103645v1
Escherichia coli	GCF_904866305.1	MINF_2E
Staphylococcus aureus	GCF_010669265.1	ASM1066926v1
Salmonella enterica	GCF_001629775.1	ASM162977v1
Escherichia coli	GCF_023539015.1	ASM2353901v1
Salmonella enterica	GCF_004919405.1	ASM491940v1
Salmonella enterica	GCF_003864035.1	ASM386403v1
Escherichia coli	GCF_013694285.1	ASM1369428v1
Escherichia coli	GCF_001682305.2	ASM168230v2
Escherichia coli	GCF_022869945.1	ASM2286994v1
Staphylococcus aureus	GCF_003354885.1	ASM335488v1
Listeria monocytogenes	GCF_000513695.1	ASM51369v1
Escherichia coli	GCF_004358965.1	ASM435896v1
Escherichia coli	GCF_905332395.2	AI2894v1_cpp
Escherichia coli	GCF_036362825.1	ASM3636282v1
Salmonella enterica	GCF_025311075.1	ASM2531107v1
Escherichia coli	GCF_030389695.1	ASM3038969v1
Escherichia coli	GCF_023657975.1	ASM2365797v1
Escherichia coli	GCF_029590495.1	ASM2959049v1
Staphylococcus aureus	GCF_023278065.1	ASM2327806v1
Escherichia coli	GCF_025996495.1	ASM2599649v1
Enterococcus faecalis	GCF_025958865.1	ASM2595886v1
Staphylococcus aureus	GCF_008619415.1	ASM861941v1
Salmonella enterica	GCF_016451985.1	ASM1645198v1
Escherichia coli	GCF_963575445.1	F247
Pseudomonas aeruginosa	GCF_027571155.1	ASM2757115v1
Escherichia coli	GCF_032295145.1	ASM3229514v1
Staphylococcus aureus	GCF_038025155.1	WGS_using_MinION_R10.4.1_of_Staphylococcus_aureus_TUM22702
Escherichia coli	GCF_040554455.1	ASM4055445v1
Bacillus subtilis	GCF_001720505.1	ASM172050v1
Staphylococcus aureus	GCF_005931055.2	ASM593105v2
Staphylococcus aureus	GCF_023658665.1	ASM2365866v1
Pseudomonas aeruginosa	GCF_031326325.1	ASM3132632v1
Enterococcus faecalis	GCF_006494855.1	ASM649485v1
Escherichia coli	GCF_002863665.1	ASM286366v1
Escherichia coli	GCF_016776365.1	ASM1677636v1
Staphylococcus aureus	GCF_009914455.1	ASM991445v1
Staphylococcus aureus	GCF_003432365.1	ASM343236v1
Staphylococcus aureus	GCF_900324225.1	7_4623
Salmonella enterica	GCF_002209205.2	ASM220920v2
Escherichia coli	GCF_001645235.2	ASM164523v2
Escherichia coli	GCF_027925565.1	ASM2792556v1
Salmonella enterica	GCF_024266245.1	ASM2426624v1
Staphylococcus aureus	GCF_001611425.1	ASM161142v1
Escherichia coli	GCF_016903315.1	ASM1690331v1
Escherichia coli	GCF_019428725.1	ASM1942872v1
Salmonella enterica	GCF_003325075.1	ASM332507v1
Escherichia coli	GCF_016806025.1	ASM1680602v1
Escherichia coli	GCF_024917375.1	ASM2491737v1
Escherichia coli	GCF_001021595.1	ASM102159v1
Salmonella enterica	GCF_027701665.1	ASM2770166v1
Staphylococcus aureus	GCF_038429905.1	ASM3842990v1
Staphylococcus aureus	GCF_003490125.1	ASM349012v1
Pseudomonas aeruginosa	GCF_040581105.1	ASM4058110v1
Escherichia coli	GCF_002142695.1	ASM214269v1
Listeria monocytogenes	GCF_000306985.1	ASM30698v1
Salmonella enterica	GCF_002763415.1	ASM276341v1
Salmonella enterica	GCF_012049805.1	ASM1204980v1
Staphylococcus aureus	GCF_018336515.1	ASM1833651v1
Escherichia coli	GCF_003432305.1	ASM343230v1
Escherichia coli	GCF_022493015.1	ASM2249301v1
Escherichia coli	GCF_025642235.1	ASM2564223v1
Escherichia coli	GCF_003956245.1	ASM395624v1
Staphylococcus aureus	GCF_001515665.1	ASM151566v1
Escherichia coli	GCF_003204955.1	ASM320495v1
Escherichia coli	GCF_013374315.1	ASM1337431v1
Escherichia coli	GCF_000148365.1	ASM14836v1
Escherichia coli	GCF_017868515.1	ASM1786851v1
Staphylococcus aureus	GCF_019550945.1	ASM1955094v1
Escherichia coli	GCF_015290725.1	ASM1529072v1
Salmonella enterica	GCF_000011885.1	ASM1188v1
Salmonella enterica	GCF_025259525.1	ASM2525952v1
Bacillus subtilis	GCF_039621185.1	ASM3962118v1
Staphylococcus aureus	GCF_030014065.1	ASM3001406v1
Staphylococcus aureus	GCF_000160335.2	ASM16033v2
Escherichia coli	GCF_040549715.1	ASM4054971v1
Escherichia coli	GCF_003018455.1	ASM301845v1
Escherichia coli	GCF_003018615.1	ASM301861v1
Enterococcus faecalis	GCF_000281195.1	ASM28119v1
Escherichia coli	GCF_020149705.1	ASM2014970v1
Escherichia coli	GCF_037225585.1	ASM3722558v1
Staphylococcus aureus	GCF_022869625.1	ASM2286962v1
Pseudomonas aeruginosa	GCF_035621175.1	ASM3562117v1
Escherichia coli	GCF_002854065.1	ASM285406v1
Salmonella enterica	GCF_040822535.1	ASM4082253v1
Staphylococcus aureus	GCF_025559805.1	ASM2555980v1
Staphylococcus aureus	GCF_040361795.1	ASM4036179v1
Salmonella enterica	GCF_009664615.1	ASM966461v1
Escherichia coli	GCF_024499265.1	ASM2449926v1
Limosilactobacillus fermentum	GCF_030770375.1	ASM3077037v1
Staphylococcus aureus	GCF_037076495.1	ASM3707649v1
Escherichia coli	GCF_029990375.1	ASM2999037v1
Escherichia coli	GCF_001007915.1	ASM100791v1
Escherichia coli	GCF_022058225.1	ASM2205822v1
Salmonella enterica	GCF_000623195.2	ASM62319v2
Salmonella enterica	GCF_003718435.1	ASM371843v1
Escherichia coli	GCF_032385915.1	ASM3238591v1
Staphylococcus aureus	GCF_008619935.1	ASM861993v1
Salmonella enterica	GCF_037824785.1	ASM3782478v1
Salmonella enterica	GCF_001623765.2	ASM162376v2
Escherichia coli	GCF_949361525.1	GENOMIC20-004
Escherichia coli	GCF_003956325.1	ASM395632v1
Escherichia coli	GCF_002591135.1	ASM259113v1
Staphylococcus aureus	GCF_000746505.1	ASM74650v1
Listeria monocytogenes	GCF_009648615.1	ASM964861v1
Bacillus subtilis	GCF_029027845.1	ASM2902784v1
Escherichia coli	GCF_029227875.1	ASM2922787v1
Staphylococcus aureus	GCF_026625325.1	ASM2662532v1
Salmonella enterica	GCF_009728795.1	ASM972879v1
Staphylococcus aureus	GCF_021249285.1	ASM2124928v1
Escherichia coli	GCF_002846135.1	ASM284613v1
Listeria monocytogenes	GCF_030168065.1	ASM3016806v1
Escherichia coli	GCF_037622475.1	ASM3762247v1
Staphylococcus aureus	GCF_038430005.1	ASM3843000v1
Escherichia coli	GCF_003019075.1	ASM301907v1
Salmonella enterica	GCF_004848885.1	ASM484888v1
Salmonella enterica	GCF_020715485.1	ASM2071548v1
Bacillus subtilis	GCF_037755145.1	ASM3775514v1
Escherichia coli	GCF_025399095.1	ASM2539909v1
Staphylococcus aureus	GCF_038429865.1	ASM3842986v1
Pseudomonas aeruginosa	GCF_022811805.1	ASM2281180v1
Salmonella enterica	GCF_000626215.1	ASM62621v1
Staphylococcus aureus	GCF_020388155.1	ASM2038815v1
Escherichia coli	GCF_003018035.1	ASM301803v1
Escherichia coli	GCF_001566335.1	ASM156633v1
Listeria monocytogenes	GCF_002843525.1	ASM284352v1
Pseudomonas aeruginosa	GCF_021497345.2	ASM2149734v2
Salmonella enterica	GCF_000750215.1	ASM75021v1
Escherichia coli	GCF_016942635.1	ASM1694263v1
Escherichia coli	GCF_036496705.1	ASM3649670v1
Salmonella enterica	GCF_009497835.1	ASM949783v1
Salmonella enterica	GCF_012051245.1	ASM1205124v1
Escherichia coli	GCF_036508395.1	ASM3650839v1
Enterococcus faecalis	GCF_036264895.1	ASM3626489v1
Escherichia coli	GCF_018361365.1	ASM1836136v1
Staphylococcus aureus	GCF_020389005.1	ASM2038900v1
Escherichia coli	GCF_016432785.1	ASM1643278v1
Escherichia coli	GCF_037287395.1	ASM3728739v1
Escherichia coli	GCF_016776245.1	ASM1677624v1
Staphylococcus aureus	GCF_025560805.1	ASM2556080v1
Bacillus subtilis	GCF_030053655.1	ASM3005365v1
Escherichia coli	GCF_013167495.1	ASM1316749v1
Pseudomonas aeruginosa	GCF_021460035.1	ASM2146003v1
Staphylococcus aureus	GCF_001183705.3	ASM118370v3
Pseudomonas aeruginosa	GCF_016925475.1	ASM1692547v1
Salmonella enterica	GCF_003325155.1	ASM332515v1
Staphylococcus aureus	GCF_004136655.1	ASM413665v1
Pseudomonas aeruginosa	GCF_033108345.1	ASM3310834v1
Escherichia coli	GCF_037081985.1	ASM3708198v1
Staphylococcus aureus	GCF_000382965.1	ASM38296v1
Escherichia coli	GCF_014058445.2	ASM1405844v2
Escherichia coli	GCF_030708215.1	ASM3070821v1
Escherichia coli	GCF_014168775.1	ASM1416877v1
Staphylococcus aureus	GCF_039830175.1	CUBIST-50
Escherichia coli	GCF_030388645.1	ASM3038864v1
Salmonella enterica	GCF_032465775.1	ASM3246577v1
Escherichia coli	GCF_001021615.1	APECO18
Salmonella enterica	GCF_019890995.1	ASM1989099v1
Salmonella enterica	GCF_022655665.1	ASM2265566v1
Listeria monocytogenes	GCF_024399455.1	ASM2439945v1
Salmonella enterica	GCF_002946675.1	ASM294667v1
Listeria monocytogenes	GCF_003031895.1	ASM303189v1
Bacillus subtilis	GCF_000789295.1	ASM78929v1
Salmonella enterica	GCF_003717115.1	ASM371711v1
Escherichia coli	GCF_030413845.1	ASM3041384v1
Staphylococcus aureus	GCF_022226975.1	ASM2222697v1
Bacillus subtilis	GCF_040819565.1	ASM4081956v1
Staphylococcus aureus	GCF_001296985.1	ASM129698v1
Pseudomonas aeruginosa	GCF_019434235.1	ASM1943423v1
Staphylococcus aureus	GCF_022405185.1	ASM2240518v1
Listeria monocytogenes	GCF_000168635.2	ASM16863v2
Escherichia coli	GCF_030296175.1	ASM3029617v1
Staphylococcus aureus	GCF_029634785.1	ASM2963478v1
Escherichia coli	GCF_032367395.1	ASM3236739v1
Staphylococcus aureus	GCF_015767495.1	ASM1576749v1
Escherichia coli	GCF_009664455.1	ASM966445v1
Escherichia coli	GCF_004299805.1	ASM429980v1
Escherichia coli	GCF_029635885.1	ASM2963588v1
Escherichia coli	GCF_030012625.1	ASM3001262v1
Escherichia coli	GCF_014863685.1	ASM1486368v1
Escherichia coli	GCF_016780725.1	ASM1678072v1
Escherichia coli	GCF_037543765.1	ASM3754376v1
Enterococcus faecalis	GCF_003345275.1	ASM334527v1
Pseudomonas aeruginosa	GCF_031221745.1	ASM3122174v1
Enterococcus faecalis	GCF_906464865.1	WE0438
Salmonella enterica	GCF_002761035.1	ASM276103v1
Escherichia coli	GCF_014705965.1	ASM1470596v1
Pseudomonas aeruginosa	GCF_021513475.1	ASM2151347v1
Escherichia coli	GCF_001750845.1	ASM175084v1
Salmonella enterica	GCF_002760915.1	ASM276091v1
Staphylococcus aureus	GCF_001558795.2	ASM155879v2
Escherichia coli	GCF_004804205.1	ASM480420v1
Escherichia coli	GCF_000829985.1	ASM82998v1
Escherichia coli	GCF_020827635.1	ASM2082763v1
Staphylococcus aureus	GCF_030533605.1	ASM3053360v1
Escherichia coli	GCF_002860105.1	ASM286010v1
Staphylococcus aureus	GCF_037217645.1	BSN97
Staphylococcus aureus	GCF_034015615.1	ASM3401561v1
Escherichia coli	GCF_013168095.1	ASM1316809v1
Escherichia coli	GCF_003991155.1	ASM399115v1
Escherichia coli	GCF_900635185.1	39038_C01
Salmonella enterica	GCF_011466275.1	ASM1146627v1
Salmonella enterica	GCF_004923395.1	ASM492339v1
Escherichia coli	GCF_030162195.2	ASM3016219v2
Salmonella enterica	GCF_028893355.1	ASM2889335v1
Staphylococcus aureus	GCF_020388195.1	ASM2038819v1
Escherichia coli	GCF_022559005.1	ASM2255900v1
Escherichia coli	GCF_040616285.1	EC554-PBR
Pseudomonas aeruginosa	GCF_002237405.1	ASM223740v1
Escherichia coli	GCF_013694345.1	ASM1369434v1
Escherichia coli	GCF_016776225.1	ASM1677622v1
Pseudomonas aeruginosa	GCF_036237115.1	ASM3623711v1
Escherichia coli	GCF_003287245.1	ASM328724v1
Bacillus subtilis	GCF_003610955.1	ASM361095v1
Salmonella enterica	GCF_003231095.1	ASM323109v1
Escherichia coli	GCF_017639005.1	ASM1763900v1
Escherichia coli	GCF_036495745.1	ASM3649574v1
Listeria monocytogenes	GCF_018336775.1	ASM1833677v1
Escherichia coli	GCF_002953015.1	ASM295301v1
Salmonella enterica	GCF_003902395.1	ASM390239v2
Listeria monocytogenes	GCF_030730825.2	ASM3073082v2
Escherichia coli	GCF_028473865.1	ASM2847386v1
Escherichia coli	GCF_020526785.2	ASM2052678v2
Staphylococcus aureus	GCF_003354585.1	ASM335458v1
Pseudomonas aeruginosa	GCF_009905195.1	ASM990519v1
Salmonella enterica	GCF_001629755.1	ASM162975v1
Staphylococcus aureus	GCF_013467165.1	ASM1346716v1
Escherichia coli	GCF_016776005.1	ASM1677600v1
Escherichia coli	GCF_017088405.1	ASM1708840v1
Escherichia coli	GCF_016942595.1	ASM1694259v1
Staphylococcus aureus	GCF_020388115.1	ASM2038811v1
Salmonella enterica	GCF_034259085.1	ASM3425908v1
Listeria monocytogenes	GCF_001596775.2	ASM159677v2
Salmonella enterica	GCF_001713515.2	ASM171351v2
Salmonella enterica	GCF_003324995.1	ASM332499v1
Staphylococcus aureus	GCF_022404595.1	ASM2240459v1
Escherichia coli	GCF_030296215.1	ASM3029621v1
Escherichia coli	GCF_900096845.1	Ecoli_AG100_Sample3_M9_Assembly
Escherichia coli	GCF_034643695.1	ASM3464369v1
Escherichia coli	GCF_008124425.1	ASM812442v1
Escherichia coli	GCF_026506395.1	ASM2650639v1
Escherichia coli	GCF_016889685.1	ASM1688968v1
Listeria monocytogenes	GCF_014334275.1	ASM1433427v1
Salmonella enterica	GCF_004919385.1	ASM491938v1
Staphylococcus aureus	GCF_031190615.1	ASM3119061v1
Escherichia coli	GCF_949786325.1	EC0026B_C
Bacillus subtilis	GCF_023078435.1	ASM2307843v1
Escherichia coli	GCF_022559875.1	ASM2255987v1
Salmonella enterica	GCF_024266225.1	ASM2426622v1
Staphylococcus aureus	GCF_900323965.1	1549-SCV
Escherichia coli	GCF_036495405.1	ASM3649540v1
Escherichia coli	GCF_018884545.1	ASM1888454v1
Pseudomonas aeruginosa	GCF_028622015.1	ASM2862201v1
Enterococcus faecalis	GCF_025958325.1	ASM2595832v1
Enterococcus faecalis	GCF_000211255.2	ASM21125v2
Bacillus subtilis	GCF_009857115.1	ASM985711v1
Salmonella enterica	GCF_019339465.1	ASM1933946v1
Staphylococcus aureus	GCF_019551035.1	ASM1955103v1
Staphylococcus aureus	GCF_034042875.1	ASM3404287v1
Escherichia coli	GCF_015571955.1	ASM1557195v1
Escherichia coli	GCF_030036895.1	ASM3003689v1
Escherichia coli	GCF_032375165.1	ASM3237516v1
Escherichia coli	GCF_000025745.1	ASM2574v1
Bacillus subtilis	GCF_001746575.1	ASM174657v1
Escherichia coli	GCF_000227625.1	ASM22762v1
Staphylococcus aureus	GCF_013307065.1	ASM1330706v1
Salmonella enterica	GCF_028893095.1	ASM2889309v1
Salmonella enterica	GCF_012530215.1	ASM1253021v1
Salmonella enterica	GCF_037837055.1	ASM3783705v1
Pseudomonas aeruginosa	GCF_030122095.1	ASM3012209v1
Escherichia coli	GCF_011045475.1	ASM1104547v1
Pseudomonas aeruginosa	GCF_021166315.2	ASM2116631v2
Bacillus subtilis	GCF_000952895.1	BS34ACh
Enterococcus faecalis	GCF_003966405.1	ASM396640v1
Escherichia coli	GCF_004135815.1	ASM413581v1
Staphylococcus aureus	GCF_025559265.1	ASM2555926v1
Listeria monocytogenes	GCF_002105715.1	ASM210571v1
Salmonella enterica	GCF_002208195.1	ASM220819v1
Staphylococcus aureus	GCF_900324365.1	19_LA_388
Escherichia coli	GCF_008124165.1	ASM812416v1
Escherichia coli	GCF_013167535.1	ASM1316753v1
Staphylococcus aureus	GCF_020388295.1	ASM2038829v1
Pseudomonas aeruginosa	GCF_032252955.1	ASM3225295v1
Salmonella enterica	GCF_003571625.1	ASM357162v1
Salmonella enterica	GCF_024266285.1	ASM2426628v1
Escherichia coli	GCF_005222305.1	ASM522230v1
Listeria monocytogenes	GCF_002213725.1	ASM221372v1
Salmonella enterica	GCF_011466075.1	ASM1146607v1
Pseudomonas aeruginosa	GCF_036418125.1	ASM3641812v1
Escherichia coli	GCF_002953855.1	ASM295385v1
Salmonella enterica	GCF_013377355.1	ASM1337735v1
Escherichia coli	GCF_027944675.1	ASM2794467v1
Salmonella enterica	GCF_000486815.2	ASM48681v2
Bacillus subtilis	GCF_009913395.1	ASM991339v1
Staphylococcus aureus	GCF_022406435.1	ASM2240643v1
Staphylococcus aureus	GCF_900607275.1	BPH2070
Salmonella enterica	GCF_023848615.1	ASM2384861v1
Escherichia coli	GCF_004358985.1	ASM435898v1
Enterococcus faecalis	GCF_040586835.1	ASM4058683v1
Salmonella enterica	GCF_030505895.1	ASM3050589v1
Pseudomonas aeruginosa	GCF_900185255.1	NN2
Escherichia coli	GCF_008124225.1	ASM812422v1
Escherichia coli	GCF_002953835.1	ASM295383v1
Staphylococcus aureus	GCF_023657555.1	ASM2365755v1
Escherichia coli	GCF_014962565.1	ASM1496256v1
Staphylococcus aureus	GCF_002000665.1	ASM200066v1
Salmonella enterica	GCF_002119485.1	ASM211948v1
Pseudomonas aeruginosa	GCF_019857445.1	ASM1985744v1
Bacillus subtilis	GCF_040571395.1	TIED-AE6A
Salmonella enterica	GCF_037829915.1	ASM3782991v1
Salmonella enterica	GCF_024266875.1	ASM2426687v1
Staphylococcus aureus	GCF_000695215.1	ASM69521v1
Staphylococcus aureus	GCF_030644145.1	ASM3064414v1
Listeria monocytogenes	GCF_018604185.1	ASM1860418v1
Escherichia coli	GCF_013167375.1	ASM1316737v1
Salmonella enterica	GCF_001134605.2	10541_2_31
Escherichia coli	GCF_025946565.1	ASM2594656v1
Escherichia coli	GCF_019599065.1	ASM1959906v1
Salmonella enterica	GCF_014334255.1	ASM1433425v1
Escherichia coli	GCF_040267575.1	MRSN914033
Escherichia coli	GCF_024918415.1	ASM2491841v1
Listeria monocytogenes	GCF_001027165.1	ASM102716v1
Escherichia coli	GCF_016776045.1	ASM1677604v1
Escherichia coli	GCF_014904145.2	ASM1490414v2
Escherichia coli	GCF_018255835.1	ASM1825583v1
